/home/ishirgarg/miniconda3/envs/jaxgcrl/lib/python3.10/site-packages/pydantic/_internal/_generate_schema.py:2249: UnsupportedFieldAttributeWarning: The 'repr' attribute with value False was provided to the `Field()` function, which has no effect in the context it was used. 'repr' is field-specific metadata, and can only be attached to a model field using `Annotated` metadata or by assignment. This may have happened because an `Annotated` type alias using the `type` statement was used, or if the `Field()` function was attached to a single member of a union type.
  warnings.warn(
/home/ishirgarg/miniconda3/envs/jaxgcrl/lib/python3.10/site-packages/pydantic/_internal/_generate_schema.py:2249: UnsupportedFieldAttributeWarning: The 'frozen' attribute with value True was provided to the `Field()` function, which has no effect in the context it was used. 'frozen' is field-specific metadata, and can only be attached to a model field using `Annotated` metadata or by assignment. This may have happened because an `Annotated` type alias using the `type` statement was used, or if the `Field()` function was attached to a single member of a union type.
  warnings.warn(
Gym has been unmaintained since 2022 and does not support NumPy 2.0 amongst other critical functionality.
Please upgrade to Gymnasium, the maintained drop-in replacement of Gym, or contact the authors of your software and request that they upgrade.
Users of this version of Gym should be able to simply replace 'import gym' with 'import gymnasium as gym' in the vast majority of cases.
See the migration guide at https://gymnasium.farama.org/introduction/migration_guide/ for additional information.
2025-11-20 20:52:07 INFO    |  Arguments:
{'action_repeat': 1,
 'adaptive_mixing_momentum': 0.0,
 'adaptive_mixing_warmup_steps': 0,
 'agent': 'CRL',
 'alpha_lr': 0.0003,
 'backend': None,
 'batch_size': 256,
 'checkpoint_logdir': None,
 'contrastive_loss_fn': 'fwd_infonce',
 'critic_lr': 0.0003,
 'cuda': True,
 'disable_entropy_actor': False,
 'discounting': 0.99,
 'energy_fn': 'norm',
 'env': 'ant_u_maze',
 'episode_length': 1001,
 'eval_env': None,
 'exp_name': 'run',
 'goal_proposal_prob': 0.25,
 'goal_proposal_warmup_steps': 0,
 'goal_proposer_name': 'replay_buffer',
 'goal_selection_percentile': 0.5,
 'h_dim': 256,
 'interpolate_to_env_goals': False,
 'log_wandb': True,
 'logsumexp_penalty_coeff': 0.1,
 'max_devices_per_host': 1,
 'max_replay_size': 10000,
 'min_replay_size': 1000,
 'n_hidden': 2,
 'num_envs': 256,
 'num_eval_envs': 256,
 'num_evals': 200,
 'policy_lr': 0.0003,
 'repr_dim': 64,
 'seed': 0,
 'skip_connections': 4,
 'total_env_steps': 100000000,
 'train_step_multiplier': 1,
 'unroll_length': 62,
 'use_adaptive_mixing': False,
 'use_ln': False,
 'use_relu': False,
 'utd_ratio': 0.06306703629032258,
 'vis_length': 1000,
 'visualization_interval': 5,
 'wandb_group': '.',
 'wandb_mode': 'online',
 'wandb_project_name': 'jaxgcrl'}
wandb: Currently logged in as: ishirgarg (ishirgarg-university-of-california-berkeley) to https://api.wandb.ai. Use `wandb login --relogin` to force relogin
wandb: setting up run skyg97wi
wandb: Tracking run with wandb version 0.22.2
wandb: Run data is saved locally in /home/ishirgarg/JaxGCRL/wandb/run-20251120_205207-skyg97wi
wandb: Run `wandb offline` to turn off syncing.
wandb: Syncing run run
wandb: ⭐️ View project at https://wandb.ai/ishirgarg-university-of-california-berkeley/jaxgcrl
wandb: 🚀 View run at https://wandb.ai/ishirgarg-university-of-california-berkeley/jaxgcrl/runs/skyg97wi
2025-11-20 20:52:09 INFO    |  Unable to initialize backend 'rocm': NOT_FOUND: Could not find registered platform with name: "rocm". Available platform names are: CUDA
2025-11-20 20:52:09 INFO    |  Unable to initialize backend 'tpu': INTERNAL: Failed to open libtpu.so: libtpu.so: cannot open shared object file: No such file or directory
[32m20:52:11 INFO: This is wandb-osh v1.2.2 using communication directory /home/ishirgarg/.wandb_osh_command_dir[0m
2025-11-20 20:52:11 INFO    |  This is wandb-osh v1.2.2 using communication directory /home/ishirgarg/.wandb_osh_command_dir
2025-11-20 20:52:11 INFO    |  Num env: 256
2025-11-20 20:52:11 INFO    |  num_prefill_env_steps: 256000
2025-11-20 20:52:11 INFO    |  num_prefill_actor_steps: 17
2025-11-20 20:52:11 INFO    |  num_training_steps_per_epoch: 31
2025-11-20 20:52:18 INFO    |  actor input shape: (1, 31)
2025-11-20 20:52:19 INFO    |  encoder input shape: (1, 37)
2025-11-20 20:52:19 INFO    |  encoder input shape: (1, 2)
2025-11-20 20:52:19 INFO    |  actor input shape: (256, 31)
2025-11-20 20:52:33 INFO    |  starting training....
2025-11-20 20:52:33 INFO    |  actor input shape: (256, 31)
2025-11-20 20:52:34 INFO    |  actor input shape: (256, 31)
2025-11-20 20:52:34 INFO    |  encoder input shape: (256, 37)
2025-11-20 20:52:34 INFO    |  encoder input shape: (256, 2)
2025-11-20 20:52:34 INFO    |  actor input shape: (1, 31)
2025-11-20 20:52:34 INFO    |  encoder input shape: (1, 37)
2025-11-20 20:52:34 INFO    |  encoder input shape: (1, 2)
2025-11-20 20:52:34 INFO    |  encoder input shape: (256, 37)
2025-11-20 20:52:34 INFO    |  encoder input shape: (256, 2)
2025-11-20 20:53:19 INFO    |  actor input shape: (10000, 31)
2025-11-20 20:53:19 INFO    |  encoder input shape: (10000, 37)
2025-11-20 20:53:19 INFO    |  encoder input shape: (10000, 2)
2025-11-20 20:53:20 INFO    |  actor input shape: (10000, 31)
2025-11-20 20:53:20 INFO    |  encoder input shape: (10000, 37)
2025-11-20 20:53:20 INFO    |  encoder input shape: (10000, 2)
2025-11-20 20:53:20 INFO    |  actor input shape: (10000, 31)
2025-11-20 20:53:20 INFO    |  encoder input shape: (10000, 37)
2025-11-20 20:53:20 INFO    |  encoder input shape: (10000, 2)
2025-11-20 20:53:20 INFO    |  Plotted visualizations at env step 761856.0
2025-11-20 20:53:20 INFO    |  actor input shape: (256, 31)
2025-11-20 20:53:35 INFO    |  step: 761856
2025-11-20 20:53:37 INFO    |  actor input shape: (1, 31)
2025-11-20 20:54:03 INFO    |  step: 761856, training/sps: 10352.778 +/- 0.000
2025-11-20 20:54:03 INFO    |  step: 761856, training/actor_loss: 2.967 +/- 0.000
2025-11-20 20:54:03 INFO    |  step: 761856, training/adaptive_mixing_raw: 0.172 +/- 0.000
2025-11-20 20:54:03 INFO    |  step: 761856, training/adaptive_mixing_smoothed: 0.172 +/- 0.000
2025-11-20 20:54:03 INFO    |  step: 761856, training/alpha_loss: 1.197 +/- 0.000
2025-11-20 20:54:03 INFO    |  step: 761856, training/critic_loss: 3.948 +/- 0.000
2025-11-20 20:54:03 INFO    |  step: 761856, training/entropy: 1.353 +/- 0.000
2025-11-20 20:54:03 INFO    |  step: 761856, training/env_grad_mean_norm: 1.002 +/- 0.000
2025-11-20 20:54:03 INFO    |  step: 761856, training/env_grad_trvar: 93.182 +/- 0.000
2025-11-20 20:54:03 INFO    |  step: 761856, training/env_rb_bias_squared: 1.948 +/- 0.000
2025-11-20 20:54:03 INFO    |  step: 761856, training/log_alpha: -3.233 +/- 0.000
2025-11-20 20:54:03 INFO    |  step: 761856, training/num_env_samples: 192.707 +/- 0.000
2025-11-20 20:54:03 INFO    |  step: 761856, training/num_rb_samples: 63.293 +/- 0.000
2025-11-20 20:54:03 INFO    |  step: 761856, training/rb_grad_mean_norm: 1.271 +/- 0.000
2025-11-20 20:54:03 INFO    |  step: 761856, training/rb_grad_trvar: 88.139 +/- 0.000
2025-11-20 20:54:03 INFO    |  step: 761856, eval/episode_reward: 0.000 +/- 0.000
2025-11-20 20:54:03 INFO    |  step: 761856, eval/episode_success: 0.000 +/- 0.000
2025-11-20 20:54:03 INFO    |  step: 761856, eval/episode_success_easy: 0.664 +/- 0.000
2025-11-20 20:54:03 INFO    |  step: 761856, eval/episode_dist: 5969.443 +/- 0.000
2025-11-20 20:54:03 INFO    |  step: 761856, eval/episode_success_any: 0.000 +/- 0.000
2025-11-20 20:54:03 INFO    |  step: 761856, eval/episode_reward_ctrl: 0.000 +/- 0.000
2025-11-20 20:54:03 INFO    |  step: 761856, eval/episode_reward_dist: 0.000 +/- 0.000
2025-11-20 20:54:03 INFO    |  step: 761856, eval/episode_reward_near: 0.000 +/- 0.000
2025-11-20 20:54:03 INFO    |  step: 761856, eval/episode_reward_survive: 0.000 +/- 0.000
2025-11-20 20:54:03 INFO    |  step: 761856, eval/episode_success_hard: 0.000 +/- 0.000
2025-11-20 20:54:03 INFO    |  actor input shape: (256, 31)
2025-11-20 20:54:03 INFO    |  actor input shape: (256, 31)
2025-11-20 20:54:03 INFO    |  encoder input shape: (256, 37)
2025-11-20 20:54:03 INFO    |  encoder input shape: (256, 2)
2025-11-20 20:54:03 INFO    |  actor input shape: (1, 31)
2025-11-20 20:54:03 INFO    |  encoder input shape: (1, 37)
2025-11-20 20:54:03 INFO    |  encoder input shape: (1, 2)
2025-11-20 20:54:03 INFO    |  encoder input shape: (256, 37)
2025-11-20 20:54:03 INFO    |  encoder input shape: (256, 2)
2025-11-20 20:54:46 INFO    |  actor input shape: (10000, 31)
2025-11-20 20:54:46 INFO    |  encoder input shape: (10000, 37)
2025-11-20 20:54:46 INFO    |  encoder input shape: (10000, 2)
2025-11-20 20:54:47 INFO    |  actor input shape: (10000, 31)
2025-11-20 20:54:47 INFO    |  encoder input shape: (10000, 37)
2025-11-20 20:54:47 INFO    |  encoder input shape: (10000, 2)
2025-11-20 20:54:47 INFO    |  actor input shape: (10000, 31)
2025-11-20 20:54:47 INFO    |  encoder input shape: (10000, 37)
2025-11-20 20:54:47 INFO    |  encoder input shape: (10000, 2)
2025-11-20 20:54:47 INFO    |  Plotted visualizations at env step 1253888.0
2025-11-20 20:54:52 INFO    |  step: 1253888
2025-11-20 20:54:52 INFO    |  step: 1253888, training/sps: 11182.472 +/- 0.000
2025-11-20 20:54:52 INFO    |  step: 1253888, training/actor_loss: 3.814 +/- 0.000
2025-11-20 20:54:52 INFO    |  step: 1253888, training/adaptive_mixing_raw: 0.538 +/- 0.000
2025-11-20 20:54:52 INFO    |  step: 1253888, training/adaptive_mixing_smoothed: 0.538 +/- 0.000
2025-11-20 20:54:52 INFO    |  step: 1253888, training/alpha_loss: -0.000 +/- 0.000
2025-11-20 20:54:52 INFO    |  step: 1253888, training/critic_loss: 4.099 +/- 0.000
2025-11-20 20:54:52 INFO    |  step: 1253888, training/entropy: -4.001 +/- 0.000
2025-11-20 20:54:52 INFO    |  step: 1253888, training/env_grad_mean_norm: 0.628 +/- 0.000
2025-11-20 20:54:52 INFO    |  step: 1253888, training/env_grad_trvar: 32.275 +/- 0.000
2025-11-20 20:54:52 INFO    |  step: 1253888, training/env_rb_bias_squared: 0.661 +/- 0.000
2025-11-20 20:54:52 INFO    |  step: 1253888, training/log_alpha: -5.065 +/- 0.000
2025-11-20 20:54:52 INFO    |  step: 1253888, training/num_env_samples: 192.627 +/- 0.000
2025-11-20 20:54:52 INFO    |  step: 1253888, training/num_rb_samples: 63.373 +/- 0.000
2025-11-20 20:54:52 INFO    |  step: 1253888, training/rb_grad_mean_norm: 0.819 +/- 0.000
2025-11-20 20:54:52 INFO    |  step: 1253888, training/rb_grad_trvar: 29.538 +/- 0.000
2025-11-20 20:54:52 INFO    |  step: 1253888, eval/episode_reward: 0.000 +/- 0.000
2025-11-20 20:54:52 INFO    |  step: 1253888, eval/episode_success: 0.000 +/- 0.000
2025-11-20 20:54:52 INFO    |  step: 1253888, eval/episode_success_easy: 6.035 +/- 0.000
2025-11-20 20:54:52 INFO    |  step: 1253888, eval/episode_dist: 8158.744 +/- 0.000
2025-11-20 20:54:52 INFO    |  step: 1253888, eval/episode_success_any: 0.000 +/- 0.000
2025-11-20 20:54:52 INFO    |  step: 1253888, eval/episode_reward_ctrl: 0.000 +/- 0.000
2025-11-20 20:54:52 INFO    |  step: 1253888, eval/episode_reward_dist: 0.000 +/- 0.000
2025-11-20 20:54:52 INFO    |  step: 1253888, eval/episode_reward_near: 0.000 +/- 0.000
2025-11-20 20:54:52 INFO    |  step: 1253888, eval/episode_reward_survive: 0.000 +/- 0.000
2025-11-20 20:54:52 INFO    |  step: 1253888, eval/episode_success_hard: 0.000 +/- 0.000
2025-11-20 20:55:29 INFO    |  actor input shape: (10000, 31)
2025-11-20 20:55:29 INFO    |  encoder input shape: (10000, 37)
2025-11-20 20:55:29 INFO    |  encoder input shape: (10000, 2)
2025-11-20 20:55:29 INFO    |  actor input shape: (10000, 31)
2025-11-20 20:55:29 INFO    |  encoder input shape: (10000, 37)
2025-11-20 20:55:29 INFO    |  encoder input shape: (10000, 2)
2025-11-20 20:55:30 INFO    |  actor input shape: (10000, 31)
2025-11-20 20:55:30 INFO    |  encoder input shape: (10000, 37)
2025-11-20 20:55:30 INFO    |  encoder input shape: (10000, 2)
2025-11-20 20:55:30 INFO    |  Plotted visualizations at env step 1745920.0
2025-11-20 20:55:35 INFO    |  step: 1745920
2025-11-20 20:55:35 INFO    |  step: 1745920, training/sps: 12961.309 +/- 0.000
2025-11-20 20:55:35 INFO    |  step: 1745920, training/actor_loss: 3.918 +/- 0.000
2025-11-20 20:55:35 INFO    |  step: 1745920, training/adaptive_mixing_raw: 0.386 +/- 0.000
2025-11-20 20:55:35 INFO    |  step: 1745920, training/adaptive_mixing_smoothed: 0.386 +/- 0.000
2025-11-20 20:55:35 INFO    |  step: 1745920, training/alpha_loss: 0.000 +/- 0.000
2025-11-20 20:55:35 INFO    |  step: 1745920, training/critic_loss: 4.157 +/- 0.000
2025-11-20 20:55:35 INFO    |  step: 1745920, training/entropy: -3.998 +/- 0.000
2025-11-20 20:55:35 INFO    |  step: 1745920, training/env_grad_mean_norm: 0.484 +/- 0.000
2025-11-20 20:55:35 INFO    |  step: 1745920, training/env_grad_trvar: 30.865 +/- 0.000
2025-11-20 20:55:35 INFO    |  step: 1745920, training/env_rb_bias_squared: 0.616 +/- 0.000
2025-11-20 20:55:35 INFO    |  step: 1745920, training/log_alpha: -5.096 +/- 0.000
2025-11-20 20:55:35 INFO    |  step: 1745920, training/num_env_samples: 191.683 +/- 0.000
2025-11-20 20:55:35 INFO    |  step: 1745920, training/num_rb_samples: 64.317 +/- 0.000
2025-11-20 20:55:35 INFO    |  step: 1745920, training/rb_grad_mean_norm: 0.710 +/- 0.000
2025-11-20 20:55:35 INFO    |  step: 1745920, training/rb_grad_trvar: 27.991 +/- 0.000
2025-11-20 20:55:35 INFO    |  step: 1745920, eval/episode_reward: 2.922 +/- 0.000
2025-11-20 20:55:35 INFO    |  step: 1745920, eval/episode_success: 2.922 +/- 0.000
2025-11-20 20:55:35 INFO    |  step: 1745920, eval/episode_success_easy: 42.277 +/- 0.000
2025-11-20 20:55:35 INFO    |  step: 1745920, eval/episode_dist: 5974.328 +/- 0.000
2025-11-20 20:55:35 INFO    |  step: 1745920, eval/episode_success_any: 0.012 +/- 0.000
2025-11-20 20:55:35 INFO    |  step: 1745920, eval/episode_reward_ctrl: 0.000 +/- 0.000
2025-11-20 20:55:35 INFO    |  step: 1745920, eval/episode_reward_dist: 0.000 +/- 0.000
2025-11-20 20:55:35 INFO    |  step: 1745920, eval/episode_reward_near: 0.000 +/- 0.000
2025-11-20 20:55:35 INFO    |  step: 1745920, eval/episode_reward_survive: 0.000 +/- 0.000
2025-11-20 20:55:35 INFO    |  step: 1745920, eval/episode_success_hard: 0.000 +/- 0.000
2025-11-20 20:56:13 INFO    |  actor input shape: (10000, 31)
2025-11-20 20:56:13 INFO    |  encoder input shape: (10000, 37)
2025-11-20 20:56:13 INFO    |  encoder input shape: (10000, 2)
2025-11-20 20:56:13 INFO    |  actor input shape: (10000, 31)
2025-11-20 20:56:13 INFO    |  encoder input shape: (10000, 37)
2025-11-20 20:56:13 INFO    |  encoder input shape: (10000, 2)
2025-11-20 20:56:14 INFO    |  actor input shape: (10000, 31)
2025-11-20 20:56:14 INFO    |  encoder input shape: (10000, 37)
2025-11-20 20:56:14 INFO    |  encoder input shape: (10000, 2)
2025-11-20 20:56:14 INFO    |  Plotted visualizations at env step 2237952.0
2025-11-20 20:56:19 INFO    |  step: 2237952
2025-11-20 20:56:19 INFO    |  step: 2237952, training/sps: 12563.956 +/- 0.000
2025-11-20 20:56:19 INFO    |  step: 2237952, training/actor_loss: 3.899 +/- 0.000
2025-11-20 20:56:19 INFO    |  step: 2237952, training/adaptive_mixing_raw: 0.334 +/- 0.000
2025-11-20 20:56:19 INFO    |  step: 2237952, training/adaptive_mixing_smoothed: 0.334 +/- 0.000
2025-11-20 20:56:19 INFO    |  step: 2237952, training/alpha_loss: 0.000 +/- 0.000
2025-11-20 20:56:19 INFO    |  step: 2237952, training/critic_loss: 4.135 +/- 0.000
2025-11-20 20:56:19 INFO    |  step: 2237952, training/entropy: -4.000 +/- 0.000
2025-11-20 20:56:19 INFO    |  step: 2237952, training/env_grad_mean_norm: 0.469 +/- 0.000
2025-11-20 20:56:19 INFO    |  step: 2237952, training/env_grad_trvar: 32.711 +/- 0.000
2025-11-20 20:56:19 INFO    |  step: 2237952, training/env_rb_bias_squared: 0.656 +/- 0.000
2025-11-20 20:56:19 INFO    |  step: 2237952, training/log_alpha: -5.081 +/- 0.000
2025-11-20 20:56:19 INFO    |  step: 2237952, training/num_env_samples: 191.874 +/- 0.000
2025-11-20 20:56:19 INFO    |  step: 2237952, training/num_rb_samples: 64.126 +/- 0.000
2025-11-20 20:56:19 INFO    |  step: 2237952, training/rb_grad_mean_norm: 0.715 +/- 0.000
2025-11-20 20:56:19 INFO    |  step: 2237952, training/rb_grad_trvar: 29.852 +/- 0.000
2025-11-20 20:56:19 INFO    |  step: 2237952, eval/episode_reward: 5.836 +/- 0.000
2025-11-20 20:56:19 INFO    |  step: 2237952, eval/episode_success: 5.836 +/- 0.000
2025-11-20 20:56:19 INFO    |  step: 2237952, eval/episode_success_easy: 67.551 +/- 0.000
2025-11-20 20:56:19 INFO    |  step: 2237952, eval/episode_dist: 3383.158 +/- 0.000
2025-11-20 20:56:19 INFO    |  step: 2237952, eval/episode_success_any: 0.020 +/- 0.000
2025-11-20 20:56:19 INFO    |  step: 2237952, eval/episode_reward_ctrl: 0.000 +/- 0.000
2025-11-20 20:56:19 INFO    |  step: 2237952, eval/episode_reward_dist: 0.000 +/- 0.000
2025-11-20 20:56:19 INFO    |  step: 2237952, eval/episode_reward_near: 0.000 +/- 0.000
2025-11-20 20:56:19 INFO    |  step: 2237952, eval/episode_reward_survive: 0.000 +/- 0.000
2025-11-20 20:56:19 INFO    |  step: 2237952, eval/episode_success_hard: 0.000 +/- 0.000
2025-11-20 20:56:58 INFO    |  actor input shape: (10000, 31)
2025-11-20 20:56:58 INFO    |  encoder input shape: (10000, 37)
2025-11-20 20:56:58 INFO    |  encoder input shape: (10000, 2)
2025-11-20 20:56:58 INFO    |  actor input shape: (10000, 31)
2025-11-20 20:56:58 INFO    |  encoder input shape: (10000, 37)
2025-11-20 20:56:58 INFO    |  encoder input shape: (10000, 2)
2025-11-20 20:56:58 INFO    |  actor input shape: (10000, 31)
2025-11-20 20:56:58 INFO    |  encoder input shape: (10000, 37)
2025-11-20 20:56:58 INFO    |  encoder input shape: (10000, 2)
2025-11-20 20:56:59 INFO    |  Plotted visualizations at env step 2729984.0
2025-11-20 20:57:03 INFO    |  step: 2729984
2025-11-20 20:57:03 INFO    |  step: 2729984, training/sps: 12349.014 +/- 0.000
2025-11-20 20:57:03 INFO    |  step: 2729984, training/actor_loss: 3.881 +/- 0.000
2025-11-20 20:57:03 INFO    |  step: 2729984, training/adaptive_mixing_raw: 0.394 +/- 0.000
2025-11-20 20:57:03 INFO    |  step: 2729984, training/adaptive_mixing_smoothed: 0.394 +/- 0.000
2025-11-20 20:57:03 INFO    |  step: 2729984, training/alpha_loss: -0.000 +/- 0.000
2025-11-20 20:57:03 INFO    |  step: 2729984, training/critic_loss: 4.119 +/- 0.000
2025-11-20 20:57:03 INFO    |  step: 2729984, training/entropy: -4.003 +/- 0.000
2025-11-20 20:57:03 INFO    |  step: 2729984, training/env_grad_mean_norm: 0.470 +/- 0.000
2025-11-20 20:57:03 INFO    |  step: 2729984, training/env_grad_trvar: 35.024 +/- 0.000
2025-11-20 20:57:03 INFO    |  step: 2729984, training/env_rb_bias_squared: 0.699 +/- 0.000
2025-11-20 20:57:03 INFO    |  step: 2729984, training/log_alpha: -5.020 +/- 0.000
2025-11-20 20:57:03 INFO    |  step: 2729984, training/num_env_samples: 191.326 +/- 0.000
2025-11-20 20:57:03 INFO    |  step: 2729984, training/num_rb_samples: 64.674 +/- 0.000
2025-11-20 20:57:03 INFO    |  step: 2729984, training/rb_grad_mean_norm: 0.730 +/- 0.000
2025-11-20 20:57:03 INFO    |  step: 2729984, training/rb_grad_trvar: 32.106 +/- 0.000
2025-11-20 20:57:03 INFO    |  step: 2729984, eval/episode_reward: 19.336 +/- 0.000
2025-11-20 20:57:03 INFO    |  step: 2729984, eval/episode_success: 19.336 +/- 0.000
2025-11-20 20:57:03 INFO    |  step: 2729984, eval/episode_success_easy: 101.539 +/- 0.000
2025-11-20 20:57:03 INFO    |  step: 2729984, eval/episode_dist: 4109.285 +/- 0.000
2025-11-20 20:57:03 INFO    |  step: 2729984, eval/episode_success_any: 0.059 +/- 0.000
2025-11-20 20:57:03 INFO    |  step: 2729984, eval/episode_reward_ctrl: 0.000 +/- 0.000
2025-11-20 20:57:03 INFO    |  step: 2729984, eval/episode_reward_dist: 0.000 +/- 0.000
2025-11-20 20:57:03 INFO    |  step: 2729984, eval/episode_reward_near: 0.000 +/- 0.000
2025-11-20 20:57:03 INFO    |  step: 2729984, eval/episode_reward_survive: 0.000 +/- 0.000
2025-11-20 20:57:03 INFO    |  step: 2729984, eval/episode_success_hard: 0.000 +/- 0.000
2025-11-20 20:57:44 INFO    |  actor input shape: (10000, 31)
2025-11-20 20:57:44 INFO    |  encoder input shape: (10000, 37)
2025-11-20 20:57:44 INFO    |  encoder input shape: (10000, 2)
2025-11-20 20:57:45 INFO    |  actor input shape: (10000, 31)
2025-11-20 20:57:45 INFO    |  encoder input shape: (10000, 37)
2025-11-20 20:57:45 INFO    |  encoder input shape: (10000, 2)
2025-11-20 20:57:45 INFO    |  actor input shape: (10000, 31)
2025-11-20 20:57:45 INFO    |  encoder input shape: (10000, 37)
2025-11-20 20:57:45 INFO    |  encoder input shape: (10000, 2)
2025-11-20 20:57:45 INFO    |  Plotted visualizations at env step 3222016.0
2025-11-20 20:57:50 INFO    |  step: 3222016
2025-11-20 20:57:52 INFO    |  actor input shape: (1, 31)
2025-11-20 20:58:26 INFO    |  step: 3222016, training/sps: 11771.936 +/- 0.000
2025-11-20 20:58:26 INFO    |  step: 3222016, training/actor_loss: 3.873 +/- 0.000
2025-11-20 20:58:26 INFO    |  step: 3222016, training/adaptive_mixing_raw: 0.304 +/- 0.000
2025-11-20 20:58:26 INFO    |  step: 3222016, training/adaptive_mixing_smoothed: 0.304 +/- 0.000
2025-11-20 20:58:26 INFO    |  step: 3222016, training/alpha_loss: -0.000 +/- 0.000
2025-11-20 20:58:26 INFO    |  step: 3222016, training/critic_loss: 4.125 +/- 0.000
2025-11-20 20:58:26 INFO    |  step: 3222016, training/entropy: -4.001 +/- 0.000
2025-11-20 20:58:26 INFO    |  step: 3222016, training/env_grad_mean_norm: 0.453 +/- 0.000
2025-11-20 20:58:26 INFO    |  step: 3222016, training/env_grad_trvar: 33.962 +/- 0.000
2025-11-20 20:58:26 INFO    |  step: 3222016, training/env_rb_bias_squared: 0.686 +/- 0.000
2025-11-20 20:58:26 INFO    |  step: 3222016, training/log_alpha: -4.958 +/- 0.000
2025-11-20 20:58:26 INFO    |  step: 3222016, training/num_env_samples: 191.752 +/- 0.000
2025-11-20 20:58:26 INFO    |  step: 3222016, training/num_rb_samples: 64.248 +/- 0.000
2025-11-20 20:58:26 INFO    |  step: 3222016, training/rb_grad_mean_norm: 0.717 +/- 0.000
2025-11-20 20:58:26 INFO    |  step: 3222016, training/rb_grad_trvar: 31.463 +/- 0.000
2025-11-20 20:58:26 INFO    |  step: 3222016, eval/episode_reward: 44.234 +/- 0.000
2025-11-20 20:58:26 INFO    |  step: 3222016, eval/episode_success: 44.234 +/- 0.000
2025-11-20 20:58:26 INFO    |  step: 3222016, eval/episode_success_easy: 148.113 +/- 0.000
2025-11-20 20:58:26 INFO    |  step: 3222016, eval/episode_dist: 5509.606 +/- 0.000
2025-11-20 20:58:26 INFO    |  step: 3222016, eval/episode_success_any: 0.117 +/- 0.000
2025-11-20 20:58:26 INFO    |  step: 3222016, eval/episode_reward_ctrl: 0.000 +/- 0.000
2025-11-20 20:58:26 INFO    |  step: 3222016, eval/episode_reward_dist: 0.000 +/- 0.000
2025-11-20 20:58:26 INFO    |  step: 3222016, eval/episode_reward_near: 0.000 +/- 0.000
2025-11-20 20:58:26 INFO    |  step: 3222016, eval/episode_reward_survive: 0.000 +/- 0.000
2025-11-20 20:58:26 INFO    |  step: 3222016, eval/episode_success_hard: 0.000 +/- 0.000
2025-11-20 20:59:06 INFO    |  actor input shape: (10000, 31)
2025-11-20 20:59:06 INFO    |  encoder input shape: (10000, 37)
2025-11-20 20:59:06 INFO    |  encoder input shape: (10000, 2)
2025-11-20 20:59:07 INFO    |  actor input shape: (10000, 31)
2025-11-20 20:59:07 INFO    |  encoder input shape: (10000, 37)
2025-11-20 20:59:07 INFO    |  encoder input shape: (10000, 2)
2025-11-20 20:59:07 INFO    |  actor input shape: (10000, 31)
2025-11-20 20:59:07 INFO    |  encoder input shape: (10000, 37)
2025-11-20 20:59:07 INFO    |  encoder input shape: (10000, 2)
2025-11-20 20:59:07 INFO    |  Plotted visualizations at env step 3714048.0
2025-11-20 20:59:12 INFO    |  step: 3714048
2025-11-20 20:59:12 INFO    |  step: 3714048, training/sps: 11945.584 +/- 0.000
2025-11-20 20:59:12 INFO    |  step: 3714048, training/actor_loss: 3.811 +/- 0.000
2025-11-20 20:59:12 INFO    |  step: 3714048, training/adaptive_mixing_raw: 0.387 +/- 0.000
2025-11-20 20:59:12 INFO    |  step: 3714048, training/adaptive_mixing_smoothed: 0.387 +/- 0.000
2025-11-20 20:59:12 INFO    |  step: 3714048, training/alpha_loss: -0.000 +/- 0.000
2025-11-20 20:59:12 INFO    |  step: 3714048, training/critic_loss: 4.083 +/- 0.000
2025-11-20 20:59:12 INFO    |  step: 3714048, training/entropy: -4.002 +/- 0.000
2025-11-20 20:59:12 INFO    |  step: 3714048, training/env_grad_mean_norm: 0.472 +/- 0.000
2025-11-20 20:59:12 INFO    |  step: 3714048, training/env_grad_trvar: 36.578 +/- 0.000
2025-11-20 20:59:12 INFO    |  step: 3714048, training/env_rb_bias_squared: 0.776 +/- 0.000
2025-11-20 20:59:12 INFO    |  step: 3714048, training/log_alpha: -4.907 +/- 0.000
2025-11-20 20:59:12 INFO    |  step: 3714048, training/num_env_samples: 192.561 +/- 0.000
2025-11-20 20:59:12 INFO    |  step: 3714048, training/num_rb_samples: 63.439 +/- 0.000
2025-11-20 20:59:12 INFO    |  step: 3714048, training/rb_grad_mean_norm: 0.769 +/- 0.000
2025-11-20 20:59:12 INFO    |  step: 3714048, training/rb_grad_trvar: 35.816 +/- 0.000
2025-11-20 20:59:12 INFO    |  step: 3714048, eval/episode_reward: 33.238 +/- 0.000
2025-11-20 20:59:12 INFO    |  step: 3714048, eval/episode_success: 33.238 +/- 0.000
2025-11-20 20:59:12 INFO    |  step: 3714048, eval/episode_success_easy: 163.648 +/- 0.000
2025-11-20 20:59:12 INFO    |  step: 3714048, eval/episode_dist: 4940.292 +/- 0.000
2025-11-20 20:59:12 INFO    |  step: 3714048, eval/episode_success_any: 0.137 +/- 0.000
2025-11-20 20:59:12 INFO    |  step: 3714048, eval/episode_reward_ctrl: 0.000 +/- 0.000
2025-11-20 20:59:12 INFO    |  step: 3714048, eval/episode_reward_dist: 0.000 +/- 0.000
2025-11-20 20:59:12 INFO    |  step: 3714048, eval/episode_reward_near: 0.000 +/- 0.000
2025-11-20 20:59:12 INFO    |  step: 3714048, eval/episode_reward_survive: 0.000 +/- 0.000
2025-11-20 20:59:12 INFO    |  step: 3714048, eval/episode_success_hard: 0.000 +/- 0.000
2025-11-20 20:59:51 INFO    |  actor input shape: (10000, 31)
2025-11-20 20:59:51 INFO    |  encoder input shape: (10000, 37)
2025-11-20 20:59:51 INFO    |  encoder input shape: (10000, 2)
2025-11-20 20:59:52 INFO    |  actor input shape: (10000, 31)
2025-11-20 20:59:52 INFO    |  encoder input shape: (10000, 37)
2025-11-20 20:59:52 INFO    |  encoder input shape: (10000, 2)
2025-11-20 20:59:52 INFO    |  actor input shape: (10000, 31)
2025-11-20 20:59:52 INFO    |  encoder input shape: (10000, 37)
2025-11-20 20:59:52 INFO    |  encoder input shape: (10000, 2)
2025-11-20 20:59:52 INFO    |  Plotted visualizations at env step 4206080.0
2025-11-20 20:59:57 INFO    |  step: 4206080
2025-11-20 20:59:57 INFO    |  step: 4206080, training/sps: 12272.879 +/- 0.000
2025-11-20 20:59:57 INFO    |  step: 4206080, training/actor_loss: 3.766 +/- 0.000
2025-11-20 20:59:57 INFO    |  step: 4206080, training/adaptive_mixing_raw: 0.361 +/- 0.000
2025-11-20 20:59:57 INFO    |  step: 4206080, training/adaptive_mixing_smoothed: 0.361 +/- 0.000
2025-11-20 20:59:57 INFO    |  step: 4206080, training/alpha_loss: -0.000 +/- 0.000
2025-11-20 20:59:57 INFO    |  step: 4206080, training/critic_loss: 4.052 +/- 0.000
2025-11-20 20:59:57 INFO    |  step: 4206080, training/entropy: -4.004 +/- 0.000
2025-11-20 20:59:57 INFO    |  step: 4206080, training/env_grad_mean_norm: 0.496 +/- 0.000
2025-11-20 20:59:57 INFO    |  step: 4206080, training/env_grad_trvar: 40.180 +/- 0.000
2025-11-20 20:59:57 INFO    |  step: 4206080, training/env_rb_bias_squared: 0.885 +/- 0.000
2025-11-20 20:59:57 INFO    |  step: 4206080, training/log_alpha: -4.845 +/- 0.000
2025-11-20 20:59:57 INFO    |  step: 4206080, training/num_env_samples: 193.125 +/- 0.000
2025-11-20 20:59:57 INFO    |  step: 4206080, training/num_rb_samples: 62.875 +/- 0.000
2025-11-20 20:59:57 INFO    |  step: 4206080, training/rb_grad_mean_norm: 0.827 +/- 0.000
2025-11-20 20:59:57 INFO    |  step: 4206080, training/rb_grad_trvar: 41.028 +/- 0.000
2025-11-20 20:59:57 INFO    |  step: 4206080, eval/episode_reward: 67.453 +/- 0.000
2025-11-20 20:59:57 INFO    |  step: 4206080, eval/episode_success: 67.453 +/- 0.000
2025-11-20 20:59:57 INFO    |  step: 4206080, eval/episode_success_easy: 208.676 +/- 0.000
2025-11-20 20:59:57 INFO    |  step: 4206080, eval/episode_dist: 5175.937 +/- 0.000
2025-11-20 20:59:57 INFO    |  step: 4206080, eval/episode_success_any: 0.156 +/- 0.000
2025-11-20 20:59:57 INFO    |  step: 4206080, eval/episode_reward_ctrl: 0.000 +/- 0.000
2025-11-20 20:59:57 INFO    |  step: 4206080, eval/episode_reward_dist: 0.000 +/- 0.000
2025-11-20 20:59:57 INFO    |  step: 4206080, eval/episode_reward_near: 0.000 +/- 0.000
2025-11-20 20:59:57 INFO    |  step: 4206080, eval/episode_reward_survive: 0.000 +/- 0.000
2025-11-20 20:59:57 INFO    |  step: 4206080, eval/episode_success_hard: 0.000 +/- 0.000
2025-11-20 21:00:35 INFO    |  actor input shape: (10000, 31)
2025-11-20 21:00:35 INFO    |  encoder input shape: (10000, 37)
2025-11-20 21:00:35 INFO    |  encoder input shape: (10000, 2)
2025-11-20 21:00:35 INFO    |  actor input shape: (10000, 31)
2025-11-20 21:00:35 INFO    |  encoder input shape: (10000, 37)
2025-11-20 21:00:35 INFO    |  encoder input shape: (10000, 2)
2025-11-20 21:00:36 INFO    |  actor input shape: (10000, 31)
2025-11-20 21:00:36 INFO    |  encoder input shape: (10000, 37)
2025-11-20 21:00:36 INFO    |  encoder input shape: (10000, 2)
2025-11-20 21:00:36 INFO    |  Plotted visualizations at env step 4698112.0
2025-11-20 21:00:41 INFO    |  step: 4698112
2025-11-20 21:00:41 INFO    |  step: 4698112, training/sps: 12608.630 +/- 0.000
2025-11-20 21:00:41 INFO    |  step: 4698112, training/actor_loss: 3.709 +/- 0.000
2025-11-20 21:00:41 INFO    |  step: 4698112, training/adaptive_mixing_raw: 0.418 +/- 0.000
2025-11-20 21:00:41 INFO    |  step: 4698112, training/adaptive_mixing_smoothed: 0.418 +/- 0.000
2025-11-20 21:00:41 INFO    |  step: 4698112, training/alpha_loss: -0.000 +/- 0.000
2025-11-20 21:00:41 INFO    |  step: 4698112, training/critic_loss: 4.005 +/- 0.000
2025-11-20 21:00:41 INFO    |  step: 4698112, training/entropy: -4.001 +/- 0.000
2025-11-20 21:00:41 INFO    |  step: 4698112, training/env_grad_mean_norm: 0.532 +/- 0.000
2025-11-20 21:00:41 INFO    |  step: 4698112, training/env_grad_trvar: 45.976 +/- 0.000
2025-11-20 21:00:41 INFO    |  step: 4698112, training/env_rb_bias_squared: 1.025 +/- 0.000
2025-11-20 21:00:41 INFO    |  step: 4698112, training/log_alpha: -4.797 +/- 0.000
2025-11-20 21:00:41 INFO    |  step: 4698112, training/num_env_samples: 192.590 +/- 0.000
2025-11-20 21:00:41 INFO    |  step: 4698112, training/num_rb_samples: 63.410 +/- 0.000
2025-11-20 21:00:41 INFO    |  step: 4698112, training/rb_grad_mean_norm: 0.890 +/- 0.000
2025-11-20 21:00:41 INFO    |  step: 4698112, training/rb_grad_trvar: 47.765 +/- 0.000
2025-11-20 21:00:41 INFO    |  step: 4698112, eval/episode_reward: 70.438 +/- 0.000
2025-11-20 21:00:41 INFO    |  step: 4698112, eval/episode_success: 70.438 +/- 0.000
2025-11-20 21:00:41 INFO    |  step: 4698112, eval/episode_success_easy: 238.215 +/- 0.000
2025-11-20 21:00:41 INFO    |  step: 4698112, eval/episode_dist: 4090.197 +/- 0.000
2025-11-20 21:00:41 INFO    |  step: 4698112, eval/episode_success_any: 0.156 +/- 0.000
2025-11-20 21:00:41 INFO    |  step: 4698112, eval/episode_reward_ctrl: 0.000 +/- 0.000
2025-11-20 21:00:41 INFO    |  step: 4698112, eval/episode_reward_dist: 0.000 +/- 0.000
2025-11-20 21:00:41 INFO    |  step: 4698112, eval/episode_reward_near: 0.000 +/- 0.000
2025-11-20 21:00:41 INFO    |  step: 4698112, eval/episode_reward_survive: 0.000 +/- 0.000
2025-11-20 21:00:41 INFO    |  step: 4698112, eval/episode_success_hard: 0.000 +/- 0.000
2025-11-20 21:01:18 INFO    |  actor input shape: (10000, 31)
2025-11-20 21:01:18 INFO    |  encoder input shape: (10000, 37)
2025-11-20 21:01:18 INFO    |  encoder input shape: (10000, 2)
2025-11-20 21:01:18 INFO    |  actor input shape: (10000, 31)
2025-11-20 21:01:18 INFO    |  encoder input shape: (10000, 37)
2025-11-20 21:01:18 INFO    |  encoder input shape: (10000, 2)
2025-11-20 21:01:18 INFO    |  actor input shape: (10000, 31)
2025-11-20 21:01:18 INFO    |  encoder input shape: (10000, 37)
2025-11-20 21:01:18 INFO    |  encoder input shape: (10000, 2)
2025-11-20 21:01:19 INFO    |  Plotted visualizations at env step 5190144.0
2025-11-20 21:01:23 INFO    |  step: 5190144
2025-11-20 21:01:23 INFO    |  step: 5190144, training/sps: 12957.861 +/- 0.000
2025-11-20 21:01:23 INFO    |  step: 5190144, training/actor_loss: 3.681 +/- 0.000
2025-11-20 21:01:23 INFO    |  step: 5190144, training/adaptive_mixing_raw: 0.613 +/- 0.000
2025-11-20 21:01:23 INFO    |  step: 5190144, training/adaptive_mixing_smoothed: 0.613 +/- 0.000
2025-11-20 21:01:23 INFO    |  step: 5190144, training/alpha_loss: 0.000 +/- 0.000
2025-11-20 21:01:23 INFO    |  step: 5190144, training/critic_loss: 3.978 +/- 0.000
2025-11-20 21:01:23 INFO    |  step: 5190144, training/entropy: -4.000 +/- 0.000
2025-11-20 21:01:23 INFO    |  step: 5190144, training/env_grad_mean_norm: 0.557 +/- 0.000
2025-11-20 21:01:23 INFO    |  step: 5190144, training/env_grad_trvar: 50.146 +/- 0.000
2025-11-20 21:01:23 INFO    |  step: 5190144, training/env_rb_bias_squared: 1.143 +/- 0.000
2025-11-20 21:01:23 INFO    |  step: 5190144, training/log_alpha: -4.771 +/- 0.000
2025-11-20 21:01:23 INFO    |  step: 5190144, training/num_env_samples: 192.938 +/- 0.000
2025-11-20 21:01:23 INFO    |  step: 5190144, training/num_rb_samples: 63.062 +/- 0.000
2025-11-20 21:01:23 INFO    |  step: 5190144, training/rb_grad_mean_norm: 0.944 +/- 0.000
2025-11-20 21:01:23 INFO    |  step: 5190144, training/rb_grad_trvar: 53.462 +/- 0.000
2025-11-20 21:01:23 INFO    |  step: 5190144, eval/episode_reward: 64.691 +/- 0.000
2025-11-20 21:01:23 INFO    |  step: 5190144, eval/episode_success: 64.691 +/- 0.000
2025-11-20 21:01:23 INFO    |  step: 5190144, eval/episode_success_easy: 227.723 +/- 0.000
2025-11-20 21:01:23 INFO    |  step: 5190144, eval/episode_dist: 4293.890 +/- 0.000
2025-11-20 21:01:23 INFO    |  step: 5190144, eval/episode_success_any: 0.160 +/- 0.000
2025-11-20 21:01:23 INFO    |  step: 5190144, eval/episode_reward_ctrl: 0.000 +/- 0.000
2025-11-20 21:01:23 INFO    |  step: 5190144, eval/episode_reward_dist: 0.000 +/- 0.000
2025-11-20 21:01:23 INFO    |  step: 5190144, eval/episode_reward_near: 0.000 +/- 0.000
2025-11-20 21:01:23 INFO    |  step: 5190144, eval/episode_reward_survive: 0.000 +/- 0.000
2025-11-20 21:01:23 INFO    |  step: 5190144, eval/episode_success_hard: 0.000 +/- 0.000
2025-11-20 21:02:00 INFO    |  actor input shape: (10000, 31)
2025-11-20 21:02:00 INFO    |  encoder input shape: (10000, 37)
2025-11-20 21:02:00 INFO    |  encoder input shape: (10000, 2)
2025-11-20 21:02:00 INFO    |  actor input shape: (10000, 31)
2025-11-20 21:02:00 INFO    |  encoder input shape: (10000, 37)
2025-11-20 21:02:00 INFO    |  encoder input shape: (10000, 2)
2025-11-20 21:02:00 INFO    |  actor input shape: (10000, 31)
2025-11-20 21:02:00 INFO    |  encoder input shape: (10000, 37)
2025-11-20 21:02:00 INFO    |  encoder input shape: (10000, 2)
2025-11-20 21:02:01 INFO    |  Plotted visualizations at env step 5682176.0
2025-11-20 21:02:05 INFO    |  step: 5682176
2025-11-20 21:02:07 INFO    |  actor input shape: (1, 31)
2025-11-20 21:02:34 INFO    |  step: 5682176, training/sps: 13230.751 +/- 0.000
2025-11-20 21:02:34 INFO    |  step: 5682176, training/actor_loss: 3.653 +/- 0.000
2025-11-20 21:02:34 INFO    |  step: 5682176, training/adaptive_mixing_raw: 0.460 +/- 0.000
2025-11-20 21:02:34 INFO    |  step: 5682176, training/adaptive_mixing_smoothed: 0.460 +/- 0.000
2025-11-20 21:02:34 INFO    |  step: 5682176, training/alpha_loss: -0.000 +/- 0.000
2025-11-20 21:02:34 INFO    |  step: 5682176, training/critic_loss: 3.956 +/- 0.000
2025-11-20 21:02:34 INFO    |  step: 5682176, training/entropy: -4.001 +/- 0.000
2025-11-20 21:02:34 INFO    |  step: 5682176, training/env_grad_mean_norm: 0.581 +/- 0.000
2025-11-20 21:02:34 INFO    |  step: 5682176, training/env_grad_trvar: 54.415 +/- 0.000
2025-11-20 21:02:34 INFO    |  step: 5682176, training/env_rb_bias_squared: 1.254 +/- 0.000
2025-11-20 21:02:34 INFO    |  step: 5682176, training/log_alpha: -4.738 +/- 0.000
2025-11-20 21:02:34 INFO    |  step: 5682176, training/num_env_samples: 193.670 +/- 0.000
2025-11-20 21:02:34 INFO    |  step: 5682176, training/num_rb_samples: 62.330 +/- 0.000
2025-11-20 21:02:34 INFO    |  step: 5682176, training/rb_grad_mean_norm: 0.989 +/- 0.000
2025-11-20 21:02:34 INFO    |  step: 5682176, training/rb_grad_trvar: 58.101 +/- 0.000
2025-11-20 21:02:34 INFO    |  step: 5682176, eval/episode_reward: 62.707 +/- 0.000
2025-11-20 21:02:34 INFO    |  step: 5682176, eval/episode_success: 62.707 +/- 0.000
2025-11-20 21:02:34 INFO    |  step: 5682176, eval/episode_success_easy: 189.691 +/- 0.000
2025-11-20 21:02:34 INFO    |  step: 5682176, eval/episode_dist: 5781.177 +/- 0.000
2025-11-20 21:02:34 INFO    |  step: 5682176, eval/episode_success_any: 0.141 +/- 0.000
2025-11-20 21:02:34 INFO    |  step: 5682176, eval/episode_reward_ctrl: 0.000 +/- 0.000
2025-11-20 21:02:34 INFO    |  step: 5682176, eval/episode_reward_dist: 0.000 +/- 0.000
2025-11-20 21:02:34 INFO    |  step: 5682176, eval/episode_reward_near: 0.000 +/- 0.000
2025-11-20 21:02:34 INFO    |  step: 5682176, eval/episode_reward_survive: 0.000 +/- 0.000
2025-11-20 21:02:34 INFO    |  step: 5682176, eval/episode_success_hard: 0.000 +/- 0.000
2025-11-20 21:03:10 INFO    |  actor input shape: (10000, 31)
2025-11-20 21:03:10 INFO    |  encoder input shape: (10000, 37)
2025-11-20 21:03:10 INFO    |  encoder input shape: (10000, 2)
2025-11-20 21:03:10 INFO    |  actor input shape: (10000, 31)
2025-11-20 21:03:10 INFO    |  encoder input shape: (10000, 37)
2025-11-20 21:03:10 INFO    |  encoder input shape: (10000, 2)
2025-11-20 21:03:10 INFO    |  actor input shape: (10000, 31)
2025-11-20 21:03:10 INFO    |  encoder input shape: (10000, 37)
2025-11-20 21:03:10 INFO    |  encoder input shape: (10000, 2)
2025-11-20 21:03:10 INFO    |  Plotted visualizations at env step 6174208.0
2025-11-20 21:03:15 INFO    |  step: 6174208
2025-11-20 21:03:15 INFO    |  step: 6174208, training/sps: 13483.061 +/- 0.000
2025-11-20 21:03:15 INFO    |  step: 6174208, training/actor_loss: 3.640 +/- 0.000
2025-11-20 21:03:15 INFO    |  step: 6174208, training/adaptive_mixing_raw: 0.636 +/- 0.000
2025-11-20 21:03:15 INFO    |  step: 6174208, training/adaptive_mixing_smoothed: 0.636 +/- 0.000
2025-11-20 21:03:15 INFO    |  step: 6174208, training/alpha_loss: -0.000 +/- 0.000
2025-11-20 21:03:15 INFO    |  step: 6174208, training/critic_loss: 3.948 +/- 0.000
2025-11-20 21:03:15 INFO    |  step: 6174208, training/entropy: -4.002 +/- 0.000
2025-11-20 21:03:15 INFO    |  step: 6174208, training/env_grad_mean_norm: 0.604 +/- 0.000
2025-11-20 21:03:15 INFO    |  step: 6174208, training/env_grad_trvar: 58.882 +/- 0.000
2025-11-20 21:03:15 INFO    |  step: 6174208, training/env_rb_bias_squared: 1.348 +/- 0.000
2025-11-20 21:03:15 INFO    |  step: 6174208, training/log_alpha: -4.709 +/- 0.000
2025-11-20 21:03:15 INFO    |  step: 6174208, training/num_env_samples: 192.405 +/- 0.000
2025-11-20 21:03:15 INFO    |  step: 6174208, training/num_rb_samples: 63.595 +/- 0.000
2025-11-20 21:03:15 INFO    |  step: 6174208, training/rb_grad_mean_norm: 1.023 +/- 0.000
2025-11-20 21:03:15 INFO    |  step: 6174208, training/rb_grad_trvar: 63.420 +/- 0.000
2025-11-20 21:03:15 INFO    |  step: 6174208, eval/episode_reward: 79.102 +/- 0.000
2025-11-20 21:03:15 INFO    |  step: 6174208, eval/episode_success: 79.102 +/- 0.000
2025-11-20 21:03:15 INFO    |  step: 6174208, eval/episode_success_easy: 220.074 +/- 0.000
2025-11-20 21:03:15 INFO    |  step: 6174208, eval/episode_dist: 3804.434 +/- 0.000
2025-11-20 21:03:15 INFO    |  step: 6174208, eval/episode_success_any: 0.129 +/- 0.000
2025-11-20 21:03:15 INFO    |  step: 6174208, eval/episode_reward_ctrl: 0.000 +/- 0.000
2025-11-20 21:03:15 INFO    |  step: 6174208, eval/episode_reward_dist: 0.000 +/- 0.000
2025-11-20 21:03:15 INFO    |  step: 6174208, eval/episode_reward_near: 0.000 +/- 0.000
2025-11-20 21:03:15 INFO    |  step: 6174208, eval/episode_reward_survive: 0.000 +/- 0.000
2025-11-20 21:03:15 INFO    |  step: 6174208, eval/episode_success_hard: 0.000 +/- 0.000
2025-11-20 21:03:51 INFO    |  actor input shape: (10000, 31)
2025-11-20 21:03:51 INFO    |  encoder input shape: (10000, 37)
2025-11-20 21:03:51 INFO    |  encoder input shape: (10000, 2)
2025-11-20 21:03:52 INFO    |  actor input shape: (10000, 31)
2025-11-20 21:03:52 INFO    |  encoder input shape: (10000, 37)
2025-11-20 21:03:52 INFO    |  encoder input shape: (10000, 2)
2025-11-20 21:03:52 INFO    |  actor input shape: (10000, 31)
2025-11-20 21:03:52 INFO    |  encoder input shape: (10000, 37)
2025-11-20 21:03:52 INFO    |  encoder input shape: (10000, 2)
2025-11-20 21:03:52 INFO    |  Plotted visualizations at env step 6666240.0
2025-11-20 21:03:57 INFO    |  step: 6666240
2025-11-20 21:03:57 INFO    |  step: 6666240, training/sps: 13333.013 +/- 0.000
2025-11-20 21:03:57 INFO    |  step: 6666240, training/actor_loss: 3.619 +/- 0.000
2025-11-20 21:03:57 INFO    |  step: 6666240, training/adaptive_mixing_raw: 0.645 +/- 0.000
2025-11-20 21:03:57 INFO    |  step: 6666240, training/adaptive_mixing_smoothed: 0.645 +/- 0.000
2025-11-20 21:03:57 INFO    |  step: 6666240, training/alpha_loss: -0.000 +/- 0.000
2025-11-20 21:03:57 INFO    |  step: 6666240, training/critic_loss: 3.928 +/- 0.000
2025-11-20 21:03:57 INFO    |  step: 6666240, training/entropy: -4.002 +/- 0.000
2025-11-20 21:03:57 INFO    |  step: 6666240, training/env_grad_mean_norm: 0.620 +/- 0.000
2025-11-20 21:03:57 INFO    |  step: 6666240, training/env_grad_trvar: 61.705 +/- 0.000
2025-11-20 21:03:57 INFO    |  step: 6666240, training/env_rb_bias_squared: 1.437 +/- 0.000
2025-11-20 21:03:57 INFO    |  step: 6666240, training/log_alpha: -4.672 +/- 0.000
2025-11-20 21:03:57 INFO    |  step: 6666240, training/num_env_samples: 192.227 +/- 0.000
2025-11-20 21:03:57 INFO    |  step: 6666240, training/num_rb_samples: 63.773 +/- 0.000
2025-11-20 21:03:57 INFO    |  step: 6666240, training/rb_grad_mean_norm: 1.058 +/- 0.000
2025-11-20 21:03:57 INFO    |  step: 6666240, training/rb_grad_trvar: 68.199 +/- 0.000
2025-11-20 21:03:57 INFO    |  step: 6666240, eval/episode_reward: 97.113 +/- 0.000
2025-11-20 21:03:57 INFO    |  step: 6666240, eval/episode_success: 97.113 +/- 0.000
2025-11-20 21:03:57 INFO    |  step: 6666240, eval/episode_success_easy: 241.973 +/- 0.000
2025-11-20 21:03:57 INFO    |  step: 6666240, eval/episode_dist: 3561.115 +/- 0.000
2025-11-20 21:03:57 INFO    |  step: 6666240, eval/episode_success_any: 0.184 +/- 0.000
2025-11-20 21:03:57 INFO    |  step: 6666240, eval/episode_reward_ctrl: 0.000 +/- 0.000
2025-11-20 21:03:57 INFO    |  step: 6666240, eval/episode_reward_dist: 0.000 +/- 0.000
2025-11-20 21:03:57 INFO    |  step: 6666240, eval/episode_reward_near: 0.000 +/- 0.000
2025-11-20 21:03:57 INFO    |  step: 6666240, eval/episode_reward_survive: 0.000 +/- 0.000
2025-11-20 21:03:57 INFO    |  step: 6666240, eval/episode_success_hard: 0.000 +/- 0.000
2025-11-20 21:04:32 INFO    |  actor input shape: (10000, 31)
2025-11-20 21:04:32 INFO    |  encoder input shape: (10000, 37)
2025-11-20 21:04:32 INFO    |  encoder input shape: (10000, 2)
2025-11-20 21:04:32 INFO    |  actor input shape: (10000, 31)
2025-11-20 21:04:32 INFO    |  encoder input shape: (10000, 37)
2025-11-20 21:04:32 INFO    |  encoder input shape: (10000, 2)
2025-11-20 21:04:33 INFO    |  actor input shape: (10000, 31)
2025-11-20 21:04:33 INFO    |  encoder input shape: (10000, 37)
2025-11-20 21:04:33 INFO    |  encoder input shape: (10000, 2)
2025-11-20 21:04:33 INFO    |  Plotted visualizations at env step 7158272.0
2025-11-20 21:04:38 INFO    |  step: 7158272
2025-11-20 21:04:38 INFO    |  step: 7158272, training/sps: 13740.601 +/- 0.000
2025-11-20 21:04:38 INFO    |  step: 7158272, training/actor_loss: 3.614 +/- 0.000
2025-11-20 21:04:38 INFO    |  step: 7158272, training/adaptive_mixing_raw: 0.366 +/- 0.000
2025-11-20 21:04:38 INFO    |  step: 7158272, training/adaptive_mixing_smoothed: 0.366 +/- 0.000
2025-11-20 21:04:38 INFO    |  step: 7158272, training/alpha_loss: 0.000 +/- 0.000
2025-11-20 21:04:38 INFO    |  step: 7158272, training/critic_loss: 3.927 +/- 0.000
2025-11-20 21:04:38 INFO    |  step: 7158272, training/entropy: -4.000 +/- 0.000
2025-11-20 21:04:38 INFO    |  step: 7158272, training/env_grad_mean_norm: 0.628 +/- 0.000
2025-11-20 21:04:38 INFO    |  step: 7158272, training/env_grad_trvar: 64.227 +/- 0.000
2025-11-20 21:04:38 INFO    |  step: 7158272, training/env_rb_bias_squared: 1.487 +/- 0.000
2025-11-20 21:04:38 INFO    |  step: 7158272, training/log_alpha: -4.650 +/- 0.000
2025-11-20 21:04:38 INFO    |  step: 7158272, training/num_env_samples: 191.884 +/- 0.000
2025-11-20 21:04:38 INFO    |  step: 7158272, training/num_rb_samples: 64.116 +/- 0.000
2025-11-20 21:04:38 INFO    |  step: 7158272, training/rb_grad_mean_norm: 1.074 +/- 0.000
2025-11-20 21:04:38 INFO    |  step: 7158272, training/rb_grad_trvar: 70.740 +/- 0.000
2025-11-20 21:04:38 INFO    |  step: 7158272, eval/episode_reward: 82.227 +/- 0.000
2025-11-20 21:04:38 INFO    |  step: 7158272, eval/episode_success: 82.227 +/- 0.000
2025-11-20 21:04:38 INFO    |  step: 7158272, eval/episode_success_easy: 185.168 +/- 0.000
2025-11-20 21:04:38 INFO    |  step: 7158272, eval/episode_dist: 6360.122 +/- 0.000
2025-11-20 21:04:38 INFO    |  step: 7158272, eval/episode_success_any: 0.133 +/- 0.000
2025-11-20 21:04:38 INFO    |  step: 7158272, eval/episode_reward_ctrl: 0.000 +/- 0.000
2025-11-20 21:04:38 INFO    |  step: 7158272, eval/episode_reward_dist: 0.000 +/- 0.000
2025-11-20 21:04:38 INFO    |  step: 7158272, eval/episode_reward_near: 0.000 +/- 0.000
2025-11-20 21:04:38 INFO    |  step: 7158272, eval/episode_reward_survive: 0.000 +/- 0.000
2025-11-20 21:04:38 INFO    |  step: 7158272, eval/episode_success_hard: 0.000 +/- 0.000
2025-11-20 21:05:12 INFO    |  actor input shape: (10000, 31)
2025-11-20 21:05:12 INFO    |  encoder input shape: (10000, 37)
2025-11-20 21:05:12 INFO    |  encoder input shape: (10000, 2)
2025-11-20 21:05:12 INFO    |  actor input shape: (10000, 31)
2025-11-20 21:05:12 INFO    |  encoder input shape: (10000, 37)
2025-11-20 21:05:12 INFO    |  encoder input shape: (10000, 2)
2025-11-20 21:05:13 INFO    |  actor input shape: (10000, 31)
2025-11-20 21:05:13 INFO    |  encoder input shape: (10000, 37)
2025-11-20 21:05:13 INFO    |  encoder input shape: (10000, 2)
2025-11-20 21:05:13 INFO    |  Plotted visualizations at env step 7650304.0
2025-11-20 21:05:18 INFO    |  step: 7650304
2025-11-20 21:05:18 INFO    |  step: 7650304, training/sps: 13936.476 +/- 0.000
2025-11-20 21:05:18 INFO    |  step: 7650304, training/actor_loss: 3.600 +/- 0.000
2025-11-20 21:05:18 INFO    |  step: 7650304, training/adaptive_mixing_raw: 0.645 +/- 0.000
2025-11-20 21:05:18 INFO    |  step: 7650304, training/adaptive_mixing_smoothed: 0.645 +/- 0.000
2025-11-20 21:05:18 INFO    |  step: 7650304, training/alpha_loss: -0.000 +/- 0.000
2025-11-20 21:05:18 INFO    |  step: 7650304, training/critic_loss: 3.912 +/- 0.000
2025-11-20 21:05:18 INFO    |  step: 7650304, training/entropy: -4.000 +/- 0.000
2025-11-20 21:05:18 INFO    |  step: 7650304, training/env_grad_mean_norm: 0.632 +/- 0.000
2025-11-20 21:05:18 INFO    |  step: 7650304, training/env_grad_trvar: 65.474 +/- 0.000
2025-11-20 21:05:18 INFO    |  step: 7650304, training/env_rb_bias_squared: 1.503 +/- 0.000
2025-11-20 21:05:18 INFO    |  step: 7650304, training/log_alpha: -4.648 +/- 0.000
2025-11-20 21:05:18 INFO    |  step: 7650304, training/num_env_samples: 191.500 +/- 0.000
2025-11-20 21:05:18 INFO    |  step: 7650304, training/num_rb_samples: 64.500 +/- 0.000
2025-11-20 21:05:18 INFO    |  step: 7650304, training/rb_grad_mean_norm: 1.080 +/- 0.000
2025-11-20 21:05:18 INFO    |  step: 7650304, training/rb_grad_trvar: 71.911 +/- 0.000
2025-11-20 21:05:18 INFO    |  step: 7650304, eval/episode_reward: 114.344 +/- 0.000
2025-11-20 21:05:18 INFO    |  step: 7650304, eval/episode_success: 114.344 +/- 0.000
2025-11-20 21:05:18 INFO    |  step: 7650304, eval/episode_success_easy: 281.066 +/- 0.000
2025-11-20 21:05:18 INFO    |  step: 7650304, eval/episode_dist: 4630.630 +/- 0.000
2025-11-20 21:05:18 INFO    |  step: 7650304, eval/episode_success_any: 0.227 +/- 0.000
2025-11-20 21:05:18 INFO    |  step: 7650304, eval/episode_reward_ctrl: 0.000 +/- 0.000
2025-11-20 21:05:18 INFO    |  step: 7650304, eval/episode_reward_dist: 0.000 +/- 0.000
2025-11-20 21:05:18 INFO    |  step: 7650304, eval/episode_reward_near: 0.000 +/- 0.000
2025-11-20 21:05:18 INFO    |  step: 7650304, eval/episode_reward_survive: 0.000 +/- 0.000
2025-11-20 21:05:18 INFO    |  step: 7650304, eval/episode_success_hard: 0.000 +/- 0.000
2025-11-20 21:05:51 INFO    |  actor input shape: (10000, 31)
2025-11-20 21:05:51 INFO    |  encoder input shape: (10000, 37)
2025-11-20 21:05:51 INFO    |  encoder input shape: (10000, 2)
2025-11-20 21:05:52 INFO    |  actor input shape: (10000, 31)
2025-11-20 21:05:52 INFO    |  encoder input shape: (10000, 37)
2025-11-20 21:05:52 INFO    |  encoder input shape: (10000, 2)
2025-11-20 21:05:52 INFO    |  actor input shape: (10000, 31)
2025-11-20 21:05:52 INFO    |  encoder input shape: (10000, 37)
2025-11-20 21:05:52 INFO    |  encoder input shape: (10000, 2)
2025-11-20 21:05:52 INFO    |  Plotted visualizations at env step 8142336.0
2025-11-20 21:05:57 INFO    |  step: 8142336
2025-11-20 21:05:59 INFO    |  actor input shape: (1, 31)
2025-11-20 21:06:25 INFO    |  step: 8142336, training/sps: 14321.200 +/- 0.000
2025-11-20 21:06:25 INFO    |  step: 8142336, training/actor_loss: 3.585 +/- 0.000
2025-11-20 21:06:25 INFO    |  step: 8142336, training/adaptive_mixing_raw: 0.486 +/- 0.000
2025-11-20 21:06:25 INFO    |  step: 8142336, training/adaptive_mixing_smoothed: 0.486 +/- 0.000
2025-11-20 21:06:25 INFO    |  step: 8142336, training/alpha_loss: -0.000 +/- 0.000
2025-11-20 21:06:25 INFO    |  step: 8142336, training/critic_loss: 3.896 +/- 0.000
2025-11-20 21:06:25 INFO    |  step: 8142336, training/entropy: -4.001 +/- 0.000
2025-11-20 21:06:25 INFO    |  step: 8142336, training/env_grad_mean_norm: 0.632 +/- 0.000
2025-11-20 21:06:25 INFO    |  step: 8142336, training/env_grad_trvar: 65.706 +/- 0.000
2025-11-20 21:06:25 INFO    |  step: 8142336, training/env_rb_bias_squared: 1.492 +/- 0.000
2025-11-20 21:06:25 INFO    |  step: 8142336, training/log_alpha: -4.627 +/- 0.000
2025-11-20 21:06:25 INFO    |  step: 8142336, training/num_env_samples: 191.311 +/- 0.000
2025-11-20 21:06:25 INFO    |  step: 8142336, training/num_rb_samples: 64.689 +/- 0.000
2025-11-20 21:06:25 INFO    |  step: 8142336, training/rb_grad_mean_norm: 1.073 +/- 0.000
2025-11-20 21:06:25 INFO    |  step: 8142336, training/rb_grad_trvar: 71.283 +/- 0.000
2025-11-20 21:06:25 INFO    |  step: 8142336, eval/episode_reward: 83.652 +/- 0.000
2025-11-20 21:06:25 INFO    |  step: 8142336, eval/episode_success: 83.652 +/- 0.000
2025-11-20 21:06:25 INFO    |  step: 8142336, eval/episode_success_easy: 246.699 +/- 0.000
2025-11-20 21:06:25 INFO    |  step: 8142336, eval/episode_dist: 5603.793 +/- 0.000
2025-11-20 21:06:25 INFO    |  step: 8142336, eval/episode_success_any: 0.176 +/- 0.000
2025-11-20 21:06:25 INFO    |  step: 8142336, eval/episode_reward_ctrl: 0.000 +/- 0.000
2025-11-20 21:06:25 INFO    |  step: 8142336, eval/episode_reward_dist: 0.000 +/- 0.000
2025-11-20 21:06:25 INFO    |  step: 8142336, eval/episode_reward_near: 0.000 +/- 0.000
2025-11-20 21:06:25 INFO    |  step: 8142336, eval/episode_reward_survive: 0.000 +/- 0.000
2025-11-20 21:06:25 INFO    |  step: 8142336, eval/episode_success_hard: 0.000 +/- 0.000
2025-11-20 21:06:58 INFO    |  actor input shape: (10000, 31)
2025-11-20 21:06:58 INFO    |  encoder input shape: (10000, 37)
2025-11-20 21:06:58 INFO    |  encoder input shape: (10000, 2)
2025-11-20 21:06:58 INFO    |  actor input shape: (10000, 31)
2025-11-20 21:06:58 INFO    |  encoder input shape: (10000, 37)
2025-11-20 21:06:58 INFO    |  encoder input shape: (10000, 2)
2025-11-20 21:06:58 INFO    |  actor input shape: (10000, 31)
2025-11-20 21:06:58 INFO    |  encoder input shape: (10000, 37)
2025-11-20 21:06:58 INFO    |  encoder input shape: (10000, 2)
2025-11-20 21:06:59 INFO    |  Plotted visualizations at env step 8634368.0
2025-11-20 21:07:03 INFO    |  step: 8634368
2025-11-20 21:07:03 INFO    |  step: 8634368, training/sps: 14738.197 +/- 0.000
2025-11-20 21:07:03 INFO    |  step: 8634368, training/actor_loss: 3.546 +/- 0.000
2025-11-20 21:07:03 INFO    |  step: 8634368, training/adaptive_mixing_raw: 0.643 +/- 0.000
2025-11-20 21:07:03 INFO    |  step: 8634368, training/adaptive_mixing_smoothed: 0.643 +/- 0.000
2025-11-20 21:07:03 INFO    |  step: 8634368, training/alpha_loss: 0.000 +/- 0.000
2025-11-20 21:07:03 INFO    |  step: 8634368, training/critic_loss: 3.855 +/- 0.000
2025-11-20 21:07:03 INFO    |  step: 8634368, training/entropy: -3.999 +/- 0.000
2025-11-20 21:07:03 INFO    |  step: 8634368, training/env_grad_mean_norm: 0.636 +/- 0.000
2025-11-20 21:07:03 INFO    |  step: 8634368, training/env_grad_trvar: 65.887 +/- 0.000
2025-11-20 21:07:03 INFO    |  step: 8634368, training/env_rb_bias_squared: 1.481 +/- 0.000
2025-11-20 21:07:03 INFO    |  step: 8634368, training/log_alpha: -4.615 +/- 0.000
2025-11-20 21:07:03 INFO    |  step: 8634368, training/num_env_samples: 191.505 +/- 0.000
2025-11-20 21:07:03 INFO    |  step: 8634368, training/num_rb_samples: 64.495 +/- 0.000
2025-11-20 21:07:03 INFO    |  step: 8634368, training/rb_grad_mean_norm: 1.067 +/- 0.000
2025-11-20 21:07:03 INFO    |  step: 8634368, training/rb_grad_trvar: 70.146 +/- 0.000
2025-11-20 21:07:03 INFO    |  step: 8634368, eval/episode_reward: 121.504 +/- 0.000
2025-11-20 21:07:03 INFO    |  step: 8634368, eval/episode_success: 121.504 +/- 0.000
2025-11-20 21:07:03 INFO    |  step: 8634368, eval/episode_success_easy: 246.211 +/- 0.000
2025-11-20 21:07:03 INFO    |  step: 8634368, eval/episode_dist: 5478.370 +/- 0.000
2025-11-20 21:07:03 INFO    |  step: 8634368, eval/episode_success_any: 0.230 +/- 0.000
2025-11-20 21:07:03 INFO    |  step: 8634368, eval/episode_reward_ctrl: 0.000 +/- 0.000
2025-11-20 21:07:03 INFO    |  step: 8634368, eval/episode_reward_dist: 0.000 +/- 0.000
2025-11-20 21:07:03 INFO    |  step: 8634368, eval/episode_reward_near: 0.000 +/- 0.000
2025-11-20 21:07:03 INFO    |  step: 8634368, eval/episode_reward_survive: 0.000 +/- 0.000
2025-11-20 21:07:03 INFO    |  step: 8634368, eval/episode_success_hard: 0.000 +/- 0.000
2025-11-20 21:07:35 INFO    |  actor input shape: (10000, 31)
2025-11-20 21:07:35 INFO    |  encoder input shape: (10000, 37)
2025-11-20 21:07:35 INFO    |  encoder input shape: (10000, 2)
2025-11-20 21:07:35 INFO    |  actor input shape: (10000, 31)
2025-11-20 21:07:35 INFO    |  encoder input shape: (10000, 37)
2025-11-20 21:07:35 INFO    |  encoder input shape: (10000, 2)
2025-11-20 21:07:35 INFO    |  actor input shape: (10000, 31)
2025-11-20 21:07:35 INFO    |  encoder input shape: (10000, 37)
2025-11-20 21:07:35 INFO    |  encoder input shape: (10000, 2)
2025-11-20 21:07:36 INFO    |  Plotted visualizations at env step 9126400.0
2025-11-20 21:07:40 INFO    |  step: 9126400
2025-11-20 21:07:40 INFO    |  step: 9126400, training/sps: 15343.616 +/- 0.000
2025-11-20 21:07:40 INFO    |  step: 9126400, training/actor_loss: 3.504 +/- 0.000
2025-11-20 21:07:40 INFO    |  step: 9126400, training/adaptive_mixing_raw: 0.490 +/- 0.000
2025-11-20 21:07:40 INFO    |  step: 9126400, training/adaptive_mixing_smoothed: 0.490 +/- 0.000
2025-11-20 21:07:40 INFO    |  step: 9126400, training/alpha_loss: -0.000 +/- 0.000
2025-11-20 21:07:40 INFO    |  step: 9126400, training/critic_loss: 3.812 +/- 0.000
2025-11-20 21:07:40 INFO    |  step: 9126400, training/entropy: -4.002 +/- 0.000
2025-11-20 21:07:40 INFO    |  step: 9126400, training/env_grad_mean_norm: 0.634 +/- 0.000
2025-11-20 21:07:40 INFO    |  step: 9126400, training/env_grad_trvar: 65.650 +/- 0.000
2025-11-20 21:07:40 INFO    |  step: 9126400, training/env_rb_bias_squared: 1.482 +/- 0.000
2025-11-20 21:07:40 INFO    |  step: 9126400, training/log_alpha: -4.603 +/- 0.000
2025-11-20 21:07:40 INFO    |  step: 9126400, training/num_env_samples: 192.104 +/- 0.000
2025-11-20 21:07:40 INFO    |  step: 9126400, training/num_rb_samples: 63.896 +/- 0.000
2025-11-20 21:07:40 INFO    |  step: 9126400, training/rb_grad_mean_norm: 1.067 +/- 0.000
2025-11-20 21:07:40 INFO    |  step: 9126400, training/rb_grad_trvar: 69.709 +/- 0.000
2025-11-20 21:07:40 INFO    |  step: 9126400, eval/episode_reward: 86.398 +/- 0.000
2025-11-20 21:07:40 INFO    |  step: 9126400, eval/episode_success: 86.398 +/- 0.000
2025-11-20 21:07:40 INFO    |  step: 9126400, eval/episode_success_easy: 205.062 +/- 0.000
2025-11-20 21:07:40 INFO    |  step: 9126400, eval/episode_dist: 4539.423 +/- 0.000
2025-11-20 21:07:40 INFO    |  step: 9126400, eval/episode_success_any: 0.145 +/- 0.000
2025-11-20 21:07:40 INFO    |  step: 9126400, eval/episode_reward_ctrl: 0.000 +/- 0.000
2025-11-20 21:07:40 INFO    |  step: 9126400, eval/episode_reward_dist: 0.000 +/- 0.000
2025-11-20 21:07:40 INFO    |  step: 9126400, eval/episode_reward_near: 0.000 +/- 0.000
2025-11-20 21:07:40 INFO    |  step: 9126400, eval/episode_reward_survive: 0.000 +/- 0.000
2025-11-20 21:07:40 INFO    |  step: 9126400, eval/episode_success_hard: 0.000 +/- 0.000
2025-11-20 21:08:11 INFO    |  actor input shape: (10000, 31)
2025-11-20 21:08:11 INFO    |  encoder input shape: (10000, 37)
2025-11-20 21:08:11 INFO    |  encoder input shape: (10000, 2)
2025-11-20 21:08:12 INFO    |  actor input shape: (10000, 31)
2025-11-20 21:08:12 INFO    |  encoder input shape: (10000, 37)
2025-11-20 21:08:12 INFO    |  encoder input shape: (10000, 2)
2025-11-20 21:08:12 INFO    |  actor input shape: (10000, 31)
2025-11-20 21:08:12 INFO    |  encoder input shape: (10000, 37)
2025-11-20 21:08:12 INFO    |  encoder input shape: (10000, 2)
2025-11-20 21:08:12 INFO    |  Plotted visualizations at env step 9618432.0
2025-11-20 21:08:17 INFO    |  step: 9618432
2025-11-20 21:08:17 INFO    |  step: 9618432, training/sps: 15478.065 +/- 0.000
2025-11-20 21:08:17 INFO    |  step: 9618432, training/actor_loss: 3.466 +/- 0.000
2025-11-20 21:08:17 INFO    |  step: 9618432, training/adaptive_mixing_raw: 0.484 +/- 0.000
2025-11-20 21:08:17 INFO    |  step: 9618432, training/adaptive_mixing_smoothed: 0.484 +/- 0.000
2025-11-20 21:08:17 INFO    |  step: 9618432, training/alpha_loss: 0.000 +/- 0.000
2025-11-20 21:08:17 INFO    |  step: 9618432, training/critic_loss: 3.778 +/- 0.000
2025-11-20 21:08:17 INFO    |  step: 9618432, training/entropy: -4.000 +/- 0.000
2025-11-20 21:08:17 INFO    |  step: 9618432, training/env_grad_mean_norm: 0.648 +/- 0.000
2025-11-20 21:08:17 INFO    |  step: 9618432, training/env_grad_trvar: 67.895 +/- 0.000
2025-11-20 21:08:17 INFO    |  step: 9618432, training/env_rb_bias_squared: 1.525 +/- 0.000
2025-11-20 21:08:17 INFO    |  step: 9618432, training/log_alpha: -4.568 +/- 0.000
2025-11-20 21:08:17 INFO    |  step: 9618432, training/num_env_samples: 191.835 +/- 0.000
2025-11-20 21:08:17 INFO    |  step: 9618432, training/num_rb_samples: 64.165 +/- 0.000
2025-11-20 21:08:17 INFO    |  step: 9618432, training/rb_grad_mean_norm: 1.082 +/- 0.000
2025-11-20 21:08:17 INFO    |  step: 9618432, training/rb_grad_trvar: 71.733 +/- 0.000
2025-11-20 21:08:17 INFO    |  step: 9618432, eval/episode_reward: 119.848 +/- 0.000
2025-11-20 21:08:17 INFO    |  step: 9618432, eval/episode_success: 119.848 +/- 0.000
2025-11-20 21:08:17 INFO    |  step: 9618432, eval/episode_success_easy: 335.223 +/- 0.000
2025-11-20 21:08:17 INFO    |  step: 9618432, eval/episode_dist: 3434.759 +/- 0.000
2025-11-20 21:08:17 INFO    |  step: 9618432, eval/episode_success_any: 0.211 +/- 0.000
2025-11-20 21:08:17 INFO    |  step: 9618432, eval/episode_reward_ctrl: 0.000 +/- 0.000
2025-11-20 21:08:17 INFO    |  step: 9618432, eval/episode_reward_dist: 0.000 +/- 0.000
2025-11-20 21:08:17 INFO    |  step: 9618432, eval/episode_reward_near: 0.000 +/- 0.000
2025-11-20 21:08:17 INFO    |  step: 9618432, eval/episode_reward_survive: 0.000 +/- 0.000
2025-11-20 21:08:17 INFO    |  step: 9618432, eval/episode_success_hard: 0.000 +/- 0.000
2025-11-20 21:08:48 INFO    |  actor input shape: (10000, 31)
2025-11-20 21:08:48 INFO    |  encoder input shape: (10000, 37)
2025-11-20 21:08:48 INFO    |  encoder input shape: (10000, 2)
2025-11-20 21:08:48 INFO    |  actor input shape: (10000, 31)
2025-11-20 21:08:48 INFO    |  encoder input shape: (10000, 37)
2025-11-20 21:08:48 INFO    |  encoder input shape: (10000, 2)
2025-11-20 21:08:48 INFO    |  actor input shape: (10000, 31)
2025-11-20 21:08:48 INFO    |  encoder input shape: (10000, 37)
2025-11-20 21:08:48 INFO    |  encoder input shape: (10000, 2)
2025-11-20 21:08:48 INFO    |  Plotted visualizations at env step 10110464.0
2025-11-20 21:08:53 INFO    |  step: 10110464
2025-11-20 21:08:53 INFO    |  step: 10110464, training/sps: 15655.171 +/- 0.000
2025-11-20 21:08:53 INFO    |  step: 10110464, training/actor_loss: 3.443 +/- 0.000
2025-11-20 21:08:53 INFO    |  step: 10110464, training/adaptive_mixing_raw: 0.605 +/- 0.000
2025-11-20 21:08:53 INFO    |  step: 10110464, training/adaptive_mixing_smoothed: 0.605 +/- 0.000
2025-11-20 21:08:53 INFO    |  step: 10110464, training/alpha_loss: 0.000 +/- 0.000
2025-11-20 21:08:53 INFO    |  step: 10110464, training/critic_loss: 3.747 +/- 0.000
2025-11-20 21:08:53 INFO    |  step: 10110464, training/entropy: -3.999 +/- 0.000
2025-11-20 21:08:53 INFO    |  step: 10110464, training/env_grad_mean_norm: 0.640 +/- 0.000
2025-11-20 21:08:53 INFO    |  step: 10110464, training/env_grad_trvar: 66.276 +/- 0.000
2025-11-20 21:08:53 INFO    |  step: 10110464, training/env_rb_bias_squared: 1.500 +/- 0.000
2025-11-20 21:08:53 INFO    |  step: 10110464, training/log_alpha: -4.572 +/- 0.000
2025-11-20 21:08:53 INFO    |  step: 10110464, training/num_env_samples: 192.311 +/- 0.000
2025-11-20 21:08:53 INFO    |  step: 10110464, training/num_rb_samples: 63.689 +/- 0.000
2025-11-20 21:08:53 INFO    |  step: 10110464, training/rb_grad_mean_norm: 1.074 +/- 0.000
2025-11-20 21:08:53 INFO    |  step: 10110464, training/rb_grad_trvar: 70.170 +/- 0.000
2025-11-20 21:08:53 INFO    |  step: 10110464, eval/episode_reward: 185.980 +/- 0.000
2025-11-20 21:08:53 INFO    |  step: 10110464, eval/episode_success: 185.980 +/- 0.000
2025-11-20 21:08:53 INFO    |  step: 10110464, eval/episode_success_easy: 331.293 +/- 0.000
2025-11-20 21:08:53 INFO    |  step: 10110464, eval/episode_dist: 4762.227 +/- 0.000
2025-11-20 21:08:53 INFO    |  step: 10110464, eval/episode_success_any: 0.277 +/- 0.000
2025-11-20 21:08:53 INFO    |  step: 10110464, eval/episode_reward_ctrl: 0.000 +/- 0.000
2025-11-20 21:08:53 INFO    |  step: 10110464, eval/episode_reward_dist: 0.000 +/- 0.000
2025-11-20 21:08:53 INFO    |  step: 10110464, eval/episode_reward_near: 0.000 +/- 0.000
2025-11-20 21:08:53 INFO    |  step: 10110464, eval/episode_reward_survive: 0.000 +/- 0.000
2025-11-20 21:08:53 INFO    |  step: 10110464, eval/episode_success_hard: 0.000 +/- 0.000
2025-11-20 21:09:24 INFO    |  actor input shape: (10000, 31)
2025-11-20 21:09:24 INFO    |  encoder input shape: (10000, 37)
2025-11-20 21:09:24 INFO    |  encoder input shape: (10000, 2)
2025-11-20 21:09:24 INFO    |  actor input shape: (10000, 31)
2025-11-20 21:09:24 INFO    |  encoder input shape: (10000, 37)
2025-11-20 21:09:24 INFO    |  encoder input shape: (10000, 2)
2025-11-20 21:09:24 INFO    |  actor input shape: (10000, 31)
2025-11-20 21:09:25 INFO    |  encoder input shape: (10000, 37)
2025-11-20 21:09:25 INFO    |  encoder input shape: (10000, 2)
2025-11-20 21:09:25 INFO    |  Plotted visualizations at env step 10602496.0
2025-11-20 21:09:30 INFO    |  step: 10602496
2025-11-20 21:09:31 INFO    |  actor input shape: (1, 31)
2025-11-20 21:09:59 INFO    |  step: 10602496, training/sps: 15596.288 +/- 0.000
2025-11-20 21:09:59 INFO    |  step: 10602496, training/actor_loss: 3.441 +/- 0.000
2025-11-20 21:09:59 INFO    |  step: 10602496, training/adaptive_mixing_raw: 0.560 +/- 0.000
2025-11-20 21:09:59 INFO    |  step: 10602496, training/adaptive_mixing_smoothed: 0.560 +/- 0.000
2025-11-20 21:09:59 INFO    |  step: 10602496, training/alpha_loss: -0.000 +/- 0.000
2025-11-20 21:09:59 INFO    |  step: 10602496, training/critic_loss: 3.746 +/- 0.000
2025-11-20 21:09:59 INFO    |  step: 10602496, training/entropy: -4.001 +/- 0.000
2025-11-20 21:09:59 INFO    |  step: 10602496, training/env_grad_mean_norm: 0.634 +/- 0.000
2025-11-20 21:09:59 INFO    |  step: 10602496, training/env_grad_trvar: 65.573 +/- 0.000
2025-11-20 21:09:59 INFO    |  step: 10602496, training/env_rb_bias_squared: 1.464 +/- 0.000
2025-11-20 21:09:59 INFO    |  step: 10602496, training/log_alpha: -4.589 +/- 0.000
2025-11-20 21:09:59 INFO    |  step: 10602496, training/num_env_samples: 191.391 +/- 0.000
2025-11-20 21:09:59 INFO    |  step: 10602496, training/num_rb_samples: 64.609 +/- 0.000
2025-11-20 21:09:59 INFO    |  step: 10602496, training/rb_grad_mean_norm: 1.058 +/- 0.000
2025-11-20 21:09:59 INFO    |  step: 10602496, training/rb_grad_trvar: 69.131 +/- 0.000
2025-11-20 21:09:59 INFO    |  step: 10602496, eval/episode_reward: 133.629 +/- 0.000
2025-11-20 21:09:59 INFO    |  step: 10602496, eval/episode_success: 133.629 +/- 0.000
2025-11-20 21:09:59 INFO    |  step: 10602496, eval/episode_success_easy: 291.863 +/- 0.000
2025-11-20 21:09:59 INFO    |  step: 10602496, eval/episode_dist: 3530.871 +/- 0.000
2025-11-20 21:09:59 INFO    |  step: 10602496, eval/episode_success_any: 0.242 +/- 0.000
2025-11-20 21:09:59 INFO    |  step: 10602496, eval/episode_reward_ctrl: 0.000 +/- 0.000
2025-11-20 21:09:59 INFO    |  step: 10602496, eval/episode_reward_dist: 0.000 +/- 0.000
2025-11-20 21:09:59 INFO    |  step: 10602496, eval/episode_reward_near: 0.000 +/- 0.000
2025-11-20 21:09:59 INFO    |  step: 10602496, eval/episode_reward_survive: 0.000 +/- 0.000
2025-11-20 21:09:59 INFO    |  step: 10602496, eval/episode_success_hard: 0.000 +/- 0.000
2025-11-20 21:10:30 INFO    |  actor input shape: (10000, 31)
2025-11-20 21:10:30 INFO    |  encoder input shape: (10000, 37)
2025-11-20 21:10:30 INFO    |  encoder input shape: (10000, 2)
2025-11-20 21:10:30 INFO    |  actor input shape: (10000, 31)
2025-11-20 21:10:30 INFO    |  encoder input shape: (10000, 37)
2025-11-20 21:10:30 INFO    |  encoder input shape: (10000, 2)
2025-11-20 21:10:30 INFO    |  actor input shape: (10000, 31)
2025-11-20 21:10:30 INFO    |  encoder input shape: (10000, 37)
2025-11-20 21:10:30 INFO    |  encoder input shape: (10000, 2)
2025-11-20 21:10:31 INFO    |  Plotted visualizations at env step 11094528.0
2025-11-20 21:10:35 INFO    |  step: 11094528
2025-11-20 21:10:35 INFO    |  step: 11094528, training/sps: 15392.789 +/- 0.000
2025-11-20 21:10:35 INFO    |  step: 11094528, training/actor_loss: 3.435 +/- 0.000
2025-11-20 21:10:35 INFO    |  step: 11094528, training/adaptive_mixing_raw: 0.478 +/- 0.000
2025-11-20 21:10:35 INFO    |  step: 11094528, training/adaptive_mixing_smoothed: 0.478 +/- 0.000
2025-11-20 21:10:35 INFO    |  step: 11094528, training/alpha_loss: 0.000 +/- 0.000
2025-11-20 21:10:35 INFO    |  step: 11094528, training/critic_loss: 3.732 +/- 0.000
2025-11-20 21:10:35 INFO    |  step: 11094528, training/entropy: -3.999 +/- 0.000
2025-11-20 21:10:35 INFO    |  step: 11094528, training/env_grad_mean_norm: 0.639 +/- 0.000
2025-11-20 21:10:35 INFO    |  step: 11094528, training/env_grad_trvar: 67.029 +/- 0.000
2025-11-20 21:10:35 INFO    |  step: 11094528, training/env_rb_bias_squared: 1.525 +/- 0.000
2025-11-20 21:10:35 INFO    |  step: 11094528, training/log_alpha: -4.589 +/- 0.000
2025-11-20 21:10:35 INFO    |  step: 11094528, training/num_env_samples: 192.315 +/- 0.000
2025-11-20 21:10:35 INFO    |  step: 11094528, training/num_rb_samples: 63.685 +/- 0.000
2025-11-20 21:10:35 INFO    |  step: 11094528, training/rb_grad_mean_norm: 1.085 +/- 0.000
2025-11-20 21:10:35 INFO    |  step: 11094528, training/rb_grad_trvar: 71.653 +/- 0.000
2025-11-20 21:10:35 INFO    |  step: 11094528, eval/episode_reward: 143.082 +/- 0.000
2025-11-20 21:10:35 INFO    |  step: 11094528, eval/episode_success: 143.082 +/- 0.000
2025-11-20 21:10:35 INFO    |  step: 11094528, eval/episode_success_easy: 264.035 +/- 0.000
2025-11-20 21:10:35 INFO    |  step: 11094528, eval/episode_dist: 3887.312 +/- 0.000
2025-11-20 21:10:35 INFO    |  step: 11094528, eval/episode_success_any: 0.223 +/- 0.000
2025-11-20 21:10:35 INFO    |  step: 11094528, eval/episode_reward_ctrl: 0.000 +/- 0.000
2025-11-20 21:10:35 INFO    |  step: 11094528, eval/episode_reward_dist: 0.000 +/- 0.000
2025-11-20 21:10:35 INFO    |  step: 11094528, eval/episode_reward_near: 0.000 +/- 0.000
2025-11-20 21:10:35 INFO    |  step: 11094528, eval/episode_reward_survive: 0.000 +/- 0.000
2025-11-20 21:10:35 INFO    |  step: 11094528, eval/episode_success_hard: 0.000 +/- 0.000
2025-11-20 21:11:08 INFO    |  actor input shape: (10000, 31)
2025-11-20 21:11:08 INFO    |  encoder input shape: (10000, 37)
2025-11-20 21:11:08 INFO    |  encoder input shape: (10000, 2)
2025-11-20 21:11:08 INFO    |  actor input shape: (10000, 31)
2025-11-20 21:11:08 INFO    |  encoder input shape: (10000, 37)
2025-11-20 21:11:08 INFO    |  encoder input shape: (10000, 2)
2025-11-20 21:11:08 INFO    |  actor input shape: (10000, 31)
2025-11-20 21:11:08 INFO    |  encoder input shape: (10000, 37)
2025-11-20 21:11:08 INFO    |  encoder input shape: (10000, 2)
2025-11-20 21:11:09 INFO    |  Plotted visualizations at env step 11586560.0
2025-11-20 21:11:13 INFO    |  step: 11586560
2025-11-20 21:11:13 INFO    |  step: 11586560, training/sps: 14887.362 +/- 0.000
2025-11-20 21:11:13 INFO    |  step: 11586560, training/actor_loss: 3.453 +/- 0.000
2025-11-20 21:11:13 INFO    |  step: 11586560, training/adaptive_mixing_raw: 0.547 +/- 0.000
2025-11-20 21:11:13 INFO    |  step: 11586560, training/adaptive_mixing_smoothed: 0.547 +/- 0.000
2025-11-20 21:11:13 INFO    |  step: 11586560, training/alpha_loss: 0.000 +/- 0.000
2025-11-20 21:11:13 INFO    |  step: 11586560, training/critic_loss: 3.745 +/- 0.000
2025-11-20 21:11:13 INFO    |  step: 11586560, training/entropy: -3.999 +/- 0.000
2025-11-20 21:11:13 INFO    |  step: 11586560, training/env_grad_mean_norm: 0.636 +/- 0.000
2025-11-20 21:11:13 INFO    |  step: 11586560, training/env_grad_trvar: 66.587 +/- 0.000
2025-11-20 21:11:13 INFO    |  step: 11586560, training/env_rb_bias_squared: 1.501 +/- 0.000
2025-11-20 21:11:13 INFO    |  step: 11586560, training/log_alpha: -4.599 +/- 0.000
2025-11-20 21:11:13 INFO    |  step: 11586560, training/num_env_samples: 192.325 +/- 0.000
2025-11-20 21:11:13 INFO    |  step: 11586560, training/num_rb_samples: 63.675 +/- 0.000
2025-11-20 21:11:13 INFO    |  step: 11586560, training/rb_grad_mean_norm: 1.076 +/- 0.000
2025-11-20 21:11:13 INFO    |  step: 11586560, training/rb_grad_trvar: 70.394 +/- 0.000
2025-11-20 21:11:13 INFO    |  step: 11586560, eval/episode_reward: 172.676 +/- 0.000
2025-11-20 21:11:13 INFO    |  step: 11586560, eval/episode_success: 172.676 +/- 0.000
2025-11-20 21:11:13 INFO    |  step: 11586560, eval/episode_success_easy: 272.074 +/- 0.000
2025-11-20 21:11:13 INFO    |  step: 11586560, eval/episode_dist: 3704.938 +/- 0.000
2025-11-20 21:11:13 INFO    |  step: 11586560, eval/episode_success_any: 0.254 +/- 0.000
2025-11-20 21:11:13 INFO    |  step: 11586560, eval/episode_reward_ctrl: 0.000 +/- 0.000
2025-11-20 21:11:13 INFO    |  step: 11586560, eval/episode_reward_dist: 0.000 +/- 0.000
2025-11-20 21:11:13 INFO    |  step: 11586560, eval/episode_reward_near: 0.000 +/- 0.000
2025-11-20 21:11:13 INFO    |  step: 11586560, eval/episode_reward_survive: 0.000 +/- 0.000
2025-11-20 21:11:13 INFO    |  step: 11586560, eval/episode_success_hard: 0.000 +/- 0.000
2025-11-20 21:11:46 INFO    |  actor input shape: (10000, 31)
2025-11-20 21:11:46 INFO    |  encoder input shape: (10000, 37)
2025-11-20 21:11:46 INFO    |  encoder input shape: (10000, 2)
2025-11-20 21:11:46 INFO    |  actor input shape: (10000, 31)
2025-11-20 21:11:46 INFO    |  encoder input shape: (10000, 37)
2025-11-20 21:11:46 INFO    |  encoder input shape: (10000, 2)
2025-11-20 21:11:46 INFO    |  actor input shape: (10000, 31)
2025-11-20 21:11:46 INFO    |  encoder input shape: (10000, 37)
2025-11-20 21:11:46 INFO    |  encoder input shape: (10000, 2)
2025-11-20 21:11:47 INFO    |  Plotted visualizations at env step 12078592.0
2025-11-20 21:11:51 INFO    |  step: 12078592
2025-11-20 21:11:51 INFO    |  step: 12078592, training/sps: 14754.459 +/- 0.000
2025-11-20 21:11:51 INFO    |  step: 12078592, training/actor_loss: 3.467 +/- 0.000
2025-11-20 21:11:51 INFO    |  step: 12078592, training/adaptive_mixing_raw: 0.551 +/- 0.000
2025-11-20 21:11:51 INFO    |  step: 12078592, training/adaptive_mixing_smoothed: 0.551 +/- 0.000
2025-11-20 21:11:51 INFO    |  step: 12078592, training/alpha_loss: 0.000 +/- 0.000
2025-11-20 21:11:51 INFO    |  step: 12078592, training/critic_loss: 3.763 +/- 0.000
2025-11-20 21:11:51 INFO    |  step: 12078592, training/entropy: -3.999 +/- 0.000
2025-11-20 21:11:51 INFO    |  step: 12078592, training/env_grad_mean_norm: 0.626 +/- 0.000
2025-11-20 21:11:51 INFO    |  step: 12078592, training/env_grad_trvar: 65.056 +/- 0.000
2025-11-20 21:11:51 INFO    |  step: 12078592, training/env_rb_bias_squared: 1.459 +/- 0.000
2025-11-20 21:11:51 INFO    |  step: 12078592, training/log_alpha: -4.611 +/- 0.000
2025-11-20 21:11:51 INFO    |  step: 12078592, training/num_env_samples: 192.125 +/- 0.000
2025-11-20 21:11:51 INFO    |  step: 12078592, training/num_rb_samples: 63.875 +/- 0.000
2025-11-20 21:11:51 INFO    |  step: 12078592, training/rb_grad_mean_norm: 1.060 +/- 0.000
2025-11-20 21:11:51 INFO    |  step: 12078592, training/rb_grad_trvar: 68.554 +/- 0.000
2025-11-20 21:11:51 INFO    |  step: 12078592, eval/episode_reward: 94.094 +/- 0.000
2025-11-20 21:11:51 INFO    |  step: 12078592, eval/episode_success: 94.094 +/- 0.000
2025-11-20 21:11:51 INFO    |  step: 12078592, eval/episode_success_easy: 295.395 +/- 0.000
2025-11-20 21:11:51 INFO    |  step: 12078592, eval/episode_dist: 5427.119 +/- 0.000
2025-11-20 21:11:51 INFO    |  step: 12078592, eval/episode_success_any: 0.188 +/- 0.000
2025-11-20 21:11:51 INFO    |  step: 12078592, eval/episode_reward_ctrl: 0.000 +/- 0.000
2025-11-20 21:11:51 INFO    |  step: 12078592, eval/episode_reward_dist: 0.000 +/- 0.000
2025-11-20 21:11:51 INFO    |  step: 12078592, eval/episode_reward_near: 0.000 +/- 0.000
2025-11-20 21:11:51 INFO    |  step: 12078592, eval/episode_reward_survive: 0.000 +/- 0.000
2025-11-20 21:11:51 INFO    |  step: 12078592, eval/episode_success_hard: 0.000 +/- 0.000
2025-11-20 21:12:24 INFO    |  actor input shape: (10000, 31)
2025-11-20 21:12:24 INFO    |  encoder input shape: (10000, 37)
2025-11-20 21:12:24 INFO    |  encoder input shape: (10000, 2)
2025-11-20 21:12:24 INFO    |  actor input shape: (10000, 31)
2025-11-20 21:12:24 INFO    |  encoder input shape: (10000, 37)
2025-11-20 21:12:24 INFO    |  encoder input shape: (10000, 2)
2025-11-20 21:12:25 INFO    |  actor input shape: (10000, 31)
2025-11-20 21:12:25 INFO    |  encoder input shape: (10000, 37)
2025-11-20 21:12:25 INFO    |  encoder input shape: (10000, 2)
2025-11-20 21:12:25 INFO    |  Plotted visualizations at env step 12570624.0
2025-11-20 21:12:30 INFO    |  step: 12570624
2025-11-20 21:12:30 INFO    |  step: 12570624, training/sps: 14702.536 +/- 0.000
2025-11-20 21:12:30 INFO    |  step: 12570624, training/actor_loss: 3.468 +/- 0.000
2025-11-20 21:12:30 INFO    |  step: 12570624, training/adaptive_mixing_raw: 0.596 +/- 0.000
2025-11-20 21:12:30 INFO    |  step: 12570624, training/adaptive_mixing_smoothed: 0.596 +/- 0.000
2025-11-20 21:12:30 INFO    |  step: 12570624, training/alpha_loss: -0.000 +/- 0.000
2025-11-20 21:12:30 INFO    |  step: 12570624, training/critic_loss: 3.764 +/- 0.000
2025-11-20 21:12:30 INFO    |  step: 12570624, training/entropy: -4.001 +/- 0.000
2025-11-20 21:12:30 INFO    |  step: 12570624, training/env_grad_mean_norm: 0.619 +/- 0.000
2025-11-20 21:12:30 INFO    |  step: 12570624, training/env_grad_trvar: 64.030 +/- 0.000
2025-11-20 21:12:30 INFO    |  step: 12570624, training/env_rb_bias_squared: 1.451 +/- 0.000
2025-11-20 21:12:30 INFO    |  step: 12570624, training/log_alpha: -4.618 +/- 0.000
2025-11-20 21:12:30 INFO    |  step: 12570624, training/num_env_samples: 191.994 +/- 0.000
2025-11-20 21:12:30 INFO    |  step: 12570624, training/num_rb_samples: 64.006 +/- 0.000
2025-11-20 21:12:30 INFO    |  step: 12570624, training/rb_grad_mean_norm: 1.059 +/- 0.000
2025-11-20 21:12:30 INFO    |  step: 12570624, training/rb_grad_trvar: 68.604 +/- 0.000
2025-11-20 21:12:30 INFO    |  step: 12570624, eval/episode_reward: 76.133 +/- 0.000
2025-11-20 21:12:30 INFO    |  step: 12570624, eval/episode_success: 76.133 +/- 0.000
2025-11-20 21:12:30 INFO    |  step: 12570624, eval/episode_success_easy: 275.777 +/- 0.000
2025-11-20 21:12:30 INFO    |  step: 12570624, eval/episode_dist: 4251.257 +/- 0.000
2025-11-20 21:12:30 INFO    |  step: 12570624, eval/episode_success_any: 0.137 +/- 0.000
2025-11-20 21:12:30 INFO    |  step: 12570624, eval/episode_reward_ctrl: 0.000 +/- 0.000
2025-11-20 21:12:30 INFO    |  step: 12570624, eval/episode_reward_dist: 0.000 +/- 0.000
2025-11-20 21:12:30 INFO    |  step: 12570624, eval/episode_reward_near: 0.000 +/- 0.000
2025-11-20 21:12:30 INFO    |  step: 12570624, eval/episode_reward_survive: 0.000 +/- 0.000
2025-11-20 21:12:30 INFO    |  step: 12570624, eval/episode_success_hard: 0.000 +/- 0.000
2025-11-20 21:13:03 INFO    |  actor input shape: (10000, 31)
2025-11-20 21:13:03 INFO    |  encoder input shape: (10000, 37)
2025-11-20 21:13:03 INFO    |  encoder input shape: (10000, 2)
2025-11-20 21:13:03 INFO    |  actor input shape: (10000, 31)
2025-11-20 21:13:03 INFO    |  encoder input shape: (10000, 37)
2025-11-20 21:13:03 INFO    |  encoder input shape: (10000, 2)
2025-11-20 21:13:03 INFO    |  actor input shape: (10000, 31)
2025-11-20 21:13:03 INFO    |  encoder input shape: (10000, 37)
2025-11-20 21:13:03 INFO    |  encoder input shape: (10000, 2)
2025-11-20 21:13:03 INFO    |  Plotted visualizations at env step 13062656.0
2025-11-20 21:13:08 INFO    |  step: 13062656
2025-11-20 21:13:10 INFO    |  actor input shape: (1, 31)
2025-11-20 21:13:37 INFO    |  step: 13062656, training/sps: 14663.761 +/- 0.000
2025-11-20 21:13:37 INFO    |  step: 13062656, training/actor_loss: 3.471 +/- 0.000
2025-11-20 21:13:37 INFO    |  step: 13062656, training/adaptive_mixing_raw: 0.651 +/- 0.000
2025-11-20 21:13:37 INFO    |  step: 13062656, training/adaptive_mixing_smoothed: 0.651 +/- 0.000
2025-11-20 21:13:37 INFO    |  step: 13062656, training/alpha_loss: 0.000 +/- 0.000
2025-11-20 21:13:37 INFO    |  step: 13062656, training/critic_loss: 3.767 +/- 0.000
2025-11-20 21:13:37 INFO    |  step: 13062656, training/entropy: -4.000 +/- 0.000
2025-11-20 21:13:37 INFO    |  step: 13062656, training/env_grad_mean_norm: 0.619 +/- 0.000
2025-11-20 21:13:37 INFO    |  step: 13062656, training/env_grad_trvar: 63.955 +/- 0.000
2025-11-20 21:13:37 INFO    |  step: 13062656, training/env_rb_bias_squared: 1.446 +/- 0.000
2025-11-20 21:13:37 INFO    |  step: 13062656, training/log_alpha: -4.612 +/- 0.000
2025-11-20 21:13:37 INFO    |  step: 13062656, training/num_env_samples: 191.958 +/- 0.000
2025-11-20 21:13:37 INFO    |  step: 13062656, training/num_rb_samples: 64.042 +/- 0.000
2025-11-20 21:13:37 INFO    |  step: 13062656, training/rb_grad_mean_norm: 1.056 +/- 0.000
2025-11-20 21:13:37 INFO    |  step: 13062656, training/rb_grad_trvar: 68.287 +/- 0.000
2025-11-20 21:13:37 INFO    |  step: 13062656, eval/episode_reward: 165.742 +/- 0.000
2025-11-20 21:13:37 INFO    |  step: 13062656, eval/episode_success: 165.742 +/- 0.000
2025-11-20 21:13:37 INFO    |  step: 13062656, eval/episode_success_easy: 345.031 +/- 0.000
2025-11-20 21:13:37 INFO    |  step: 13062656, eval/episode_dist: 4458.927 +/- 0.000
2025-11-20 21:13:37 INFO    |  step: 13062656, eval/episode_success_any: 0.332 +/- 0.000
2025-11-20 21:13:37 INFO    |  step: 13062656, eval/episode_reward_ctrl: 0.000 +/- 0.000
2025-11-20 21:13:37 INFO    |  step: 13062656, eval/episode_reward_dist: 0.000 +/- 0.000
2025-11-20 21:13:37 INFO    |  step: 13062656, eval/episode_reward_near: 0.000 +/- 0.000
2025-11-20 21:13:37 INFO    |  step: 13062656, eval/episode_reward_survive: 0.000 +/- 0.000
2025-11-20 21:13:37 INFO    |  step: 13062656, eval/episode_success_hard: 0.000 +/- 0.000
2025-11-20 21:14:09 INFO    |  actor input shape: (10000, 31)
2025-11-20 21:14:09 INFO    |  encoder input shape: (10000, 37)
2025-11-20 21:14:09 INFO    |  encoder input shape: (10000, 2)
2025-11-20 21:14:09 INFO    |  actor input shape: (10000, 31)
2025-11-20 21:14:09 INFO    |  encoder input shape: (10000, 37)
2025-11-20 21:14:09 INFO    |  encoder input shape: (10000, 2)
2025-11-20 21:14:10 INFO    |  actor input shape: (10000, 31)
2025-11-20 21:14:10 INFO    |  encoder input shape: (10000, 37)
2025-11-20 21:14:10 INFO    |  encoder input shape: (10000, 2)
2025-11-20 21:14:10 INFO    |  Plotted visualizations at env step 13554688.0
2025-11-20 21:14:15 INFO    |  step: 13554688
2025-11-20 21:14:15 INFO    |  step: 13554688, training/sps: 14744.341 +/- 0.000
2025-11-20 21:14:15 INFO    |  step: 13554688, training/actor_loss: 3.474 +/- 0.000
2025-11-20 21:14:15 INFO    |  step: 13554688, training/adaptive_mixing_raw: 0.514 +/- 0.000
2025-11-20 21:14:15 INFO    |  step: 13554688, training/adaptive_mixing_smoothed: 0.514 +/- 0.000
2025-11-20 21:14:15 INFO    |  step: 13554688, training/alpha_loss: 0.000 +/- 0.000
2025-11-20 21:14:15 INFO    |  step: 13554688, training/critic_loss: 3.772 +/- 0.000
2025-11-20 21:14:15 INFO    |  step: 13554688, training/entropy: -3.999 +/- 0.000
2025-11-20 21:14:15 INFO    |  step: 13554688, training/env_grad_mean_norm: 0.618 +/- 0.000
2025-11-20 21:14:15 INFO    |  step: 13554688, training/env_grad_trvar: 63.864 +/- 0.000
2025-11-20 21:14:15 INFO    |  step: 13554688, training/env_rb_bias_squared: 1.423 +/- 0.000
2025-11-20 21:14:15 INFO    |  step: 13554688, training/log_alpha: -4.619 +/- 0.000
2025-11-20 21:14:15 INFO    |  step: 13554688, training/num_env_samples: 191.595 +/- 0.000
2025-11-20 21:14:15 INFO    |  step: 13554688, training/num_rb_samples: 64.405 +/- 0.000
2025-11-20 21:14:15 INFO    |  step: 13554688, training/rb_grad_mean_norm: 1.045 +/- 0.000
2025-11-20 21:14:15 INFO    |  step: 13554688, training/rb_grad_trvar: 67.363 +/- 0.000
2025-11-20 21:14:15 INFO    |  step: 13554688, eval/episode_reward: 84.395 +/- 0.000
2025-11-20 21:14:15 INFO    |  step: 13554688, eval/episode_success: 84.395 +/- 0.000
2025-11-20 21:14:15 INFO    |  step: 13554688, eval/episode_success_easy: 258.512 +/- 0.000
2025-11-20 21:14:15 INFO    |  step: 13554688, eval/episode_dist: 4663.803 +/- 0.000
2025-11-20 21:14:15 INFO    |  step: 13554688, eval/episode_success_any: 0.172 +/- 0.000
2025-11-20 21:14:15 INFO    |  step: 13554688, eval/episode_reward_ctrl: 0.000 +/- 0.000
2025-11-20 21:14:15 INFO    |  step: 13554688, eval/episode_reward_dist: 0.000 +/- 0.000
2025-11-20 21:14:15 INFO    |  step: 13554688, eval/episode_reward_near: 0.000 +/- 0.000
2025-11-20 21:14:15 INFO    |  step: 13554688, eval/episode_reward_survive: 0.000 +/- 0.000
2025-11-20 21:14:15 INFO    |  step: 13554688, eval/episode_success_hard: 0.000 +/- 0.000
2025-11-20 21:14:47 INFO    |  actor input shape: (10000, 31)
2025-11-20 21:14:47 INFO    |  encoder input shape: (10000, 37)
2025-11-20 21:14:47 INFO    |  encoder input shape: (10000, 2)
2025-11-20 21:14:47 INFO    |  actor input shape: (10000, 31)
2025-11-20 21:14:47 INFO    |  encoder input shape: (10000, 37)
2025-11-20 21:14:47 INFO    |  encoder input shape: (10000, 2)
2025-11-20 21:14:47 INFO    |  actor input shape: (10000, 31)
2025-11-20 21:14:47 INFO    |  encoder input shape: (10000, 37)
2025-11-20 21:14:47 INFO    |  encoder input shape: (10000, 2)
2025-11-20 21:14:48 INFO    |  Plotted visualizations at env step 14046720.0
2025-11-20 21:14:52 INFO    |  step: 14046720
2025-11-20 21:14:52 INFO    |  step: 14046720, training/sps: 14983.467 +/- 0.000
2025-11-20 21:14:52 INFO    |  step: 14046720, training/actor_loss: 3.471 +/- 0.000
2025-11-20 21:14:52 INFO    |  step: 14046720, training/adaptive_mixing_raw: 0.400 +/- 0.000
2025-11-20 21:14:52 INFO    |  step: 14046720, training/adaptive_mixing_smoothed: 0.400 +/- 0.000
2025-11-20 21:14:52 INFO    |  step: 14046720, training/alpha_loss: 0.000 +/- 0.000
2025-11-20 21:14:52 INFO    |  step: 14046720, training/critic_loss: 3.771 +/- 0.000
2025-11-20 21:14:52 INFO    |  step: 14046720, training/entropy: -3.998 +/- 0.000
2025-11-20 21:14:52 INFO    |  step: 14046720, training/env_grad_mean_norm: 0.613 +/- 0.000
2025-11-20 21:14:52 INFO    |  step: 14046720, training/env_grad_trvar: 63.105 +/- 0.000
2025-11-20 21:14:52 INFO    |  step: 14046720, training/env_rb_bias_squared: 1.407 +/- 0.000
2025-11-20 21:14:52 INFO    |  step: 14046720, training/log_alpha: -4.614 +/- 0.000
2025-11-20 21:14:52 INFO    |  step: 14046720, training/num_env_samples: 192.029 +/- 0.000
2025-11-20 21:14:52 INFO    |  step: 14046720, training/num_rb_samples: 63.971 +/- 0.000
2025-11-20 21:14:52 INFO    |  step: 14046720, training/rb_grad_mean_norm: 1.038 +/- 0.000
2025-11-20 21:14:52 INFO    |  step: 14046720, training/rb_grad_trvar: 66.049 +/- 0.000
2025-11-20 21:14:52 INFO    |  step: 14046720, eval/episode_reward: 86.414 +/- 0.000
2025-11-20 21:14:52 INFO    |  step: 14046720, eval/episode_success: 86.414 +/- 0.000
2025-11-20 21:14:52 INFO    |  step: 14046720, eval/episode_success_easy: 285.473 +/- 0.000
2025-11-20 21:14:52 INFO    |  step: 14046720, eval/episode_dist: 4203.673 +/- 0.000
2025-11-20 21:14:52 INFO    |  step: 14046720, eval/episode_success_any: 0.191 +/- 0.000
2025-11-20 21:14:52 INFO    |  step: 14046720, eval/episode_reward_ctrl: 0.000 +/- 0.000
2025-11-20 21:14:52 INFO    |  step: 14046720, eval/episode_reward_dist: 0.000 +/- 0.000
2025-11-20 21:14:52 INFO    |  step: 14046720, eval/episode_reward_near: 0.000 +/- 0.000
2025-11-20 21:14:52 INFO    |  step: 14046720, eval/episode_reward_survive: 0.000 +/- 0.000
2025-11-20 21:14:52 INFO    |  step: 14046720, eval/episode_success_hard: 0.000 +/- 0.000
2025-11-20 21:15:24 INFO    |  actor input shape: (10000, 31)
2025-11-20 21:15:24 INFO    |  encoder input shape: (10000, 37)
2025-11-20 21:15:24 INFO    |  encoder input shape: (10000, 2)
2025-11-20 21:15:24 INFO    |  actor input shape: (10000, 31)
2025-11-20 21:15:24 INFO    |  encoder input shape: (10000, 37)
2025-11-20 21:15:24 INFO    |  encoder input shape: (10000, 2)
2025-11-20 21:15:24 INFO    |  actor input shape: (10000, 31)
2025-11-20 21:15:24 INFO    |  encoder input shape: (10000, 37)
2025-11-20 21:15:24 INFO    |  encoder input shape: (10000, 2)
2025-11-20 21:15:25 INFO    |  Plotted visualizations at env step 14538752.0
2025-11-20 21:15:30 INFO    |  step: 14538752
2025-11-20 21:15:30 INFO    |  step: 14538752, training/sps: 15243.767 +/- 0.000
2025-11-20 21:15:30 INFO    |  step: 14538752, training/actor_loss: 3.460 +/- 0.000
2025-11-20 21:15:30 INFO    |  step: 14538752, training/adaptive_mixing_raw: 0.471 +/- 0.000
2025-11-20 21:15:30 INFO    |  step: 14538752, training/adaptive_mixing_smoothed: 0.471 +/- 0.000
2025-11-20 21:15:30 INFO    |  step: 14538752, training/alpha_loss: -0.000 +/- 0.000
2025-11-20 21:15:30 INFO    |  step: 14538752, training/critic_loss: 3.762 +/- 0.000
2025-11-20 21:15:30 INFO    |  step: 14538752, training/entropy: -4.001 +/- 0.000
2025-11-20 21:15:30 INFO    |  step: 14538752, training/env_grad_mean_norm: 0.616 +/- 0.000
2025-11-20 21:15:30 INFO    |  step: 14538752, training/env_grad_trvar: 62.904 +/- 0.000
2025-11-20 21:15:30 INFO    |  step: 14538752, training/env_rb_bias_squared: 1.376 +/- 0.000
2025-11-20 21:15:30 INFO    |  step: 14538752, training/log_alpha: -4.612 +/- 0.000
2025-11-20 21:15:30 INFO    |  step: 14538752, training/num_env_samples: 192.013 +/- 0.000
2025-11-20 21:15:30 INFO    |  step: 14538752, training/num_rb_samples: 63.987 +/- 0.000
2025-11-20 21:15:30 INFO    |  step: 14538752, training/rb_grad_mean_norm: 1.024 +/- 0.000
2025-11-20 21:15:30 INFO    |  step: 14538752, training/rb_grad_trvar: 64.106 +/- 0.000
2025-11-20 21:15:30 INFO    |  step: 14538752, eval/episode_reward: 96.980 +/- 0.000
2025-11-20 21:15:30 INFO    |  step: 14538752, eval/episode_success: 96.980 +/- 0.000
2025-11-20 21:15:30 INFO    |  step: 14538752, eval/episode_success_easy: 192.816 +/- 0.000
2025-11-20 21:15:30 INFO    |  step: 14538752, eval/episode_dist: 4850.969 +/- 0.000
2025-11-20 21:15:30 INFO    |  step: 14538752, eval/episode_success_any: 0.180 +/- 0.000
2025-11-20 21:15:30 INFO    |  step: 14538752, eval/episode_reward_ctrl: 0.000 +/- 0.000
2025-11-20 21:15:30 INFO    |  step: 14538752, eval/episode_reward_dist: 0.000 +/- 0.000
2025-11-20 21:15:30 INFO    |  step: 14538752, eval/episode_reward_near: 0.000 +/- 0.000
2025-11-20 21:15:30 INFO    |  step: 14538752, eval/episode_reward_survive: 0.000 +/- 0.000
2025-11-20 21:15:30 INFO    |  step: 14538752, eval/episode_success_hard: 0.000 +/- 0.000
2025-11-20 21:16:01 INFO    |  actor input shape: (10000, 31)
2025-11-20 21:16:01 INFO    |  encoder input shape: (10000, 37)
2025-11-20 21:16:01 INFO    |  encoder input shape: (10000, 2)
2025-11-20 21:16:01 INFO    |  actor input shape: (10000, 31)
2025-11-20 21:16:01 INFO    |  encoder input shape: (10000, 37)
2025-11-20 21:16:01 INFO    |  encoder input shape: (10000, 2)
2025-11-20 21:16:02 INFO    |  actor input shape: (10000, 31)
2025-11-20 21:16:02 INFO    |  encoder input shape: (10000, 37)
2025-11-20 21:16:02 INFO    |  encoder input shape: (10000, 2)
2025-11-20 21:16:02 INFO    |  Plotted visualizations at env step 15030784.0
2025-11-20 21:16:07 INFO    |  step: 15030784
2025-11-20 21:16:07 INFO    |  step: 15030784, training/sps: 15137.616 +/- 0.000
2025-11-20 21:16:07 INFO    |  step: 15030784, training/actor_loss: 3.461 +/- 0.000
2025-11-20 21:16:07 INFO    |  step: 15030784, training/adaptive_mixing_raw: 0.452 +/- 0.000
2025-11-20 21:16:07 INFO    |  step: 15030784, training/adaptive_mixing_smoothed: 0.452 +/- 0.000
2025-11-20 21:16:07 INFO    |  step: 15030784, training/alpha_loss: -0.000 +/- 0.000
2025-11-20 21:16:07 INFO    |  step: 15030784, training/critic_loss: 3.769 +/- 0.000
2025-11-20 21:16:07 INFO    |  step: 15030784, training/entropy: -4.000 +/- 0.000
2025-11-20 21:16:07 INFO    |  step: 15030784, training/env_grad_mean_norm: 0.616 +/- 0.000
2025-11-20 21:16:07 INFO    |  step: 15030784, training/env_grad_trvar: 63.169 +/- 0.000
2025-11-20 21:16:07 INFO    |  step: 15030784, training/env_rb_bias_squared: 1.381 +/- 0.000
2025-11-20 21:16:07 INFO    |  step: 15030784, training/log_alpha: -4.606 +/- 0.000
2025-11-20 21:16:07 INFO    |  step: 15030784, training/num_env_samples: 192.478 +/- 0.000
2025-11-20 21:16:07 INFO    |  step: 15030784, training/num_rb_samples: 63.522 +/- 0.000
2025-11-20 21:16:07 INFO    |  step: 15030784, training/rb_grad_mean_norm: 1.026 +/- 0.000
2025-11-20 21:16:07 INFO    |  step: 15030784, training/rb_grad_trvar: 64.001 +/- 0.000
2025-11-20 21:16:07 INFO    |  step: 15030784, eval/episode_reward: 93.266 +/- 0.000
2025-11-20 21:16:07 INFO    |  step: 15030784, eval/episode_success: 93.266 +/- 0.000
2025-11-20 21:16:07 INFO    |  step: 15030784, eval/episode_success_easy: 264.109 +/- 0.000
2025-11-20 21:16:07 INFO    |  step: 15030784, eval/episode_dist: 4864.590 +/- 0.000
2025-11-20 21:16:07 INFO    |  step: 15030784, eval/episode_success_any: 0.184 +/- 0.000
2025-11-20 21:16:07 INFO    |  step: 15030784, eval/episode_reward_ctrl: 0.000 +/- 0.000
2025-11-20 21:16:07 INFO    |  step: 15030784, eval/episode_reward_dist: 0.000 +/- 0.000
2025-11-20 21:16:07 INFO    |  step: 15030784, eval/episode_reward_near: 0.000 +/- 0.000
2025-11-20 21:16:07 INFO    |  step: 15030784, eval/episode_reward_survive: 0.000 +/- 0.000
2025-11-20 21:16:07 INFO    |  step: 15030784, eval/episode_success_hard: 0.000 +/- 0.000
2025-11-20 21:16:39 INFO    |  actor input shape: (10000, 31)
2025-11-20 21:16:39 INFO    |  encoder input shape: (10000, 37)
2025-11-20 21:16:39 INFO    |  encoder input shape: (10000, 2)
2025-11-20 21:16:39 INFO    |  actor input shape: (10000, 31)
2025-11-20 21:16:39 INFO    |  encoder input shape: (10000, 37)
2025-11-20 21:16:39 INFO    |  encoder input shape: (10000, 2)
2025-11-20 21:16:39 INFO    |  actor input shape: (10000, 31)
2025-11-20 21:16:39 INFO    |  encoder input shape: (10000, 37)
2025-11-20 21:16:39 INFO    |  encoder input shape: (10000, 2)
2025-11-20 21:16:39 INFO    |  Plotted visualizations at env step 15522816.0
2025-11-20 21:16:44 INFO    |  step: 15522816
2025-11-20 21:16:46 INFO    |  actor input shape: (1, 31)
2025-11-20 21:17:14 INFO    |  step: 15522816, training/sps: 15161.401 +/- 0.000
2025-11-20 21:17:14 INFO    |  step: 15522816, training/actor_loss: 3.464 +/- 0.000
2025-11-20 21:17:14 INFO    |  step: 15522816, training/adaptive_mixing_raw: 0.462 +/- 0.000
2025-11-20 21:17:14 INFO    |  step: 15522816, training/adaptive_mixing_smoothed: 0.462 +/- 0.000
2025-11-20 21:17:14 INFO    |  step: 15522816, training/alpha_loss: 0.000 +/- 0.000
2025-11-20 21:17:14 INFO    |  step: 15522816, training/critic_loss: 3.768 +/- 0.000
2025-11-20 21:17:14 INFO    |  step: 15522816, training/entropy: -3.999 +/- 0.000
2025-11-20 21:17:14 INFO    |  step: 15522816, training/env_grad_mean_norm: 0.609 +/- 0.000
2025-11-20 21:17:14 INFO    |  step: 15522816, training/env_grad_trvar: 62.118 +/- 0.000
2025-11-20 21:17:14 INFO    |  step: 15522816, training/env_rb_bias_squared: 1.352 +/- 0.000
2025-11-20 21:17:14 INFO    |  step: 15522816, training/log_alpha: -4.610 +/- 0.000
2025-11-20 21:17:14 INFO    |  step: 15522816, training/num_env_samples: 192.528 +/- 0.000
2025-11-20 21:17:14 INFO    |  step: 15522816, training/num_rb_samples: 63.472 +/- 0.000
2025-11-20 21:17:14 INFO    |  step: 15522816, training/rb_grad_mean_norm: 1.015 +/- 0.000
2025-11-20 21:17:14 INFO    |  step: 15522816, training/rb_grad_trvar: 62.470 +/- 0.000
2025-11-20 21:17:14 INFO    |  step: 15522816, eval/episode_reward: 166.020 +/- 0.000
2025-11-20 21:17:14 INFO    |  step: 15522816, eval/episode_success: 166.020 +/- 0.000
2025-11-20 21:17:14 INFO    |  step: 15522816, eval/episode_success_easy: 315.945 +/- 0.000
2025-11-20 21:17:14 INFO    |  step: 15522816, eval/episode_dist: 3514.839 +/- 0.000
2025-11-20 21:17:14 INFO    |  step: 15522816, eval/episode_success_any: 0.312 +/- 0.000
2025-11-20 21:17:14 INFO    |  step: 15522816, eval/episode_reward_ctrl: 0.000 +/- 0.000
2025-11-20 21:17:14 INFO    |  step: 15522816, eval/episode_reward_dist: 0.000 +/- 0.000
2025-11-20 21:17:14 INFO    |  step: 15522816, eval/episode_reward_near: 0.000 +/- 0.000
2025-11-20 21:17:14 INFO    |  step: 15522816, eval/episode_reward_survive: 0.000 +/- 0.000
2025-11-20 21:17:14 INFO    |  step: 15522816, eval/episode_success_hard: 0.000 +/- 0.000
2025-11-20 21:17:46 INFO    |  actor input shape: (10000, 31)
2025-11-20 21:17:46 INFO    |  encoder input shape: (10000, 37)
2025-11-20 21:17:46 INFO    |  encoder input shape: (10000, 2)
2025-11-20 21:17:46 INFO    |  actor input shape: (10000, 31)
2025-11-20 21:17:46 INFO    |  encoder input shape: (10000, 37)
2025-11-20 21:17:46 INFO    |  encoder input shape: (10000, 2)
2025-11-20 21:17:46 INFO    |  actor input shape: (10000, 31)
2025-11-20 21:17:46 INFO    |  encoder input shape: (10000, 37)
2025-11-20 21:17:46 INFO    |  encoder input shape: (10000, 2)
2025-11-20 21:17:47 INFO    |  Plotted visualizations at env step 16014848.0
2025-11-20 21:17:52 INFO    |  step: 16014848
2025-11-20 21:17:52 INFO    |  step: 16014848, training/sps: 15121.041 +/- 0.000
2025-11-20 21:17:52 INFO    |  step: 16014848, training/actor_loss: 3.468 +/- 0.000
2025-11-20 21:17:52 INFO    |  step: 16014848, training/adaptive_mixing_raw: 0.456 +/- 0.000
2025-11-20 21:17:52 INFO    |  step: 16014848, training/adaptive_mixing_smoothed: 0.456 +/- 0.000
2025-11-20 21:17:52 INFO    |  step: 16014848, training/alpha_loss: -0.000 +/- 0.000
2025-11-20 21:17:52 INFO    |  step: 16014848, training/critic_loss: 3.771 +/- 0.000
2025-11-20 21:17:52 INFO    |  step: 16014848, training/entropy: -4.001 +/- 0.000
2025-11-20 21:17:52 INFO    |  step: 16014848, training/env_grad_mean_norm: 0.609 +/- 0.000
2025-11-20 21:17:52 INFO    |  step: 16014848, training/env_grad_trvar: 61.856 +/- 0.000
2025-11-20 21:17:52 INFO    |  step: 16014848, training/env_rb_bias_squared: 1.333 +/- 0.000
2025-11-20 21:17:52 INFO    |  step: 16014848, training/log_alpha: -4.610 +/- 0.000
2025-11-20 21:17:52 INFO    |  step: 16014848, training/num_env_samples: 192.547 +/- 0.000
2025-11-20 21:17:52 INFO    |  step: 16014848, training/num_rb_samples: 63.453 +/- 0.000
2025-11-20 21:17:52 INFO    |  step: 16014848, training/rb_grad_mean_norm: 1.006 +/- 0.000
2025-11-20 21:17:52 INFO    |  step: 16014848, training/rb_grad_trvar: 61.449 +/- 0.000
2025-11-20 21:17:52 INFO    |  step: 16014848, eval/episode_reward: 133.469 +/- 0.000
2025-11-20 21:17:52 INFO    |  step: 16014848, eval/episode_success: 133.469 +/- 0.000
2025-11-20 21:17:52 INFO    |  step: 16014848, eval/episode_success_easy: 222.176 +/- 0.000
2025-11-20 21:17:52 INFO    |  step: 16014848, eval/episode_dist: 4789.281 +/- 0.000
2025-11-20 21:17:52 INFO    |  step: 16014848, eval/episode_success_any: 0.219 +/- 0.000
2025-11-20 21:17:52 INFO    |  step: 16014848, eval/episode_reward_ctrl: 0.000 +/- 0.000
2025-11-20 21:17:52 INFO    |  step: 16014848, eval/episode_reward_dist: 0.000 +/- 0.000
2025-11-20 21:17:52 INFO    |  step: 16014848, eval/episode_reward_near: 0.000 +/- 0.000
2025-11-20 21:17:52 INFO    |  step: 16014848, eval/episode_reward_survive: 0.000 +/- 0.000
2025-11-20 21:17:52 INFO    |  step: 16014848, eval/episode_success_hard: 0.000 +/- 0.000
2025-11-20 21:18:23 INFO    |  actor input shape: (10000, 31)
2025-11-20 21:18:23 INFO    |  encoder input shape: (10000, 37)
2025-11-20 21:18:23 INFO    |  encoder input shape: (10000, 2)
2025-11-20 21:18:23 INFO    |  actor input shape: (10000, 31)
2025-11-20 21:18:23 INFO    |  encoder input shape: (10000, 37)
2025-11-20 21:18:23 INFO    |  encoder input shape: (10000, 2)
2025-11-20 21:18:24 INFO    |  actor input shape: (10000, 31)
2025-11-20 21:18:24 INFO    |  encoder input shape: (10000, 37)
2025-11-20 21:18:24 INFO    |  encoder input shape: (10000, 2)
2025-11-20 21:18:24 INFO    |  Plotted visualizations at env step 16506880.0
2025-11-20 21:18:29 INFO    |  step: 16506880
2025-11-20 21:18:29 INFO    |  step: 16506880, training/sps: 15212.033 +/- 0.000
2025-11-20 21:18:29 INFO    |  step: 16506880, training/actor_loss: 3.473 +/- 0.000
2025-11-20 21:18:29 INFO    |  step: 16506880, training/adaptive_mixing_raw: 0.432 +/- 0.000
2025-11-20 21:18:29 INFO    |  step: 16506880, training/adaptive_mixing_smoothed: 0.432 +/- 0.000
2025-11-20 21:18:29 INFO    |  step: 16506880, training/alpha_loss: -0.000 +/- 0.000
2025-11-20 21:18:29 INFO    |  step: 16506880, training/critic_loss: 3.780 +/- 0.000
2025-11-20 21:18:29 INFO    |  step: 16506880, training/entropy: -4.001 +/- 0.000
2025-11-20 21:18:29 INFO    |  step: 16506880, training/env_grad_mean_norm: 0.601 +/- 0.000
2025-11-20 21:18:29 INFO    |  step: 16506880, training/env_grad_trvar: 60.242 +/- 0.000
2025-11-20 21:18:29 INFO    |  step: 16506880, training/env_rb_bias_squared: 1.289 +/- 0.000
2025-11-20 21:18:29 INFO    |  step: 16506880, training/log_alpha: -4.605 +/- 0.000
2025-11-20 21:18:29 INFO    |  step: 16506880, training/num_env_samples: 192.118 +/- 0.000
2025-11-20 21:18:29 INFO    |  step: 16506880, training/num_rb_samples: 63.882 +/- 0.000
2025-11-20 21:18:29 INFO    |  step: 16506880, training/rb_grad_mean_norm: 0.988 +/- 0.000
2025-11-20 21:18:29 INFO    |  step: 16506880, training/rb_grad_trvar: 59.634 +/- 0.000
2025-11-20 21:18:29 INFO    |  step: 16506880, eval/episode_reward: 119.188 +/- 0.000
2025-11-20 21:18:29 INFO    |  step: 16506880, eval/episode_success: 119.188 +/- 0.000
2025-11-20 21:18:29 INFO    |  step: 16506880, eval/episode_success_easy: 241.602 +/- 0.000
2025-11-20 21:18:29 INFO    |  step: 16506880, eval/episode_dist: 5698.394 +/- 0.000
2025-11-20 21:18:29 INFO    |  step: 16506880, eval/episode_success_any: 0.227 +/- 0.000
2025-11-20 21:18:29 INFO    |  step: 16506880, eval/episode_reward_ctrl: 0.000 +/- 0.000
2025-11-20 21:18:29 INFO    |  step: 16506880, eval/episode_reward_dist: 0.000 +/- 0.000
2025-11-20 21:18:29 INFO    |  step: 16506880, eval/episode_reward_near: 0.000 +/- 0.000
2025-11-20 21:18:29 INFO    |  step: 16506880, eval/episode_reward_survive: 0.000 +/- 0.000
2025-11-20 21:18:29 INFO    |  step: 16506880, eval/episode_success_hard: 0.000 +/- 0.000
2025-11-20 21:19:01 INFO    |  actor input shape: (10000, 31)
2025-11-20 21:19:01 INFO    |  encoder input shape: (10000, 37)
2025-11-20 21:19:01 INFO    |  encoder input shape: (10000, 2)
2025-11-20 21:19:01 INFO    |  actor input shape: (10000, 31)
2025-11-20 21:19:01 INFO    |  encoder input shape: (10000, 37)
2025-11-20 21:19:01 INFO    |  encoder input shape: (10000, 2)
2025-11-20 21:19:01 INFO    |  actor input shape: (10000, 31)
2025-11-20 21:19:01 INFO    |  encoder input shape: (10000, 37)
2025-11-20 21:19:01 INFO    |  encoder input shape: (10000, 2)
2025-11-20 21:19:01 INFO    |  Plotted visualizations at env step 16998912.0
2025-11-20 21:19:06 INFO    |  step: 16998912
2025-11-20 21:19:06 INFO    |  step: 16998912, training/sps: 15033.103 +/- 0.000
2025-11-20 21:19:06 INFO    |  step: 16998912, training/actor_loss: 3.472 +/- 0.000
2025-11-20 21:19:06 INFO    |  step: 16998912, training/adaptive_mixing_raw: 0.503 +/- 0.000
2025-11-20 21:19:06 INFO    |  step: 16998912, training/adaptive_mixing_smoothed: 0.503 +/- 0.000
2025-11-20 21:19:06 INFO    |  step: 16998912, training/alpha_loss: 0.000 +/- 0.000
2025-11-20 21:19:06 INFO    |  step: 16998912, training/critic_loss: 3.778 +/- 0.000
2025-11-20 21:19:06 INFO    |  step: 16998912, training/entropy: -4.000 +/- 0.000
2025-11-20 21:19:06 INFO    |  step: 16998912, training/env_grad_mean_norm: 0.598 +/- 0.000
2025-11-20 21:19:06 INFO    |  step: 16998912, training/env_grad_trvar: 59.550 +/- 0.000
2025-11-20 21:19:06 INFO    |  step: 16998912, training/env_rb_bias_squared: 1.254 +/- 0.000
2025-11-20 21:19:06 INFO    |  step: 16998912, training/log_alpha: -4.594 +/- 0.000
2025-11-20 21:19:06 INFO    |  step: 16998912, training/num_env_samples: 191.093 +/- 0.000
2025-11-20 21:19:06 INFO    |  step: 16998912, training/num_rb_samples: 64.907 +/- 0.000
2025-11-20 21:19:06 INFO    |  step: 16998912, training/rb_grad_mean_norm: 0.970 +/- 0.000
2025-11-20 21:19:06 INFO    |  step: 16998912, training/rb_grad_trvar: 58.353 +/- 0.000
2025-11-20 21:19:06 INFO    |  step: 16998912, eval/episode_reward: 136.000 +/- 0.000
2025-11-20 21:19:06 INFO    |  step: 16998912, eval/episode_success: 136.000 +/- 0.000
2025-11-20 21:19:06 INFO    |  step: 16998912, eval/episode_success_easy: 237.273 +/- 0.000
2025-11-20 21:19:06 INFO    |  step: 16998912, eval/episode_dist: 5438.762 +/- 0.000
2025-11-20 21:19:06 INFO    |  step: 16998912, eval/episode_success_any: 0.215 +/- 0.000
2025-11-20 21:19:06 INFO    |  step: 16998912, eval/episode_reward_ctrl: 0.000 +/- 0.000
2025-11-20 21:19:06 INFO    |  step: 16998912, eval/episode_reward_dist: 0.000 +/- 0.000
2025-11-20 21:19:06 INFO    |  step: 16998912, eval/episode_reward_near: 0.000 +/- 0.000
2025-11-20 21:19:06 INFO    |  step: 16998912, eval/episode_reward_survive: 0.000 +/- 0.000
2025-11-20 21:19:06 INFO    |  step: 16998912, eval/episode_success_hard: 0.000 +/- 0.000
2025-11-20 21:19:38 INFO    |  actor input shape: (10000, 31)
2025-11-20 21:19:38 INFO    |  encoder input shape: (10000, 37)
2025-11-20 21:19:38 INFO    |  encoder input shape: (10000, 2)
2025-11-20 21:19:39 INFO    |  actor input shape: (10000, 31)
2025-11-20 21:19:39 INFO    |  encoder input shape: (10000, 37)
2025-11-20 21:19:39 INFO    |  encoder input shape: (10000, 2)
2025-11-20 21:19:39 INFO    |  actor input shape: (10000, 31)
2025-11-20 21:19:39 INFO    |  encoder input shape: (10000, 37)
2025-11-20 21:19:39 INFO    |  encoder input shape: (10000, 2)
2025-11-20 21:19:39 INFO    |  Plotted visualizations at env step 17490944.0
2025-11-20 21:19:44 INFO    |  step: 17490944
2025-11-20 21:19:44 INFO    |  step: 17490944, training/sps: 15009.635 +/- 0.000
2025-11-20 21:19:44 INFO    |  step: 17490944, training/actor_loss: 3.472 +/- 0.000
2025-11-20 21:19:44 INFO    |  step: 17490944, training/adaptive_mixing_raw: 0.467 +/- 0.000
2025-11-20 21:19:44 INFO    |  step: 17490944, training/adaptive_mixing_smoothed: 0.467 +/- 0.000
2025-11-20 21:19:44 INFO    |  step: 17490944, training/alpha_loss: 0.000 +/- 0.000
2025-11-20 21:19:44 INFO    |  step: 17490944, training/critic_loss: 3.774 +/- 0.000
2025-11-20 21:19:44 INFO    |  step: 17490944, training/entropy: -4.000 +/- 0.000
2025-11-20 21:19:44 INFO    |  step: 17490944, training/env_grad_mean_norm: 0.591 +/- 0.000
2025-11-20 21:19:44 INFO    |  step: 17490944, training/env_grad_trvar: 57.831 +/- 0.000
2025-11-20 21:19:44 INFO    |  step: 17490944, training/env_rb_bias_squared: 1.212 +/- 0.000
2025-11-20 21:19:44 INFO    |  step: 17490944, training/log_alpha: -4.597 +/- 0.000
2025-11-20 21:19:44 INFO    |  step: 17490944, training/num_env_samples: 191.191 +/- 0.000
2025-11-20 21:19:44 INFO    |  step: 17490944, training/num_rb_samples: 64.809 +/- 0.000
2025-11-20 21:19:44 INFO    |  step: 17490944, training/rb_grad_mean_norm: 0.954 +/- 0.000
2025-11-20 21:19:44 INFO    |  step: 17490944, training/rb_grad_trvar: 56.340 +/- 0.000
2025-11-20 21:19:44 INFO    |  step: 17490944, eval/episode_reward: 156.348 +/- 0.000
2025-11-20 21:19:44 INFO    |  step: 17490944, eval/episode_success: 156.348 +/- 0.000
2025-11-20 21:19:44 INFO    |  step: 17490944, eval/episode_success_easy: 280.477 +/- 0.000
2025-11-20 21:19:44 INFO    |  step: 17490944, eval/episode_dist: 4949.958 +/- 0.000
2025-11-20 21:19:44 INFO    |  step: 17490944, eval/episode_success_any: 0.242 +/- 0.000
2025-11-20 21:19:44 INFO    |  step: 17490944, eval/episode_reward_ctrl: 0.000 +/- 0.000
2025-11-20 21:19:44 INFO    |  step: 17490944, eval/episode_reward_dist: 0.000 +/- 0.000
2025-11-20 21:19:44 INFO    |  step: 17490944, eval/episode_reward_near: 0.000 +/- 0.000
2025-11-20 21:19:44 INFO    |  step: 17490944, eval/episode_reward_survive: 0.000 +/- 0.000
2025-11-20 21:19:44 INFO    |  step: 17490944, eval/episode_success_hard: 0.000 +/- 0.000
2025-11-20 21:20:15 INFO    |  actor input shape: (10000, 31)
2025-11-20 21:20:15 INFO    |  encoder input shape: (10000, 37)
2025-11-20 21:20:15 INFO    |  encoder input shape: (10000, 2)
2025-11-20 21:20:16 INFO    |  actor input shape: (10000, 31)
2025-11-20 21:20:16 INFO    |  encoder input shape: (10000, 37)
2025-11-20 21:20:16 INFO    |  encoder input shape: (10000, 2)
2025-11-20 21:20:16 INFO    |  actor input shape: (10000, 31)
2025-11-20 21:20:16 INFO    |  encoder input shape: (10000, 37)
2025-11-20 21:20:16 INFO    |  encoder input shape: (10000, 2)
2025-11-20 21:20:16 INFO    |  Plotted visualizations at env step 17982976.0
2025-11-20 21:20:21 INFO    |  step: 17982976
2025-11-20 21:20:23 INFO    |  actor input shape: (1, 31)
2025-11-20 21:20:50 INFO    |  step: 17982976, training/sps: 15203.271 +/- 0.000
2025-11-20 21:20:50 INFO    |  step: 17982976, training/actor_loss: 3.460 +/- 0.000
2025-11-20 21:20:50 INFO    |  step: 17982976, training/adaptive_mixing_raw: 0.361 +/- 0.000
2025-11-20 21:20:50 INFO    |  step: 17982976, training/adaptive_mixing_smoothed: 0.361 +/- 0.000
2025-11-20 21:20:50 INFO    |  step: 17982976, training/alpha_loss: -0.000 +/- 0.000
2025-11-20 21:20:50 INFO    |  step: 17982976, training/critic_loss: 3.758 +/- 0.000
2025-11-20 21:20:50 INFO    |  step: 17982976, training/entropy: -4.000 +/- 0.000
2025-11-20 21:20:50 INFO    |  step: 17982976, training/env_grad_mean_norm: 0.584 +/- 0.000
2025-11-20 21:20:50 INFO    |  step: 17982976, training/env_grad_trvar: 56.588 +/- 0.000
2025-11-20 21:20:50 INFO    |  step: 17982976, training/env_rb_bias_squared: 1.202 +/- 0.000
2025-11-20 21:20:50 INFO    |  step: 17982976, training/log_alpha: -4.601 +/- 0.000
2025-11-20 21:20:50 INFO    |  step: 17982976, training/num_env_samples: 191.506 +/- 0.000
2025-11-20 21:20:50 INFO    |  step: 17982976, training/num_rb_samples: 64.494 +/- 0.000
2025-11-20 21:20:50 INFO    |  step: 17982976, training/rb_grad_mean_norm: 0.951 +/- 0.000
2025-11-20 21:20:50 INFO    |  step: 17982976, training/rb_grad_trvar: 55.854 +/- 0.000
2025-11-20 21:20:50 INFO    |  step: 17982976, eval/episode_reward: 117.273 +/- 0.000
2025-11-20 21:20:50 INFO    |  step: 17982976, eval/episode_success: 117.273 +/- 0.000
2025-11-20 21:20:50 INFO    |  step: 17982976, eval/episode_success_easy: 282.430 +/- 0.000
2025-11-20 21:20:50 INFO    |  step: 17982976, eval/episode_dist: 4759.371 +/- 0.000
2025-11-20 21:20:50 INFO    |  step: 17982976, eval/episode_success_any: 0.211 +/- 0.000
2025-11-20 21:20:50 INFO    |  step: 17982976, eval/episode_reward_ctrl: 0.000 +/- 0.000
2025-11-20 21:20:50 INFO    |  step: 17982976, eval/episode_reward_dist: 0.000 +/- 0.000
2025-11-20 21:20:50 INFO    |  step: 17982976, eval/episode_reward_near: 0.000 +/- 0.000
2025-11-20 21:20:50 INFO    |  step: 17982976, eval/episode_reward_survive: 0.000 +/- 0.000
2025-11-20 21:20:50 INFO    |  step: 17982976, eval/episode_success_hard: 0.000 +/- 0.000
2025-11-20 21:21:22 INFO    |  actor input shape: (10000, 31)
2025-11-20 21:21:22 INFO    |  encoder input shape: (10000, 37)
2025-11-20 21:21:22 INFO    |  encoder input shape: (10000, 2)
2025-11-20 21:21:22 INFO    |  actor input shape: (10000, 31)
2025-11-20 21:21:22 INFO    |  encoder input shape: (10000, 37)
2025-11-20 21:21:22 INFO    |  encoder input shape: (10000, 2)
2025-11-20 21:21:22 INFO    |  actor input shape: (10000, 31)
2025-11-20 21:21:22 INFO    |  encoder input shape: (10000, 37)
2025-11-20 21:21:22 INFO    |  encoder input shape: (10000, 2)
2025-11-20 21:21:22 INFO    |  Plotted visualizations at env step 18475008.0
2025-11-20 21:21:27 INFO    |  step: 18475008
2025-11-20 21:21:27 INFO    |  step: 18475008, training/sps: 15353.514 +/- 0.000
2025-11-20 21:21:27 INFO    |  step: 18475008, training/actor_loss: 3.462 +/- 0.000
2025-11-20 21:21:27 INFO    |  step: 18475008, training/adaptive_mixing_raw: 0.450 +/- 0.000
2025-11-20 21:21:27 INFO    |  step: 18475008, training/adaptive_mixing_smoothed: 0.450 +/- 0.000
2025-11-20 21:21:27 INFO    |  step: 18475008, training/alpha_loss: -0.000 +/- 0.000
2025-11-20 21:21:27 INFO    |  step: 18475008, training/critic_loss: 3.760 +/- 0.000
2025-11-20 21:21:27 INFO    |  step: 18475008, training/entropy: -4.000 +/- 0.000
2025-11-20 21:21:27 INFO    |  step: 18475008, training/env_grad_mean_norm: 0.585 +/- 0.000
2025-11-20 21:21:27 INFO    |  step: 18475008, training/env_grad_trvar: 56.668 +/- 0.000
2025-11-20 21:21:27 INFO    |  step: 18475008, training/env_rb_bias_squared: 1.183 +/- 0.000
2025-11-20 21:21:27 INFO    |  step: 18475008, training/log_alpha: -4.600 +/- 0.000
2025-11-20 21:21:27 INFO    |  step: 18475008, training/num_env_samples: 190.531 +/- 0.000
2025-11-20 21:21:27 INFO    |  step: 18475008, training/num_rb_samples: 65.469 +/- 0.000
2025-11-20 21:21:27 INFO    |  step: 18475008, training/rb_grad_mean_norm: 0.940 +/- 0.000
2025-11-20 21:21:27 INFO    |  step: 18475008, training/rb_grad_trvar: 55.364 +/- 0.000
2025-11-20 21:21:27 INFO    |  step: 18475008, eval/episode_reward: 116.031 +/- 0.000
2025-11-20 21:21:27 INFO    |  step: 18475008, eval/episode_success: 116.031 +/- 0.000
2025-11-20 21:21:27 INFO    |  step: 18475008, eval/episode_success_easy: 208.754 +/- 0.000
2025-11-20 21:21:27 INFO    |  step: 18475008, eval/episode_dist: 5165.401 +/- 0.000
2025-11-20 21:21:27 INFO    |  step: 18475008, eval/episode_success_any: 0.191 +/- 0.000
2025-11-20 21:21:27 INFO    |  step: 18475008, eval/episode_reward_ctrl: 0.000 +/- 0.000
2025-11-20 21:21:27 INFO    |  step: 18475008, eval/episode_reward_dist: 0.000 +/- 0.000
2025-11-20 21:21:27 INFO    |  step: 18475008, eval/episode_reward_near: 0.000 +/- 0.000
2025-11-20 21:21:27 INFO    |  step: 18475008, eval/episode_reward_survive: 0.000 +/- 0.000
2025-11-20 21:21:27 INFO    |  step: 18475008, eval/episode_success_hard: 0.000 +/- 0.000
2025-11-20 21:21:58 INFO    |  actor input shape: (10000, 31)
2025-11-20 21:21:58 INFO    |  encoder input shape: (10000, 37)
2025-11-20 21:21:58 INFO    |  encoder input shape: (10000, 2)
2025-11-20 21:21:59 INFO    |  actor input shape: (10000, 31)
2025-11-20 21:21:59 INFO    |  encoder input shape: (10000, 37)
2025-11-20 21:21:59 INFO    |  encoder input shape: (10000, 2)
2025-11-20 21:21:59 INFO    |  actor input shape: (10000, 31)
2025-11-20 21:21:59 INFO    |  encoder input shape: (10000, 37)
2025-11-20 21:21:59 INFO    |  encoder input shape: (10000, 2)
2025-11-20 21:21:59 INFO    |  Plotted visualizations at env step 18967040.0
2025-11-20 21:22:04 INFO    |  step: 18967040
2025-11-20 21:22:04 INFO    |  step: 18967040, training/sps: 15394.906 +/- 0.000
2025-11-20 21:22:04 INFO    |  step: 18967040, training/actor_loss: 3.466 +/- 0.000
2025-11-20 21:22:04 INFO    |  step: 18967040, training/adaptive_mixing_raw: 0.481 +/- 0.000
2025-11-20 21:22:04 INFO    |  step: 18967040, training/adaptive_mixing_smoothed: 0.481 +/- 0.000
2025-11-20 21:22:04 INFO    |  step: 18967040, training/alpha_loss: 0.000 +/- 0.000
2025-11-20 21:22:04 INFO    |  step: 18967040, training/critic_loss: 3.764 +/- 0.000
2025-11-20 21:22:04 INFO    |  step: 18967040, training/entropy: -4.000 +/- 0.000
2025-11-20 21:22:04 INFO    |  step: 18967040, training/env_grad_mean_norm: 0.587 +/- 0.000
2025-11-20 21:22:04 INFO    |  step: 18967040, training/env_grad_trvar: 57.542 +/- 0.000
2025-11-20 21:22:04 INFO    |  step: 18967040, training/env_rb_bias_squared: 1.207 +/- 0.000
2025-11-20 21:22:04 INFO    |  step: 18967040, training/log_alpha: -4.592 +/- 0.000
2025-11-20 21:22:04 INFO    |  step: 18967040, training/num_env_samples: 191.147 +/- 0.000
2025-11-20 21:22:04 INFO    |  step: 18967040, training/num_rb_samples: 64.853 +/- 0.000
2025-11-20 21:22:04 INFO    |  step: 18967040, training/rb_grad_mean_norm: 0.951 +/- 0.000
2025-11-20 21:22:04 INFO    |  step: 18967040, training/rb_grad_trvar: 56.258 +/- 0.000
2025-11-20 21:22:04 INFO    |  step: 18967040, eval/episode_reward: 80.770 +/- 0.000
2025-11-20 21:22:04 INFO    |  step: 18967040, eval/episode_success: 80.770 +/- 0.000
2025-11-20 21:22:04 INFO    |  step: 18967040, eval/episode_success_easy: 160.191 +/- 0.000
2025-11-20 21:22:04 INFO    |  step: 18967040, eval/episode_dist: 6487.037 +/- 0.000
2025-11-20 21:22:04 INFO    |  step: 18967040, eval/episode_success_any: 0.168 +/- 0.000
2025-11-20 21:22:04 INFO    |  step: 18967040, eval/episode_reward_ctrl: 0.000 +/- 0.000
2025-11-20 21:22:04 INFO    |  step: 18967040, eval/episode_reward_dist: 0.000 +/- 0.000
2025-11-20 21:22:04 INFO    |  step: 18967040, eval/episode_reward_near: 0.000 +/- 0.000
2025-11-20 21:22:04 INFO    |  step: 18967040, eval/episode_reward_survive: 0.000 +/- 0.000
2025-11-20 21:22:04 INFO    |  step: 18967040, eval/episode_success_hard: 0.000 +/- 0.000
2025-11-20 21:22:35 INFO    |  actor input shape: (10000, 31)
2025-11-20 21:22:35 INFO    |  encoder input shape: (10000, 37)
2025-11-20 21:22:35 INFO    |  encoder input shape: (10000, 2)
2025-11-20 21:22:35 INFO    |  actor input shape: (10000, 31)
2025-11-20 21:22:35 INFO    |  encoder input shape: (10000, 37)
2025-11-20 21:22:35 INFO    |  encoder input shape: (10000, 2)
2025-11-20 21:22:35 INFO    |  actor input shape: (10000, 31)
2025-11-20 21:22:35 INFO    |  encoder input shape: (10000, 37)
2025-11-20 21:22:35 INFO    |  encoder input shape: (10000, 2)
2025-11-20 21:22:35 INFO    |  Plotted visualizations at env step 19459072.0
2025-11-20 21:22:40 INFO    |  step: 19459072
2025-11-20 21:22:40 INFO    |  step: 19459072, training/sps: 15602.108 +/- 0.000
2025-11-20 21:22:40 INFO    |  step: 19459072, training/actor_loss: 3.470 +/- 0.000
2025-11-20 21:22:40 INFO    |  step: 19459072, training/adaptive_mixing_raw: 0.382 +/- 0.000
2025-11-20 21:22:40 INFO    |  step: 19459072, training/adaptive_mixing_smoothed: 0.382 +/- 0.000
2025-11-20 21:22:40 INFO    |  step: 19459072, training/alpha_loss: 0.000 +/- 0.000
2025-11-20 21:22:40 INFO    |  step: 19459072, training/critic_loss: 3.770 +/- 0.000
2025-11-20 21:22:40 INFO    |  step: 19459072, training/entropy: -4.000 +/- 0.000
2025-11-20 21:22:40 INFO    |  step: 19459072, training/env_grad_mean_norm: 0.586 +/- 0.000
2025-11-20 21:22:40 INFO    |  step: 19459072, training/env_grad_trvar: 56.953 +/- 0.000
2025-11-20 21:22:40 INFO    |  step: 19459072, training/env_rb_bias_squared: 1.192 +/- 0.000
2025-11-20 21:22:40 INFO    |  step: 19459072, training/log_alpha: -4.590 +/- 0.000
2025-11-20 21:22:40 INFO    |  step: 19459072, training/num_env_samples: 191.178 +/- 0.000
2025-11-20 21:22:40 INFO    |  step: 19459072, training/num_rb_samples: 64.822 +/- 0.000
2025-11-20 21:22:40 INFO    |  step: 19459072, training/rb_grad_mean_norm: 0.944 +/- 0.000
2025-11-20 21:22:40 INFO    |  step: 19459072, training/rb_grad_trvar: 55.290 +/- 0.000
2025-11-20 21:22:40 INFO    |  step: 19459072, eval/episode_reward: 157.273 +/- 0.000
2025-11-20 21:22:40 INFO    |  step: 19459072, eval/episode_success: 157.273 +/- 0.000
2025-11-20 21:22:40 INFO    |  step: 19459072, eval/episode_success_easy: 294.520 +/- 0.000
2025-11-20 21:22:40 INFO    |  step: 19459072, eval/episode_dist: 5335.315 +/- 0.000
2025-11-20 21:22:40 INFO    |  step: 19459072, eval/episode_success_any: 0.250 +/- 0.000
2025-11-20 21:22:40 INFO    |  step: 19459072, eval/episode_reward_ctrl: 0.000 +/- 0.000
2025-11-20 21:22:40 INFO    |  step: 19459072, eval/episode_reward_dist: 0.000 +/- 0.000
2025-11-20 21:22:40 INFO    |  step: 19459072, eval/episode_reward_near: 0.000 +/- 0.000
2025-11-20 21:22:40 INFO    |  step: 19459072, eval/episode_reward_survive: 0.000 +/- 0.000
2025-11-20 21:22:40 INFO    |  step: 19459072, eval/episode_success_hard: 0.000 +/- 0.000
2025-11-20 21:23:11 INFO    |  actor input shape: (10000, 31)
2025-11-20 21:23:11 INFO    |  encoder input shape: (10000, 37)
2025-11-20 21:23:11 INFO    |  encoder input shape: (10000, 2)
2025-11-20 21:23:11 INFO    |  actor input shape: (10000, 31)
2025-11-20 21:23:11 INFO    |  encoder input shape: (10000, 37)
2025-11-20 21:23:11 INFO    |  encoder input shape: (10000, 2)
2025-11-20 21:23:11 INFO    |  actor input shape: (10000, 31)
2025-11-20 21:23:11 INFO    |  encoder input shape: (10000, 37)
2025-11-20 21:23:11 INFO    |  encoder input shape: (10000, 2)
2025-11-20 21:23:12 INFO    |  Plotted visualizations at env step 19951104.0
2025-11-20 21:23:16 INFO    |  step: 19951104
2025-11-20 21:23:16 INFO    |  step: 19951104, training/sps: 15693.420 +/- 0.000
2025-11-20 21:23:16 INFO    |  step: 19951104, training/actor_loss: 3.483 +/- 0.000
2025-11-20 21:23:16 INFO    |  step: 19951104, training/adaptive_mixing_raw: 0.512 +/- 0.000
2025-11-20 21:23:16 INFO    |  step: 19951104, training/adaptive_mixing_smoothed: 0.512 +/- 0.000
2025-11-20 21:23:16 INFO    |  step: 19951104, training/alpha_loss: 0.000 +/- 0.000
2025-11-20 21:23:16 INFO    |  step: 19951104, training/critic_loss: 3.785 +/- 0.000
2025-11-20 21:23:16 INFO    |  step: 19951104, training/entropy: -4.000 +/- 0.000
2025-11-20 21:23:16 INFO    |  step: 19951104, training/env_grad_mean_norm: 0.587 +/- 0.000
2025-11-20 21:23:16 INFO    |  step: 19951104, training/env_grad_trvar: 56.864 +/- 0.000
2025-11-20 21:23:16 INFO    |  step: 19951104, training/env_rb_bias_squared: 1.181 +/- 0.000
2025-11-20 21:23:16 INFO    |  step: 19951104, training/log_alpha: -4.582 +/- 0.000
2025-11-20 21:23:16 INFO    |  step: 19951104, training/num_env_samples: 191.470 +/- 0.000
2025-11-20 21:23:16 INFO    |  step: 19951104, training/num_rb_samples: 64.530 +/- 0.000
2025-11-20 21:23:16 INFO    |  step: 19951104, training/rb_grad_mean_norm: 0.939 +/- 0.000
2025-11-20 21:23:16 INFO    |  step: 19951104, training/rb_grad_trvar: 54.494 +/- 0.000
2025-11-20 21:23:16 INFO    |  step: 19951104, eval/episode_reward: 206.672 +/- 0.000
2025-11-20 21:23:16 INFO    |  step: 19951104, eval/episode_success: 206.672 +/- 0.000
2025-11-20 21:23:16 INFO    |  step: 19951104, eval/episode_success_easy: 279.859 +/- 0.000
2025-11-20 21:23:16 INFO    |  step: 19951104, eval/episode_dist: 5145.681 +/- 0.000
2025-11-20 21:23:16 INFO    |  step: 19951104, eval/episode_success_any: 0.297 +/- 0.000
2025-11-20 21:23:16 INFO    |  step: 19951104, eval/episode_reward_ctrl: 0.000 +/- 0.000
2025-11-20 21:23:16 INFO    |  step: 19951104, eval/episode_reward_dist: 0.000 +/- 0.000
2025-11-20 21:23:16 INFO    |  step: 19951104, eval/episode_reward_near: 0.000 +/- 0.000
2025-11-20 21:23:16 INFO    |  step: 19951104, eval/episode_reward_survive: 0.000 +/- 0.000
2025-11-20 21:23:16 INFO    |  step: 19951104, eval/episode_success_hard: 0.000 +/- 0.000
2025-11-20 21:23:47 INFO    |  actor input shape: (10000, 31)
2025-11-20 21:23:47 INFO    |  encoder input shape: (10000, 37)
2025-11-20 21:23:47 INFO    |  encoder input shape: (10000, 2)
2025-11-20 21:23:48 INFO    |  actor input shape: (10000, 31)
2025-11-20 21:23:48 INFO    |  encoder input shape: (10000, 37)
2025-11-20 21:23:48 INFO    |  encoder input shape: (10000, 2)
2025-11-20 21:23:48 INFO    |  actor input shape: (10000, 31)
2025-11-20 21:23:48 INFO    |  encoder input shape: (10000, 37)
2025-11-20 21:23:48 INFO    |  encoder input shape: (10000, 2)
2025-11-20 21:23:48 INFO    |  Plotted visualizations at env step 20443136.0
2025-11-20 21:23:53 INFO    |  step: 20443136
2025-11-20 21:23:55 INFO    |  actor input shape: (1, 31)
2025-11-20 21:24:21 INFO    |  step: 20443136, training/sps: 15403.907 +/- 0.000
2025-11-20 21:24:21 INFO    |  step: 20443136, training/actor_loss: 3.485 +/- 0.000
2025-11-20 21:24:21 INFO    |  step: 20443136, training/adaptive_mixing_raw: 0.226 +/- 0.000
2025-11-20 21:24:21 INFO    |  step: 20443136, training/adaptive_mixing_smoothed: 0.226 +/- 0.000
2025-11-20 21:24:21 INFO    |  step: 20443136, training/alpha_loss: -0.000 +/- 0.000
2025-11-20 21:24:21 INFO    |  step: 20443136, training/critic_loss: 3.792 +/- 0.000
2025-11-20 21:24:21 INFO    |  step: 20443136, training/entropy: -4.000 +/- 0.000
2025-11-20 21:24:21 INFO    |  step: 20443136, training/env_grad_mean_norm: 0.593 +/- 0.000
2025-11-20 21:24:21 INFO    |  step: 20443136, training/env_grad_trvar: 58.407 +/- 0.000
2025-11-20 21:24:21 INFO    |  step: 20443136, training/env_rb_bias_squared: 1.201 +/- 0.000
2025-11-20 21:24:21 INFO    |  step: 20443136, training/log_alpha: -4.582 +/- 0.000
2025-11-20 21:24:21 INFO    |  step: 20443136, training/num_env_samples: 191.774 +/- 0.000
2025-11-20 21:24:21 INFO    |  step: 20443136, training/num_rb_samples: 64.226 +/- 0.000
2025-11-20 21:24:21 INFO    |  step: 20443136, training/rb_grad_mean_norm: 0.945 +/- 0.000
2025-11-20 21:24:21 INFO    |  step: 20443136, training/rb_grad_trvar: 54.941 +/- 0.000
2025-11-20 21:24:21 INFO    |  step: 20443136, eval/episode_reward: 200.914 +/- 0.000
2025-11-20 21:24:21 INFO    |  step: 20443136, eval/episode_success: 200.914 +/- 0.000
2025-11-20 21:24:21 INFO    |  step: 20443136, eval/episode_success_easy: 323.102 +/- 0.000
2025-11-20 21:24:21 INFO    |  step: 20443136, eval/episode_dist: 4872.447 +/- 0.000
2025-11-20 21:24:21 INFO    |  step: 20443136, eval/episode_success_any: 0.344 +/- 0.000
2025-11-20 21:24:21 INFO    |  step: 20443136, eval/episode_reward_ctrl: 0.000 +/- 0.000
2025-11-20 21:24:21 INFO    |  step: 20443136, eval/episode_reward_dist: 0.000 +/- 0.000
2025-11-20 21:24:21 INFO    |  step: 20443136, eval/episode_reward_near: 0.000 +/- 0.000
2025-11-20 21:24:21 INFO    |  step: 20443136, eval/episode_reward_survive: 0.000 +/- 0.000
2025-11-20 21:24:21 INFO    |  step: 20443136, eval/episode_success_hard: 0.000 +/- 0.000
2025-11-20 21:24:52 INFO    |  actor input shape: (10000, 31)
2025-11-20 21:24:52 INFO    |  encoder input shape: (10000, 37)
2025-11-20 21:24:52 INFO    |  encoder input shape: (10000, 2)
2025-11-20 21:24:52 INFO    |  actor input shape: (10000, 31)
2025-11-20 21:24:52 INFO    |  encoder input shape: (10000, 37)
2025-11-20 21:24:52 INFO    |  encoder input shape: (10000, 2)
2025-11-20 21:24:52 INFO    |  actor input shape: (10000, 31)
2025-11-20 21:24:52 INFO    |  encoder input shape: (10000, 37)
2025-11-20 21:24:52 INFO    |  encoder input shape: (10000, 2)
2025-11-20 21:24:52 INFO    |  Plotted visualizations at env step 20935168.0
2025-11-20 21:24:57 INFO    |  step: 20935168
2025-11-20 21:24:57 INFO    |  step: 20935168, training/sps: 15825.292 +/- 0.000
2025-11-20 21:24:57 INFO    |  step: 20935168, training/actor_loss: 3.488 +/- 0.000
2025-11-20 21:24:57 INFO    |  step: 20935168, training/adaptive_mixing_raw: 0.223 +/- 0.000
2025-11-20 21:24:57 INFO    |  step: 20935168, training/adaptive_mixing_smoothed: 0.223 +/- 0.000
2025-11-20 21:24:57 INFO    |  step: 20935168, training/alpha_loss: 0.000 +/- 0.000
2025-11-20 21:24:57 INFO    |  step: 20935168, training/critic_loss: 3.791 +/- 0.000
2025-11-20 21:24:57 INFO    |  step: 20935168, training/entropy: -4.000 +/- 0.000
2025-11-20 21:24:57 INFO    |  step: 20935168, training/env_grad_mean_norm: 0.588 +/- 0.000
2025-11-20 21:24:57 INFO    |  step: 20935168, training/env_grad_trvar: 57.493 +/- 0.000
2025-11-20 21:24:57 INFO    |  step: 20935168, training/env_rb_bias_squared: 1.176 +/- 0.000
2025-11-20 21:24:57 INFO    |  step: 20935168, training/log_alpha: -4.592 +/- 0.000
2025-11-20 21:24:57 INFO    |  step: 20935168, training/num_env_samples: 191.997 +/- 0.000
2025-11-20 21:24:57 INFO    |  step: 20935168, training/num_rb_samples: 64.003 +/- 0.000
2025-11-20 21:24:57 INFO    |  step: 20935168, training/rb_grad_mean_norm: 0.935 +/- 0.000
2025-11-20 21:24:57 INFO    |  step: 20935168, training/rb_grad_trvar: 53.510 +/- 0.000
2025-11-20 21:24:57 INFO    |  step: 20935168, eval/episode_reward: 133.254 +/- 0.000
2025-11-20 21:24:57 INFO    |  step: 20935168, eval/episode_success: 133.254 +/- 0.000
2025-11-20 21:24:57 INFO    |  step: 20935168, eval/episode_success_easy: 226.559 +/- 0.000
2025-11-20 21:24:57 INFO    |  step: 20935168, eval/episode_dist: 4865.854 +/- 0.000
2025-11-20 21:24:57 INFO    |  step: 20935168, eval/episode_success_any: 0.199 +/- 0.000
2025-11-20 21:24:57 INFO    |  step: 20935168, eval/episode_reward_ctrl: 0.000 +/- 0.000
2025-11-20 21:24:57 INFO    |  step: 20935168, eval/episode_reward_dist: 0.000 +/- 0.000
2025-11-20 21:24:57 INFO    |  step: 20935168, eval/episode_reward_near: 0.000 +/- 0.000
2025-11-20 21:24:57 INFO    |  step: 20935168, eval/episode_reward_survive: 0.000 +/- 0.000
2025-11-20 21:24:57 INFO    |  step: 20935168, eval/episode_success_hard: 0.000 +/- 0.000
2025-11-20 21:25:28 INFO    |  actor input shape: (10000, 31)
2025-11-20 21:25:28 INFO    |  encoder input shape: (10000, 37)
2025-11-20 21:25:28 INFO    |  encoder input shape: (10000, 2)
2025-11-20 21:25:28 INFO    |  actor input shape: (10000, 31)
2025-11-20 21:25:28 INFO    |  encoder input shape: (10000, 37)
2025-11-20 21:25:28 INFO    |  encoder input shape: (10000, 2)
2025-11-20 21:25:28 INFO    |  actor input shape: (10000, 31)
2025-11-20 21:25:28 INFO    |  encoder input shape: (10000, 37)
2025-11-20 21:25:28 INFO    |  encoder input shape: (10000, 2)
2025-11-20 21:25:28 INFO    |  Plotted visualizations at env step 21427200.0
2025-11-20 21:25:33 INFO    |  step: 21427200
2025-11-20 21:25:33 INFO    |  step: 21427200, training/sps: 15824.890 +/- 0.000
2025-11-20 21:25:33 INFO    |  step: 21427200, training/actor_loss: 3.481 +/- 0.000
2025-11-20 21:25:33 INFO    |  step: 21427200, training/adaptive_mixing_raw: 0.249 +/- 0.000
2025-11-20 21:25:33 INFO    |  step: 21427200, training/adaptive_mixing_smoothed: 0.249 +/- 0.000
2025-11-20 21:25:33 INFO    |  step: 21427200, training/alpha_loss: 0.000 +/- 0.000
2025-11-20 21:25:33 INFO    |  step: 21427200, training/critic_loss: 3.781 +/- 0.000
2025-11-20 21:25:33 INFO    |  step: 21427200, training/entropy: -4.000 +/- 0.000
2025-11-20 21:25:33 INFO    |  step: 21427200, training/env_grad_mean_norm: 0.582 +/- 0.000
2025-11-20 21:25:33 INFO    |  step: 21427200, training/env_grad_trvar: 56.020 +/- 0.000
2025-11-20 21:25:33 INFO    |  step: 21427200, training/env_rb_bias_squared: 1.150 +/- 0.000
2025-11-20 21:25:33 INFO    |  step: 21427200, training/log_alpha: -4.597 +/- 0.000
2025-11-20 21:25:33 INFO    |  step: 21427200, training/num_env_samples: 192.417 +/- 0.000
2025-11-20 21:25:33 INFO    |  step: 21427200, training/num_rb_samples: 63.583 +/- 0.000
2025-11-20 21:25:33 INFO    |  step: 21427200, training/rb_grad_mean_norm: 0.925 +/- 0.000
2025-11-20 21:25:33 INFO    |  step: 21427200, training/rb_grad_trvar: 52.080 +/- 0.000
2025-11-20 21:25:33 INFO    |  step: 21427200, eval/episode_reward: 181.980 +/- 0.000
2025-11-20 21:25:33 INFO    |  step: 21427200, eval/episode_success: 181.980 +/- 0.000
2025-11-20 21:25:33 INFO    |  step: 21427200, eval/episode_success_easy: 267.648 +/- 0.000
2025-11-20 21:25:33 INFO    |  step: 21427200, eval/episode_dist: 5572.521 +/- 0.000
2025-11-20 21:25:33 INFO    |  step: 21427200, eval/episode_success_any: 0.270 +/- 0.000
2025-11-20 21:25:33 INFO    |  step: 21427200, eval/episode_reward_ctrl: 0.000 +/- 0.000
2025-11-20 21:25:33 INFO    |  step: 21427200, eval/episode_reward_dist: 0.000 +/- 0.000
2025-11-20 21:25:33 INFO    |  step: 21427200, eval/episode_reward_near: 0.000 +/- 0.000
2025-11-20 21:25:33 INFO    |  step: 21427200, eval/episode_reward_survive: 0.000 +/- 0.000
2025-11-20 21:25:33 INFO    |  step: 21427200, eval/episode_success_hard: 0.000 +/- 0.000
2025-11-20 21:26:03 INFO    |  actor input shape: (10000, 31)
2025-11-20 21:26:03 INFO    |  encoder input shape: (10000, 37)
2025-11-20 21:26:03 INFO    |  encoder input shape: (10000, 2)
2025-11-20 21:26:04 INFO    |  actor input shape: (10000, 31)
2025-11-20 21:26:04 INFO    |  encoder input shape: (10000, 37)
2025-11-20 21:26:04 INFO    |  encoder input shape: (10000, 2)
2025-11-20 21:26:04 INFO    |  actor input shape: (10000, 31)
2025-11-20 21:26:04 INFO    |  encoder input shape: (10000, 37)
2025-11-20 21:26:04 INFO    |  encoder input shape: (10000, 2)
2025-11-20 21:26:04 INFO    |  Plotted visualizations at env step 21919232.0
2025-11-20 21:26:09 INFO    |  step: 21919232
2025-11-20 21:26:09 INFO    |  step: 21919232, training/sps: 15827.061 +/- 0.000
2025-11-20 21:26:09 INFO    |  step: 21919232, training/actor_loss: 3.493 +/- 0.000
2025-11-20 21:26:09 INFO    |  step: 21919232, training/adaptive_mixing_raw: 0.384 +/- 0.000
2025-11-20 21:26:09 INFO    |  step: 21919232, training/adaptive_mixing_smoothed: 0.384 +/- 0.000
2025-11-20 21:26:09 INFO    |  step: 21919232, training/alpha_loss: 0.000 +/- 0.000
2025-11-20 21:26:09 INFO    |  step: 21919232, training/critic_loss: 3.788 +/- 0.000
2025-11-20 21:26:09 INFO    |  step: 21919232, training/entropy: -3.999 +/- 0.000
2025-11-20 21:26:09 INFO    |  step: 21919232, training/env_grad_mean_norm: 0.578 +/- 0.000
2025-11-20 21:26:09 INFO    |  step: 21919232, training/env_grad_trvar: 55.222 +/- 0.000
2025-11-20 21:26:09 INFO    |  step: 21919232, training/env_rb_bias_squared: 1.134 +/- 0.000
2025-11-20 21:26:09 INFO    |  step: 21919232, training/log_alpha: -4.612 +/- 0.000
2025-11-20 21:26:09 INFO    |  step: 21919232, training/num_env_samples: 192.127 +/- 0.000
2025-11-20 21:26:09 INFO    |  step: 21919232, training/num_rb_samples: 63.873 +/- 0.000
2025-11-20 21:26:09 INFO    |  step: 21919232, training/rb_grad_mean_norm: 0.918 +/- 0.000
2025-11-20 21:26:09 INFO    |  step: 21919232, training/rb_grad_trvar: 51.469 +/- 0.000
2025-11-20 21:26:09 INFO    |  step: 21919232, eval/episode_reward: 164.410 +/- 0.000
2025-11-20 21:26:09 INFO    |  step: 21919232, eval/episode_success: 164.410 +/- 0.000
2025-11-20 21:26:09 INFO    |  step: 21919232, eval/episode_success_easy: 259.965 +/- 0.000
2025-11-20 21:26:09 INFO    |  step: 21919232, eval/episode_dist: 5915.561 +/- 0.000
2025-11-20 21:26:09 INFO    |  step: 21919232, eval/episode_success_any: 0.246 +/- 0.000
2025-11-20 21:26:09 INFO    |  step: 21919232, eval/episode_reward_ctrl: 0.000 +/- 0.000
2025-11-20 21:26:09 INFO    |  step: 21919232, eval/episode_reward_dist: 0.000 +/- 0.000
2025-11-20 21:26:09 INFO    |  step: 21919232, eval/episode_reward_near: 0.000 +/- 0.000
2025-11-20 21:26:09 INFO    |  step: 21919232, eval/episode_reward_survive: 0.000 +/- 0.000
2025-11-20 21:26:09 INFO    |  step: 21919232, eval/episode_success_hard: 0.000 +/- 0.000
2025-11-20 21:26:39 INFO    |  actor input shape: (10000, 31)
2025-11-20 21:26:39 INFO    |  encoder input shape: (10000, 37)
2025-11-20 21:26:39 INFO    |  encoder input shape: (10000, 2)
2025-11-20 21:26:39 INFO    |  actor input shape: (10000, 31)
2025-11-20 21:26:39 INFO    |  encoder input shape: (10000, 37)
2025-11-20 21:26:39 INFO    |  encoder input shape: (10000, 2)
2025-11-20 21:26:40 INFO    |  actor input shape: (10000, 31)
2025-11-20 21:26:40 INFO    |  encoder input shape: (10000, 37)
2025-11-20 21:26:40 INFO    |  encoder input shape: (10000, 2)
2025-11-20 21:26:40 INFO    |  Plotted visualizations at env step 22411264.0
2025-11-20 21:26:45 INFO    |  step: 22411264
2025-11-20 21:26:45 INFO    |  step: 22411264, training/sps: 15928.815 +/- 0.000
2025-11-20 21:26:45 INFO    |  step: 22411264, training/actor_loss: 3.488 +/- 0.000
2025-11-20 21:26:45 INFO    |  step: 22411264, training/adaptive_mixing_raw: 0.260 +/- 0.000
2025-11-20 21:26:45 INFO    |  step: 22411264, training/adaptive_mixing_smoothed: 0.260 +/- 0.000
2025-11-20 21:26:45 INFO    |  step: 22411264, training/alpha_loss: 0.000 +/- 0.000
2025-11-20 21:26:45 INFO    |  step: 22411264, training/critic_loss: 3.774 +/- 0.000
2025-11-20 21:26:45 INFO    |  step: 22411264, training/entropy: -3.999 +/- 0.000
2025-11-20 21:26:45 INFO    |  step: 22411264, training/env_grad_mean_norm: 0.571 +/- 0.000
2025-11-20 21:26:45 INFO    |  step: 22411264, training/env_grad_trvar: 53.876 +/- 0.000
2025-11-20 21:26:45 INFO    |  step: 22411264, training/env_rb_bias_squared: 1.110 +/- 0.000
2025-11-20 21:26:45 INFO    |  step: 22411264, training/log_alpha: -4.624 +/- 0.000
2025-11-20 21:26:45 INFO    |  step: 22411264, training/num_env_samples: 192.383 +/- 0.000
2025-11-20 21:26:45 INFO    |  step: 22411264, training/num_rb_samples: 63.617 +/- 0.000
2025-11-20 21:26:45 INFO    |  step: 22411264, training/rb_grad_mean_norm: 0.909 +/- 0.000
2025-11-20 21:26:45 INFO    |  step: 22411264, training/rb_grad_trvar: 50.293 +/- 0.000
2025-11-20 21:26:45 INFO    |  step: 22411264, eval/episode_reward: 140.332 +/- 0.000
2025-11-20 21:26:45 INFO    |  step: 22411264, eval/episode_success: 140.332 +/- 0.000
2025-11-20 21:26:45 INFO    |  step: 22411264, eval/episode_success_easy: 282.945 +/- 0.000
2025-11-20 21:26:45 INFO    |  step: 22411264, eval/episode_dist: 5259.159 +/- 0.000
2025-11-20 21:26:45 INFO    |  step: 22411264, eval/episode_success_any: 0.266 +/- 0.000
2025-11-20 21:26:45 INFO    |  step: 22411264, eval/episode_reward_ctrl: 0.000 +/- 0.000
2025-11-20 21:26:45 INFO    |  step: 22411264, eval/episode_reward_dist: 0.000 +/- 0.000
2025-11-20 21:26:45 INFO    |  step: 22411264, eval/episode_reward_near: 0.000 +/- 0.000
2025-11-20 21:26:45 INFO    |  step: 22411264, eval/episode_reward_survive: 0.000 +/- 0.000
2025-11-20 21:26:45 INFO    |  step: 22411264, eval/episode_success_hard: 0.000 +/- 0.000
2025-11-20 21:27:15 INFO    |  actor input shape: (10000, 31)
2025-11-20 21:27:15 INFO    |  encoder input shape: (10000, 37)
2025-11-20 21:27:15 INFO    |  encoder input shape: (10000, 2)
2025-11-20 21:27:15 INFO    |  actor input shape: (10000, 31)
2025-11-20 21:27:15 INFO    |  encoder input shape: (10000, 37)
2025-11-20 21:27:15 INFO    |  encoder input shape: (10000, 2)
2025-11-20 21:27:16 INFO    |  actor input shape: (10000, 31)
2025-11-20 21:27:16 INFO    |  encoder input shape: (10000, 37)
2025-11-20 21:27:16 INFO    |  encoder input shape: (10000, 2)
2025-11-20 21:27:16 INFO    |  Plotted visualizations at env step 22903296.0
2025-11-20 21:27:21 INFO    |  step: 22903296
2025-11-20 21:27:22 INFO    |  actor input shape: (1, 31)
2025-11-20 21:27:49 INFO    |  step: 22903296, training/sps: 15873.904 +/- 0.000
2025-11-20 21:27:49 INFO    |  step: 22903296, training/actor_loss: 3.484 +/- 0.000
2025-11-20 21:27:49 INFO    |  step: 22903296, training/adaptive_mixing_raw: 0.260 +/- 0.000
2025-11-20 21:27:49 INFO    |  step: 22903296, training/adaptive_mixing_smoothed: 0.260 +/- 0.000
2025-11-20 21:27:49 INFO    |  step: 22903296, training/alpha_loss: 0.000 +/- 0.000
2025-11-20 21:27:49 INFO    |  step: 22903296, training/critic_loss: 3.769 +/- 0.000
2025-11-20 21:27:49 INFO    |  step: 22903296, training/entropy: -4.000 +/- 0.000
2025-11-20 21:27:49 INFO    |  step: 22903296, training/env_grad_mean_norm: 0.570 +/- 0.000
2025-11-20 21:27:49 INFO    |  step: 22903296, training/env_grad_trvar: 53.577 +/- 0.000
2025-11-20 21:27:49 INFO    |  step: 22903296, training/env_rb_bias_squared: 1.110 +/- 0.000
2025-11-20 21:27:49 INFO    |  step: 22903296, training/log_alpha: -4.626 +/- 0.000
2025-11-20 21:27:49 INFO    |  step: 22903296, training/num_env_samples: 192.164 +/- 0.000
2025-11-20 21:27:49 INFO    |  step: 22903296, training/num_rb_samples: 63.836 +/- 0.000
2025-11-20 21:27:49 INFO    |  step: 22903296, training/rb_grad_mean_norm: 0.910 +/- 0.000
2025-11-20 21:27:49 INFO    |  step: 22903296, training/rb_grad_trvar: 50.581 +/- 0.000
2025-11-20 21:27:49 INFO    |  step: 22903296, eval/episode_reward: 143.090 +/- 0.000
2025-11-20 21:27:49 INFO    |  step: 22903296, eval/episode_success: 143.090 +/- 0.000
2025-11-20 21:27:49 INFO    |  step: 22903296, eval/episode_success_easy: 192.898 +/- 0.000
2025-11-20 21:27:49 INFO    |  step: 22903296, eval/episode_dist: 6663.603 +/- 0.000
2025-11-20 21:27:49 INFO    |  step: 22903296, eval/episode_success_any: 0.188 +/- 0.000
2025-11-20 21:27:49 INFO    |  step: 22903296, eval/episode_reward_ctrl: 0.000 +/- 0.000
2025-11-20 21:27:49 INFO    |  step: 22903296, eval/episode_reward_dist: 0.000 +/- 0.000
2025-11-20 21:27:49 INFO    |  step: 22903296, eval/episode_reward_near: 0.000 +/- 0.000
2025-11-20 21:27:49 INFO    |  step: 22903296, eval/episode_reward_survive: 0.000 +/- 0.000
2025-11-20 21:27:49 INFO    |  step: 22903296, eval/episode_success_hard: 0.000 +/- 0.000
2025-11-20 21:28:19 INFO    |  actor input shape: (10000, 31)
2025-11-20 21:28:19 INFO    |  encoder input shape: (10000, 37)
2025-11-20 21:28:19 INFO    |  encoder input shape: (10000, 2)
2025-11-20 21:28:19 INFO    |  actor input shape: (10000, 31)
2025-11-20 21:28:19 INFO    |  encoder input shape: (10000, 37)
2025-11-20 21:28:19 INFO    |  encoder input shape: (10000, 2)
2025-11-20 21:28:19 INFO    |  actor input shape: (10000, 31)
2025-11-20 21:28:19 INFO    |  encoder input shape: (10000, 37)
2025-11-20 21:28:20 INFO    |  encoder input shape: (10000, 2)
2025-11-20 21:28:20 INFO    |  Plotted visualizations at env step 23395328.0
2025-11-20 21:28:25 INFO    |  step: 23395328
2025-11-20 21:28:25 INFO    |  step: 23395328, training/sps: 15768.613 +/- 0.000
2025-11-20 21:28:25 INFO    |  step: 23395328, training/actor_loss: 3.477 +/- 0.000
2025-11-20 21:28:25 INFO    |  step: 23395328, training/adaptive_mixing_raw: 0.208 +/- 0.000
2025-11-20 21:28:25 INFO    |  step: 23395328, training/adaptive_mixing_smoothed: 0.208 +/- 0.000
2025-11-20 21:28:25 INFO    |  step: 23395328, training/alpha_loss: -0.000 +/- 0.000
2025-11-20 21:28:25 INFO    |  step: 23395328, training/critic_loss: 3.761 +/- 0.000
2025-11-20 21:28:25 INFO    |  step: 23395328, training/entropy: -4.000 +/- 0.000
2025-11-20 21:28:25 INFO    |  step: 23395328, training/env_grad_mean_norm: 0.577 +/- 0.000
2025-11-20 21:28:25 INFO    |  step: 23395328, training/env_grad_trvar: 55.159 +/- 0.000
2025-11-20 21:28:25 INFO    |  step: 23395328, training/env_rb_bias_squared: 1.131 +/- 0.000
2025-11-20 21:28:25 INFO    |  step: 23395328, training/log_alpha: -4.623 +/- 0.000
2025-11-20 21:28:25 INFO    |  step: 23395328, training/num_env_samples: 192.657 +/- 0.000
2025-11-20 21:28:25 INFO    |  step: 23395328, training/num_rb_samples: 63.343 +/- 0.000
2025-11-20 21:28:25 INFO    |  step: 23395328, training/rb_grad_mean_norm: 0.917 +/- 0.000
2025-11-20 21:28:25 INFO    |  step: 23395328, training/rb_grad_trvar: 50.991 +/- 0.000
2025-11-20 21:28:25 INFO    |  step: 23395328, eval/episode_reward: 179.195 +/- 0.000
2025-11-20 21:28:25 INFO    |  step: 23395328, eval/episode_success: 179.195 +/- 0.000
2025-11-20 21:28:25 INFO    |  step: 23395328, eval/episode_success_easy: 266.516 +/- 0.000
2025-11-20 21:28:25 INFO    |  step: 23395328, eval/episode_dist: 4038.722 +/- 0.000
2025-11-20 21:28:25 INFO    |  step: 23395328, eval/episode_success_any: 0.293 +/- 0.000
2025-11-20 21:28:25 INFO    |  step: 23395328, eval/episode_reward_ctrl: 0.000 +/- 0.000
2025-11-20 21:28:25 INFO    |  step: 23395328, eval/episode_reward_dist: 0.000 +/- 0.000
2025-11-20 21:28:25 INFO    |  step: 23395328, eval/episode_reward_near: 0.000 +/- 0.000
2025-11-20 21:28:25 INFO    |  step: 23395328, eval/episode_reward_survive: 0.000 +/- 0.000
2025-11-20 21:28:25 INFO    |  step: 23395328, eval/episode_success_hard: 0.000 +/- 0.000
2025-11-20 21:28:55 INFO    |  actor input shape: (10000, 31)
2025-11-20 21:28:55 INFO    |  encoder input shape: (10000, 37)
2025-11-20 21:28:55 INFO    |  encoder input shape: (10000, 2)
2025-11-20 21:28:55 INFO    |  actor input shape: (10000, 31)
2025-11-20 21:28:55 INFO    |  encoder input shape: (10000, 37)
2025-11-20 21:28:55 INFO    |  encoder input shape: (10000, 2)
2025-11-20 21:28:56 INFO    |  actor input shape: (10000, 31)
2025-11-20 21:28:56 INFO    |  encoder input shape: (10000, 37)
2025-11-20 21:28:56 INFO    |  encoder input shape: (10000, 2)
2025-11-20 21:28:56 INFO    |  Plotted visualizations at env step 23887360.0
2025-11-20 21:29:01 INFO    |  step: 23887360
2025-11-20 21:29:01 INFO    |  step: 23887360, training/sps: 15667.609 +/- 0.000
2025-11-20 21:29:01 INFO    |  step: 23887360, training/actor_loss: 3.476 +/- 0.000
2025-11-20 21:29:01 INFO    |  step: 23887360, training/adaptive_mixing_raw: 0.187 +/- 0.000
2025-11-20 21:29:01 INFO    |  step: 23887360, training/adaptive_mixing_smoothed: 0.187 +/- 0.000
2025-11-20 21:29:01 INFO    |  step: 23887360, training/alpha_loss: -0.000 +/- 0.000
2025-11-20 21:29:01 INFO    |  step: 23887360, training/critic_loss: 3.754 +/- 0.000
2025-11-20 21:29:01 INFO    |  step: 23887360, training/entropy: -4.000 +/- 0.000
2025-11-20 21:29:01 INFO    |  step: 23887360, training/env_grad_mean_norm: 0.578 +/- 0.000
2025-11-20 21:29:01 INFO    |  step: 23887360, training/env_grad_trvar: 55.452 +/- 0.000
2025-11-20 21:29:01 INFO    |  step: 23887360, training/env_rb_bias_squared: 1.137 +/- 0.000
2025-11-20 21:29:01 INFO    |  step: 23887360, training/log_alpha: -4.617 +/- 0.000
2025-11-20 21:29:01 INFO    |  step: 23887360, training/num_env_samples: 192.249 +/- 0.000
2025-11-20 21:29:01 INFO    |  step: 23887360, training/num_rb_samples: 63.751 +/- 0.000
2025-11-20 21:29:01 INFO    |  step: 23887360, training/rb_grad_mean_norm: 0.919 +/- 0.000
2025-11-20 21:29:01 INFO    |  step: 23887360, training/rb_grad_trvar: 51.556 +/- 0.000
2025-11-20 21:29:01 INFO    |  step: 23887360, eval/episode_reward: 151.797 +/- 0.000
2025-11-20 21:29:01 INFO    |  step: 23887360, eval/episode_success: 151.797 +/- 0.000
2025-11-20 21:29:01 INFO    |  step: 23887360, eval/episode_success_easy: 252.836 +/- 0.000
2025-11-20 21:29:01 INFO    |  step: 23887360, eval/episode_dist: 4737.346 +/- 0.000
2025-11-20 21:29:01 INFO    |  step: 23887360, eval/episode_success_any: 0.254 +/- 0.000
2025-11-20 21:29:01 INFO    |  step: 23887360, eval/episode_reward_ctrl: 0.000 +/- 0.000
2025-11-20 21:29:01 INFO    |  step: 23887360, eval/episode_reward_dist: 0.000 +/- 0.000
2025-11-20 21:29:01 INFO    |  step: 23887360, eval/episode_reward_near: 0.000 +/- 0.000
2025-11-20 21:29:01 INFO    |  step: 23887360, eval/episode_reward_survive: 0.000 +/- 0.000
2025-11-20 21:29:01 INFO    |  step: 23887360, eval/episode_success_hard: 0.000 +/- 0.000
2025-11-20 21:29:33 INFO    |  actor input shape: (10000, 31)
2025-11-20 21:29:33 INFO    |  encoder input shape: (10000, 37)
2025-11-20 21:29:33 INFO    |  encoder input shape: (10000, 2)
2025-11-20 21:29:33 INFO    |  actor input shape: (10000, 31)
2025-11-20 21:29:33 INFO    |  encoder input shape: (10000, 37)
2025-11-20 21:29:33 INFO    |  encoder input shape: (10000, 2)
2025-11-20 21:29:33 INFO    |  actor input shape: (10000, 31)
2025-11-20 21:29:33 INFO    |  encoder input shape: (10000, 37)
2025-11-20 21:29:33 INFO    |  encoder input shape: (10000, 2)
2025-11-20 21:29:33 INFO    |  Plotted visualizations at env step 24379392.0
2025-11-20 21:29:38 INFO    |  step: 24379392
2025-11-20 21:29:38 INFO    |  step: 24379392, training/sps: 15090.449 +/- 0.000
2025-11-20 21:29:38 INFO    |  step: 24379392, training/actor_loss: 3.474 +/- 0.000
2025-11-20 21:29:38 INFO    |  step: 24379392, training/adaptive_mixing_raw: 0.235 +/- 0.000
2025-11-20 21:29:38 INFO    |  step: 24379392, training/adaptive_mixing_smoothed: 0.235 +/- 0.000
2025-11-20 21:29:38 INFO    |  step: 24379392, training/alpha_loss: 0.000 +/- 0.000
2025-11-20 21:29:38 INFO    |  step: 24379392, training/critic_loss: 3.748 +/- 0.000
2025-11-20 21:29:38 INFO    |  step: 24379392, training/entropy: -4.000 +/- 0.000
2025-11-20 21:29:38 INFO    |  step: 24379392, training/env_grad_mean_norm: 0.570 +/- 0.000
2025-11-20 21:29:38 INFO    |  step: 24379392, training/env_grad_trvar: 54.127 +/- 0.000
2025-11-20 21:29:38 INFO    |  step: 24379392, training/env_rb_bias_squared: 1.131 +/- 0.000
2025-11-20 21:29:38 INFO    |  step: 24379392, training/log_alpha: -4.607 +/- 0.000
2025-11-20 21:29:38 INFO    |  step: 24379392, training/num_env_samples: 192.808 +/- 0.000
2025-11-20 21:29:38 INFO    |  step: 24379392, training/num_rb_samples: 63.192 +/- 0.000
2025-11-20 21:29:38 INFO    |  step: 24379392, training/rb_grad_mean_norm: 0.920 +/- 0.000
2025-11-20 21:29:38 INFO    |  step: 24379392, training/rb_grad_trvar: 51.199 +/- 0.000
2025-11-20 21:29:38 INFO    |  step: 24379392, eval/episode_reward: 83.820 +/- 0.000
2025-11-20 21:29:38 INFO    |  step: 24379392, eval/episode_success: 83.820 +/- 0.000
2025-11-20 21:29:38 INFO    |  step: 24379392, eval/episode_success_easy: 189.996 +/- 0.000
2025-11-20 21:29:38 INFO    |  step: 24379392, eval/episode_dist: 5463.921 +/- 0.000
2025-11-20 21:29:38 INFO    |  step: 24379392, eval/episode_success_any: 0.125 +/- 0.000
2025-11-20 21:29:38 INFO    |  step: 24379392, eval/episode_reward_ctrl: 0.000 +/- 0.000
2025-11-20 21:29:38 INFO    |  step: 24379392, eval/episode_reward_dist: 0.000 +/- 0.000
2025-11-20 21:29:38 INFO    |  step: 24379392, eval/episode_reward_near: 0.000 +/- 0.000
2025-11-20 21:29:38 INFO    |  step: 24379392, eval/episode_reward_survive: 0.000 +/- 0.000
2025-11-20 21:29:38 INFO    |  step: 24379392, eval/episode_success_hard: 0.000 +/- 0.000
2025-11-20 21:30:09 INFO    |  actor input shape: (10000, 31)
2025-11-20 21:30:09 INFO    |  encoder input shape: (10000, 37)
2025-11-20 21:30:09 INFO    |  encoder input shape: (10000, 2)
2025-11-20 21:30:10 INFO    |  actor input shape: (10000, 31)
2025-11-20 21:30:10 INFO    |  encoder input shape: (10000, 37)
2025-11-20 21:30:10 INFO    |  encoder input shape: (10000, 2)
2025-11-20 21:30:10 INFO    |  actor input shape: (10000, 31)
2025-11-20 21:30:10 INFO    |  encoder input shape: (10000, 37)
2025-11-20 21:30:10 INFO    |  encoder input shape: (10000, 2)
2025-11-20 21:30:10 INFO    |  Plotted visualizations at env step 24871424.0
2025-11-20 21:30:15 INFO    |  step: 24871424
2025-11-20 21:30:15 INFO    |  step: 24871424, training/sps: 15386.721 +/- 0.000
2025-11-20 21:30:15 INFO    |  step: 24871424, training/actor_loss: 3.480 +/- 0.000
2025-11-20 21:30:15 INFO    |  step: 24871424, training/adaptive_mixing_raw: 0.480 +/- 0.000
2025-11-20 21:30:15 INFO    |  step: 24871424, training/adaptive_mixing_smoothed: 0.480 +/- 0.000
2025-11-20 21:30:15 INFO    |  step: 24871424, training/alpha_loss: -0.000 +/- 0.000
2025-11-20 21:30:15 INFO    |  step: 24871424, training/critic_loss: 3.750 +/- 0.000
2025-11-20 21:30:15 INFO    |  step: 24871424, training/entropy: -4.001 +/- 0.000
2025-11-20 21:30:15 INFO    |  step: 24871424, training/env_grad_mean_norm: 0.574 +/- 0.000
2025-11-20 21:30:15 INFO    |  step: 24871424, training/env_grad_trvar: 54.378 +/- 0.000
2025-11-20 21:30:15 INFO    |  step: 24871424, training/env_rb_bias_squared: 1.128 +/- 0.000
2025-11-20 21:30:15 INFO    |  step: 24871424, training/log_alpha: -4.608 +/- 0.000
2025-11-20 21:30:15 INFO    |  step: 24871424, training/num_env_samples: 192.601 +/- 0.000
2025-11-20 21:30:15 INFO    |  step: 24871424, training/num_rb_samples: 63.399 +/- 0.000
2025-11-20 21:30:15 INFO    |  step: 24871424, training/rb_grad_mean_norm: 0.918 +/- 0.000
2025-11-20 21:30:15 INFO    |  step: 24871424, training/rb_grad_trvar: 51.058 +/- 0.000
2025-11-20 21:30:15 INFO    |  step: 24871424, eval/episode_reward: 203.000 +/- 0.000
2025-11-20 21:30:15 INFO    |  step: 24871424, eval/episode_success: 203.000 +/- 0.000
2025-11-20 21:30:15 INFO    |  step: 24871424, eval/episode_success_easy: 354.055 +/- 0.000
2025-11-20 21:30:15 INFO    |  step: 24871424, eval/episode_dist: 4650.011 +/- 0.000
2025-11-20 21:30:15 INFO    |  step: 24871424, eval/episode_success_any: 0.324 +/- 0.000
2025-11-20 21:30:15 INFO    |  step: 24871424, eval/episode_reward_ctrl: 0.000 +/- 0.000
2025-11-20 21:30:15 INFO    |  step: 24871424, eval/episode_reward_dist: 0.000 +/- 0.000
2025-11-20 21:30:15 INFO    |  step: 24871424, eval/episode_reward_near: 0.000 +/- 0.000
2025-11-20 21:30:15 INFO    |  step: 24871424, eval/episode_reward_survive: 0.000 +/- 0.000
2025-11-20 21:30:15 INFO    |  step: 24871424, eval/episode_success_hard: 0.000 +/- 0.000
2025-11-20 21:30:46 INFO    |  actor input shape: (10000, 31)
2025-11-20 21:30:46 INFO    |  encoder input shape: (10000, 37)
2025-11-20 21:30:46 INFO    |  encoder input shape: (10000, 2)
2025-11-20 21:30:46 INFO    |  actor input shape: (10000, 31)
2025-11-20 21:30:46 INFO    |  encoder input shape: (10000, 37)
2025-11-20 21:30:46 INFO    |  encoder input shape: (10000, 2)
2025-11-20 21:30:47 INFO    |  actor input shape: (10000, 31)
2025-11-20 21:30:47 INFO    |  encoder input shape: (10000, 37)
2025-11-20 21:30:47 INFO    |  encoder input shape: (10000, 2)
2025-11-20 21:30:47 INFO    |  Plotted visualizations at env step 25363456.0
2025-11-20 21:30:52 INFO    |  step: 25363456
2025-11-20 21:30:53 INFO    |  actor input shape: (1, 31)
2025-11-20 21:31:22 INFO    |  step: 25363456, training/sps: 15435.325 +/- 0.000
2025-11-20 21:31:22 INFO    |  step: 25363456, training/actor_loss: 3.473 +/- 0.000
2025-11-20 21:31:22 INFO    |  step: 25363456, training/adaptive_mixing_raw: 0.364 +/- 0.000
2025-11-20 21:31:22 INFO    |  step: 25363456, training/adaptive_mixing_smoothed: 0.364 +/- 0.000
2025-11-20 21:31:22 INFO    |  step: 25363456, training/alpha_loss: 0.000 +/- 0.000
2025-11-20 21:31:22 INFO    |  step: 25363456, training/critic_loss: 3.740 +/- 0.000
2025-11-20 21:31:22 INFO    |  step: 25363456, training/entropy: -4.000 +/- 0.000
2025-11-20 21:31:22 INFO    |  step: 25363456, training/env_grad_mean_norm: 0.572 +/- 0.000
2025-11-20 21:31:22 INFO    |  step: 25363456, training/env_grad_trvar: 54.337 +/- 0.000
2025-11-20 21:31:22 INFO    |  step: 25363456, training/env_rb_bias_squared: 1.123 +/- 0.000
2025-11-20 21:31:22 INFO    |  step: 25363456, training/log_alpha: -4.598 +/- 0.000
2025-11-20 21:31:22 INFO    |  step: 25363456, training/num_env_samples: 192.334 +/- 0.000
2025-11-20 21:31:22 INFO    |  step: 25363456, training/num_rb_samples: 63.666 +/- 0.000
2025-11-20 21:31:22 INFO    |  step: 25363456, training/rb_grad_mean_norm: 0.916 +/- 0.000
2025-11-20 21:31:22 INFO    |  step: 25363456, training/rb_grad_trvar: 51.143 +/- 0.000
2025-11-20 21:31:22 INFO    |  step: 25363456, eval/episode_reward: 152.922 +/- 0.000
2025-11-20 21:31:22 INFO    |  step: 25363456, eval/episode_success: 152.922 +/- 0.000
2025-11-20 21:31:22 INFO    |  step: 25363456, eval/episode_success_easy: 275.777 +/- 0.000
2025-11-20 21:31:22 INFO    |  step: 25363456, eval/episode_dist: 4971.754 +/- 0.000
2025-11-20 21:31:22 INFO    |  step: 25363456, eval/episode_success_any: 0.273 +/- 0.000
2025-11-20 21:31:22 INFO    |  step: 25363456, eval/episode_reward_ctrl: 0.000 +/- 0.000
2025-11-20 21:31:22 INFO    |  step: 25363456, eval/episode_reward_dist: 0.000 +/- 0.000
2025-11-20 21:31:22 INFO    |  step: 25363456, eval/episode_reward_near: 0.000 +/- 0.000
2025-11-20 21:31:22 INFO    |  step: 25363456, eval/episode_reward_survive: 0.000 +/- 0.000
2025-11-20 21:31:22 INFO    |  step: 25363456, eval/episode_success_hard: 0.000 +/- 0.000
2025-11-20 21:31:53 INFO    |  actor input shape: (10000, 31)
2025-11-20 21:31:53 INFO    |  encoder input shape: (10000, 37)
2025-11-20 21:31:53 INFO    |  encoder input shape: (10000, 2)
2025-11-20 21:31:53 INFO    |  actor input shape: (10000, 31)
2025-11-20 21:31:53 INFO    |  encoder input shape: (10000, 37)
2025-11-20 21:31:53 INFO    |  encoder input shape: (10000, 2)
2025-11-20 21:31:53 INFO    |  actor input shape: (10000, 31)
2025-11-20 21:31:53 INFO    |  encoder input shape: (10000, 37)
2025-11-20 21:31:53 INFO    |  encoder input shape: (10000, 2)
2025-11-20 21:31:53 INFO    |  Plotted visualizations at env step 25855488.0
2025-11-20 21:31:58 INFO    |  step: 25855488
2025-11-20 21:31:58 INFO    |  step: 25855488, training/sps: 15477.009 +/- 0.000
2025-11-20 21:31:58 INFO    |  step: 25855488, training/actor_loss: 3.472 +/- 0.000
2025-11-20 21:31:58 INFO    |  step: 25855488, training/adaptive_mixing_raw: 0.283 +/- 0.000
2025-11-20 21:31:58 INFO    |  step: 25855488, training/adaptive_mixing_smoothed: 0.283 +/- 0.000
2025-11-20 21:31:58 INFO    |  step: 25855488, training/alpha_loss: 0.000 +/- 0.000
2025-11-20 21:31:58 INFO    |  step: 25855488, training/critic_loss: 3.739 +/- 0.000
2025-11-20 21:31:58 INFO    |  step: 25855488, training/entropy: -3.999 +/- 0.000
2025-11-20 21:31:58 INFO    |  step: 25855488, training/env_grad_mean_norm: 0.578 +/- 0.000
2025-11-20 21:31:58 INFO    |  step: 25855488, training/env_grad_trvar: 55.301 +/- 0.000
2025-11-20 21:31:58 INFO    |  step: 25855488, training/env_rb_bias_squared: 1.138 +/- 0.000
2025-11-20 21:31:58 INFO    |  step: 25855488, training/log_alpha: -4.596 +/- 0.000
2025-11-20 21:31:58 INFO    |  step: 25855488, training/num_env_samples: 192.270 +/- 0.000
2025-11-20 21:31:58 INFO    |  step: 25855488, training/num_rb_samples: 63.730 +/- 0.000
2025-11-20 21:31:58 INFO    |  step: 25855488, training/rb_grad_mean_norm: 0.922 +/- 0.000
2025-11-20 21:31:58 INFO    |  step: 25855488, training/rb_grad_trvar: 51.787 +/- 0.000
2025-11-20 21:31:58 INFO    |  step: 25855488, eval/episode_reward: 180.141 +/- 0.000
2025-11-20 21:31:58 INFO    |  step: 25855488, eval/episode_success: 180.141 +/- 0.000
2025-11-20 21:31:58 INFO    |  step: 25855488, eval/episode_success_easy: 311.820 +/- 0.000
2025-11-20 21:31:58 INFO    |  step: 25855488, eval/episode_dist: 4663.147 +/- 0.000
2025-11-20 21:31:58 INFO    |  step: 25855488, eval/episode_success_any: 0.332 +/- 0.000
2025-11-20 21:31:58 INFO    |  step: 25855488, eval/episode_reward_ctrl: 0.000 +/- 0.000
2025-11-20 21:31:58 INFO    |  step: 25855488, eval/episode_reward_dist: 0.000 +/- 0.000
2025-11-20 21:31:58 INFO    |  step: 25855488, eval/episode_reward_near: 0.000 +/- 0.000
2025-11-20 21:31:58 INFO    |  step: 25855488, eval/episode_reward_survive: 0.000 +/- 0.000
2025-11-20 21:31:58 INFO    |  step: 25855488, eval/episode_success_hard: 0.000 +/- 0.000
2025-11-20 21:32:29 INFO    |  actor input shape: (10000, 31)
2025-11-20 21:32:29 INFO    |  encoder input shape: (10000, 37)
2025-11-20 21:32:29 INFO    |  encoder input shape: (10000, 2)
2025-11-20 21:32:29 INFO    |  actor input shape: (10000, 31)
2025-11-20 21:32:29 INFO    |  encoder input shape: (10000, 37)
2025-11-20 21:32:29 INFO    |  encoder input shape: (10000, 2)
2025-11-20 21:32:29 INFO    |  actor input shape: (10000, 31)
2025-11-20 21:32:29 INFO    |  encoder input shape: (10000, 37)
2025-11-20 21:32:29 INFO    |  encoder input shape: (10000, 2)
2025-11-20 21:32:30 INFO    |  Plotted visualizations at env step 26347520.0
2025-11-20 21:32:34 INFO    |  step: 26347520
2025-11-20 21:32:34 INFO    |  step: 26347520, training/sps: 15617.764 +/- 0.000
2025-11-20 21:32:34 INFO    |  step: 26347520, training/actor_loss: 3.464 +/- 0.000
2025-11-20 21:32:34 INFO    |  step: 26347520, training/adaptive_mixing_raw: 0.335 +/- 0.000
2025-11-20 21:32:34 INFO    |  step: 26347520, training/adaptive_mixing_smoothed: 0.335 +/- 0.000
2025-11-20 21:32:34 INFO    |  step: 26347520, training/alpha_loss: 0.000 +/- 0.000
2025-11-20 21:32:34 INFO    |  step: 26347520, training/critic_loss: 3.730 +/- 0.000
2025-11-20 21:32:34 INFO    |  step: 26347520, training/entropy: -4.000 +/- 0.000
2025-11-20 21:32:34 INFO    |  step: 26347520, training/env_grad_mean_norm: 0.585 +/- 0.000
2025-11-20 21:32:34 INFO    |  step: 26347520, training/env_grad_trvar: 56.061 +/- 0.000
2025-11-20 21:32:34 INFO    |  step: 26347520, training/env_rb_bias_squared: 1.142 +/- 0.000
2025-11-20 21:32:34 INFO    |  step: 26347520, training/log_alpha: -4.606 +/- 0.000
2025-11-20 21:32:34 INFO    |  step: 26347520, training/num_env_samples: 191.725 +/- 0.000
2025-11-20 21:32:34 INFO    |  step: 26347520, training/num_rb_samples: 64.275 +/- 0.000
2025-11-20 21:32:34 INFO    |  step: 26347520, training/rb_grad_mean_norm: 0.921 +/- 0.000
2025-11-20 21:32:34 INFO    |  step: 26347520, training/rb_grad_trvar: 51.995 +/- 0.000
2025-11-20 21:32:34 INFO    |  step: 26347520, eval/episode_reward: 148.461 +/- 0.000
2025-11-20 21:32:34 INFO    |  step: 26347520, eval/episode_success: 148.461 +/- 0.000
2025-11-20 21:32:34 INFO    |  step: 26347520, eval/episode_success_easy: 293.781 +/- 0.000
2025-11-20 21:32:34 INFO    |  step: 26347520, eval/episode_dist: 4971.736 +/- 0.000
2025-11-20 21:32:34 INFO    |  step: 26347520, eval/episode_success_any: 0.266 +/- 0.000
2025-11-20 21:32:34 INFO    |  step: 26347520, eval/episode_reward_ctrl: 0.000 +/- 0.000
2025-11-20 21:32:34 INFO    |  step: 26347520, eval/episode_reward_dist: 0.000 +/- 0.000
2025-11-20 21:32:34 INFO    |  step: 26347520, eval/episode_reward_near: 0.000 +/- 0.000
2025-11-20 21:32:34 INFO    |  step: 26347520, eval/episode_reward_survive: 0.000 +/- 0.000
2025-11-20 21:32:34 INFO    |  step: 26347520, eval/episode_success_hard: 0.000 +/- 0.000
2025-11-20 21:33:05 INFO    |  actor input shape: (10000, 31)
2025-11-20 21:33:05 INFO    |  encoder input shape: (10000, 37)
2025-11-20 21:33:05 INFO    |  encoder input shape: (10000, 2)
2025-11-20 21:33:05 INFO    |  actor input shape: (10000, 31)
2025-11-20 21:33:05 INFO    |  encoder input shape: (10000, 37)
2025-11-20 21:33:05 INFO    |  encoder input shape: (10000, 2)
2025-11-20 21:33:05 INFO    |  actor input shape: (10000, 31)
2025-11-20 21:33:05 INFO    |  encoder input shape: (10000, 37)
2025-11-20 21:33:05 INFO    |  encoder input shape: (10000, 2)
2025-11-20 21:33:06 INFO    |  Plotted visualizations at env step 26839552.0
2025-11-20 21:33:10 INFO    |  step: 26839552
2025-11-20 21:33:10 INFO    |  step: 26839552, training/sps: 15772.502 +/- 0.000
2025-11-20 21:33:10 INFO    |  step: 26839552, training/actor_loss: 3.455 +/- 0.000
2025-11-20 21:33:10 INFO    |  step: 26839552, training/adaptive_mixing_raw: 0.345 +/- 0.000
2025-11-20 21:33:10 INFO    |  step: 26839552, training/adaptive_mixing_smoothed: 0.345 +/- 0.000
2025-11-20 21:33:10 INFO    |  step: 26839552, training/alpha_loss: -0.000 +/- 0.000
2025-11-20 21:33:10 INFO    |  step: 26839552, training/critic_loss: 3.726 +/- 0.000
2025-11-20 21:33:10 INFO    |  step: 26839552, training/entropy: -4.002 +/- 0.000
2025-11-20 21:33:10 INFO    |  step: 26839552, training/env_grad_mean_norm: 0.594 +/- 0.000
2025-11-20 21:33:10 INFO    |  step: 26839552, training/env_grad_trvar: 57.866 +/- 0.000
2025-11-20 21:33:10 INFO    |  step: 26839552, training/env_rb_bias_squared: 1.166 +/- 0.000
2025-11-20 21:33:10 INFO    |  step: 26839552, training/log_alpha: -4.594 +/- 0.000
2025-11-20 21:33:10 INFO    |  step: 26839552, training/num_env_samples: 191.904 +/- 0.000
2025-11-20 21:33:10 INFO    |  step: 26839552, training/num_rb_samples: 64.096 +/- 0.000
2025-11-20 21:33:10 INFO    |  step: 26839552, training/rb_grad_mean_norm: 0.929 +/- 0.000
2025-11-20 21:33:10 INFO    |  step: 26839552, training/rb_grad_trvar: 52.817 +/- 0.000
2025-11-20 21:33:10 INFO    |  step: 26839552, eval/episode_reward: 160.621 +/- 0.000
2025-11-20 21:33:10 INFO    |  step: 26839552, eval/episode_success: 160.621 +/- 0.000
2025-11-20 21:33:10 INFO    |  step: 26839552, eval/episode_success_easy: 338.379 +/- 0.000
2025-11-20 21:33:10 INFO    |  step: 26839552, eval/episode_dist: 4738.091 +/- 0.000
2025-11-20 21:33:10 INFO    |  step: 26839552, eval/episode_success_any: 0.230 +/- 0.000
2025-11-20 21:33:10 INFO    |  step: 26839552, eval/episode_reward_ctrl: 0.000 +/- 0.000
2025-11-20 21:33:10 INFO    |  step: 26839552, eval/episode_reward_dist: 0.000 +/- 0.000
2025-11-20 21:33:10 INFO    |  step: 26839552, eval/episode_reward_near: 0.000 +/- 0.000
2025-11-20 21:33:10 INFO    |  step: 26839552, eval/episode_reward_survive: 0.000 +/- 0.000
2025-11-20 21:33:10 INFO    |  step: 26839552, eval/episode_success_hard: 0.000 +/- 0.000
2025-11-20 21:33:40 INFO    |  actor input shape: (10000, 31)
2025-11-20 21:33:40 INFO    |  encoder input shape: (10000, 37)
2025-11-20 21:33:40 INFO    |  encoder input shape: (10000, 2)
2025-11-20 21:33:41 INFO    |  actor input shape: (10000, 31)
2025-11-20 21:33:41 INFO    |  encoder input shape: (10000, 37)
2025-11-20 21:33:41 INFO    |  encoder input shape: (10000, 2)
2025-11-20 21:33:41 INFO    |  actor input shape: (10000, 31)
2025-11-20 21:33:41 INFO    |  encoder input shape: (10000, 37)
2025-11-20 21:33:41 INFO    |  encoder input shape: (10000, 2)
2025-11-20 21:33:41 INFO    |  Plotted visualizations at env step 27331584.0
2025-11-20 21:33:46 INFO    |  step: 27331584
2025-11-20 21:33:46 INFO    |  step: 27331584, training/sps: 16023.795 +/- 0.000
2025-11-20 21:33:46 INFO    |  step: 27331584, training/actor_loss: 3.442 +/- 0.000
2025-11-20 21:33:46 INFO    |  step: 27331584, training/adaptive_mixing_raw: 0.334 +/- 0.000
2025-11-20 21:33:46 INFO    |  step: 27331584, training/adaptive_mixing_smoothed: 0.334 +/- 0.000
2025-11-20 21:33:46 INFO    |  step: 27331584, training/alpha_loss: 0.000 +/- 0.000
2025-11-20 21:33:46 INFO    |  step: 27331584, training/critic_loss: 3.711 +/- 0.000
2025-11-20 21:33:46 INFO    |  step: 27331584, training/entropy: -4.000 +/- 0.000
2025-11-20 21:33:46 INFO    |  step: 27331584, training/env_grad_mean_norm: 0.600 +/- 0.000
2025-11-20 21:33:46 INFO    |  step: 27331584, training/env_grad_trvar: 59.096 +/- 0.000
2025-11-20 21:33:46 INFO    |  step: 27331584, training/env_rb_bias_squared: 1.204 +/- 0.000
2025-11-20 21:33:46 INFO    |  step: 27331584, training/log_alpha: -4.563 +/- 0.000
2025-11-20 21:33:46 INFO    |  step: 27331584, training/num_env_samples: 192.581 +/- 0.000
2025-11-20 21:33:46 INFO    |  step: 27331584, training/num_rb_samples: 63.419 +/- 0.000
2025-11-20 21:33:46 INFO    |  step: 27331584, training/rb_grad_mean_norm: 0.945 +/- 0.000
2025-11-20 21:33:46 INFO    |  step: 27331584, training/rb_grad_trvar: 54.113 +/- 0.000
2025-11-20 21:33:46 INFO    |  step: 27331584, eval/episode_reward: 224.113 +/- 0.000
2025-11-20 21:33:46 INFO    |  step: 27331584, eval/episode_success: 224.113 +/- 0.000
2025-11-20 21:33:46 INFO    |  step: 27331584, eval/episode_success_easy: 372.340 +/- 0.000
2025-11-20 21:33:46 INFO    |  step: 27331584, eval/episode_dist: 4199.235 +/- 0.000
2025-11-20 21:33:46 INFO    |  step: 27331584, eval/episode_success_any: 0.344 +/- 0.000
2025-11-20 21:33:46 INFO    |  step: 27331584, eval/episode_reward_ctrl: 0.000 +/- 0.000
2025-11-20 21:33:46 INFO    |  step: 27331584, eval/episode_reward_dist: 0.000 +/- 0.000
2025-11-20 21:33:46 INFO    |  step: 27331584, eval/episode_reward_near: 0.000 +/- 0.000
2025-11-20 21:33:46 INFO    |  step: 27331584, eval/episode_reward_survive: 0.000 +/- 0.000
2025-11-20 21:33:46 INFO    |  step: 27331584, eval/episode_success_hard: 0.000 +/- 0.000
2025-11-20 21:34:16 INFO    |  actor input shape: (10000, 31)
2025-11-20 21:34:16 INFO    |  encoder input shape: (10000, 37)
2025-11-20 21:34:16 INFO    |  encoder input shape: (10000, 2)
2025-11-20 21:34:16 INFO    |  actor input shape: (10000, 31)
2025-11-20 21:34:16 INFO    |  encoder input shape: (10000, 37)
2025-11-20 21:34:16 INFO    |  encoder input shape: (10000, 2)
2025-11-20 21:34:16 INFO    |  actor input shape: (10000, 31)
2025-11-20 21:34:16 INFO    |  encoder input shape: (10000, 37)
2025-11-20 21:34:16 INFO    |  encoder input shape: (10000, 2)
2025-11-20 21:34:17 INFO    |  Plotted visualizations at env step 27823616.0
2025-11-20 21:34:21 INFO    |  step: 27823616
2025-11-20 21:34:23 INFO    |  actor input shape: (1, 31)
2025-11-20 21:34:51 INFO    |  step: 27823616, training/sps: 16047.724 +/- 0.000
2025-11-20 21:34:51 INFO    |  step: 27823616, training/actor_loss: 3.437 +/- 0.000
2025-11-20 21:34:51 INFO    |  step: 27823616, training/adaptive_mixing_raw: 0.378 +/- 0.000
2025-11-20 21:34:51 INFO    |  step: 27823616, training/adaptive_mixing_smoothed: 0.378 +/- 0.000
2025-11-20 21:34:51 INFO    |  step: 27823616, training/alpha_loss: -0.000 +/- 0.000
2025-11-20 21:34:51 INFO    |  step: 27823616, training/critic_loss: 3.704 +/- 0.000
2025-11-20 21:34:51 INFO    |  step: 27823616, training/entropy: -4.001 +/- 0.000
2025-11-20 21:34:51 INFO    |  step: 27823616, training/env_grad_mean_norm: 0.610 +/- 0.000
2025-11-20 21:34:51 INFO    |  step: 27823616, training/env_grad_trvar: 61.287 +/- 0.000
2025-11-20 21:34:51 INFO    |  step: 27823616, training/env_rb_bias_squared: 1.253 +/- 0.000
2025-11-20 21:34:51 INFO    |  step: 27823616, training/log_alpha: -4.547 +/- 0.000
2025-11-20 21:34:51 INFO    |  step: 27823616, training/num_env_samples: 192.633 +/- 0.000
2025-11-20 21:34:51 INFO    |  step: 27823616, training/num_rb_samples: 63.367 +/- 0.000
2025-11-20 21:34:51 INFO    |  step: 27823616, training/rb_grad_mean_norm: 0.964 +/- 0.000
2025-11-20 21:34:51 INFO    |  step: 27823616, training/rb_grad_trvar: 56.376 +/- 0.000
2025-11-20 21:34:51 INFO    |  step: 27823616, eval/episode_reward: 142.367 +/- 0.000
2025-11-20 21:34:51 INFO    |  step: 27823616, eval/episode_success: 142.367 +/- 0.000
2025-11-20 21:34:51 INFO    |  step: 27823616, eval/episode_success_easy: 286.598 +/- 0.000
2025-11-20 21:34:51 INFO    |  step: 27823616, eval/episode_dist: 5350.545 +/- 0.000
2025-11-20 21:34:51 INFO    |  step: 27823616, eval/episode_success_any: 0.250 +/- 0.000
2025-11-20 21:34:51 INFO    |  step: 27823616, eval/episode_reward_ctrl: 0.000 +/- 0.000
2025-11-20 21:34:51 INFO    |  step: 27823616, eval/episode_reward_dist: 0.000 +/- 0.000
2025-11-20 21:34:51 INFO    |  step: 27823616, eval/episode_reward_near: 0.000 +/- 0.000
2025-11-20 21:34:51 INFO    |  step: 27823616, eval/episode_reward_survive: 0.000 +/- 0.000
2025-11-20 21:34:51 INFO    |  step: 27823616, eval/episode_success_hard: 0.000 +/- 0.000
2025-11-20 21:35:21 INFO    |  actor input shape: (10000, 31)
2025-11-20 21:35:21 INFO    |  encoder input shape: (10000, 37)
2025-11-20 21:35:21 INFO    |  encoder input shape: (10000, 2)
2025-11-20 21:35:21 INFO    |  actor input shape: (10000, 31)
2025-11-20 21:35:21 INFO    |  encoder input shape: (10000, 37)
2025-11-20 21:35:21 INFO    |  encoder input shape: (10000, 2)
2025-11-20 21:35:22 INFO    |  actor input shape: (10000, 31)
2025-11-20 21:35:22 INFO    |  encoder input shape: (10000, 37)
2025-11-20 21:35:22 INFO    |  encoder input shape: (10000, 2)
2025-11-20 21:35:22 INFO    |  Plotted visualizations at env step 28315648.0
2025-11-20 21:35:27 INFO    |  step: 28315648
2025-11-20 21:35:27 INFO    |  step: 28315648, training/sps: 16072.758 +/- 0.000
2025-11-20 21:35:27 INFO    |  step: 28315648, training/actor_loss: 3.433 +/- 0.000
2025-11-20 21:35:27 INFO    |  step: 28315648, training/adaptive_mixing_raw: 0.359 +/- 0.000
2025-11-20 21:35:27 INFO    |  step: 28315648, training/adaptive_mixing_smoothed: 0.359 +/- 0.000
2025-11-20 21:35:27 INFO    |  step: 28315648, training/alpha_loss: 0.000 +/- 0.000
2025-11-20 21:35:27 INFO    |  step: 28315648, training/critic_loss: 3.699 +/- 0.000
2025-11-20 21:35:27 INFO    |  step: 28315648, training/entropy: -4.000 +/- 0.000
2025-11-20 21:35:27 INFO    |  step: 28315648, training/env_grad_mean_norm: 0.614 +/- 0.000
2025-11-20 21:35:27 INFO    |  step: 28315648, training/env_grad_trvar: 61.568 +/- 0.000
2025-11-20 21:35:27 INFO    |  step: 28315648, training/env_rb_bias_squared: 1.265 +/- 0.000
2025-11-20 21:35:27 INFO    |  step: 28315648, training/log_alpha: -4.546 +/- 0.000
2025-11-20 21:35:27 INFO    |  step: 28315648, training/num_env_samples: 192.503 +/- 0.000
2025-11-20 21:35:27 INFO    |  step: 28315648, training/num_rb_samples: 63.497 +/- 0.000
2025-11-20 21:35:27 INFO    |  step: 28315648, training/rb_grad_mean_norm: 0.969 +/- 0.000
2025-11-20 21:35:27 INFO    |  step: 28315648, training/rb_grad_trvar: 56.991 +/- 0.000
2025-11-20 21:35:27 INFO    |  step: 28315648, eval/episode_reward: 208.723 +/- 0.000
2025-11-20 21:35:27 INFO    |  step: 28315648, eval/episode_success: 208.723 +/- 0.000
2025-11-20 21:35:27 INFO    |  step: 28315648, eval/episode_success_easy: 318.125 +/- 0.000
2025-11-20 21:35:27 INFO    |  step: 28315648, eval/episode_dist: 5101.414 +/- 0.000
2025-11-20 21:35:27 INFO    |  step: 28315648, eval/episode_success_any: 0.301 +/- 0.000
2025-11-20 21:35:27 INFO    |  step: 28315648, eval/episode_reward_ctrl: 0.000 +/- 0.000
2025-11-20 21:35:27 INFO    |  step: 28315648, eval/episode_reward_dist: 0.000 +/- 0.000
2025-11-20 21:35:27 INFO    |  step: 28315648, eval/episode_reward_near: 0.000 +/- 0.000
2025-11-20 21:35:27 INFO    |  step: 28315648, eval/episode_reward_survive: 0.000 +/- 0.000
2025-11-20 21:35:27 INFO    |  step: 28315648, eval/episode_success_hard: 0.000 +/- 0.000
2025-11-20 21:35:57 INFO    |  actor input shape: (10000, 31)
2025-11-20 21:35:57 INFO    |  encoder input shape: (10000, 37)
2025-11-20 21:35:57 INFO    |  encoder input shape: (10000, 2)
2025-11-20 21:35:57 INFO    |  actor input shape: (10000, 31)
2025-11-20 21:35:57 INFO    |  encoder input shape: (10000, 37)
2025-11-20 21:35:57 INFO    |  encoder input shape: (10000, 2)
2025-11-20 21:35:57 INFO    |  actor input shape: (10000, 31)
2025-11-20 21:35:57 INFO    |  encoder input shape: (10000, 37)
2025-11-20 21:35:57 INFO    |  encoder input shape: (10000, 2)
2025-11-20 21:35:58 INFO    |  Plotted visualizations at env step 28807680.0
2025-11-20 21:36:02 INFO    |  step: 28807680
2025-11-20 21:36:02 INFO    |  step: 28807680, training/sps: 15978.642 +/- 0.000
2025-11-20 21:36:02 INFO    |  step: 28807680, training/actor_loss: 3.423 +/- 0.000
2025-11-20 21:36:02 INFO    |  step: 28807680, training/adaptive_mixing_raw: 0.356 +/- 0.000
2025-11-20 21:36:02 INFO    |  step: 28807680, training/adaptive_mixing_smoothed: 0.356 +/- 0.000
2025-11-20 21:36:02 INFO    |  step: 28807680, training/alpha_loss: 0.000 +/- 0.000
2025-11-20 21:36:02 INFO    |  step: 28807680, training/critic_loss: 3.684 +/- 0.000
2025-11-20 21:36:02 INFO    |  step: 28807680, training/entropy: -4.000 +/- 0.000
2025-11-20 21:36:02 INFO    |  step: 28807680, training/env_grad_mean_norm: 0.617 +/- 0.000
2025-11-20 21:36:02 INFO    |  step: 28807680, training/env_grad_trvar: 61.431 +/- 0.000
2025-11-20 21:36:02 INFO    |  step: 28807680, training/env_rb_bias_squared: 1.252 +/- 0.000
2025-11-20 21:36:02 INFO    |  step: 28807680, training/log_alpha: -4.535 +/- 0.000
2025-11-20 21:36:02 INFO    |  step: 28807680, training/num_env_samples: 192.208 +/- 0.000
2025-11-20 21:36:02 INFO    |  step: 28807680, training/num_rb_samples: 63.792 +/- 0.000
2025-11-20 21:36:02 INFO    |  step: 28807680, training/rb_grad_mean_norm: 0.959 +/- 0.000
2025-11-20 21:36:02 INFO    |  step: 28807680, training/rb_grad_trvar: 56.233 +/- 0.000
2025-11-20 21:36:02 INFO    |  step: 28807680, eval/episode_reward: 167.602 +/- 0.000
2025-11-20 21:36:02 INFO    |  step: 28807680, eval/episode_success: 167.602 +/- 0.000
2025-11-20 21:36:02 INFO    |  step: 28807680, eval/episode_success_easy: 328.836 +/- 0.000
2025-11-20 21:36:02 INFO    |  step: 28807680, eval/episode_dist: 4070.567 +/- 0.000
2025-11-20 21:36:02 INFO    |  step: 28807680, eval/episode_success_any: 0.266 +/- 0.000
2025-11-20 21:36:02 INFO    |  step: 28807680, eval/episode_reward_ctrl: 0.000 +/- 0.000
2025-11-20 21:36:02 INFO    |  step: 28807680, eval/episode_reward_dist: 0.000 +/- 0.000
2025-11-20 21:36:02 INFO    |  step: 28807680, eval/episode_reward_near: 0.000 +/- 0.000
2025-11-20 21:36:02 INFO    |  step: 28807680, eval/episode_reward_survive: 0.000 +/- 0.000
2025-11-20 21:36:02 INFO    |  step: 28807680, eval/episode_success_hard: 0.000 +/- 0.000
2025-11-20 21:36:32 INFO    |  actor input shape: (10000, 31)
2025-11-20 21:36:32 INFO    |  encoder input shape: (10000, 37)
2025-11-20 21:36:32 INFO    |  encoder input shape: (10000, 2)
2025-11-20 21:36:33 INFO    |  actor input shape: (10000, 31)
2025-11-20 21:36:33 INFO    |  encoder input shape: (10000, 37)
2025-11-20 21:36:33 INFO    |  encoder input shape: (10000, 2)
2025-11-20 21:36:33 INFO    |  actor input shape: (10000, 31)
2025-11-20 21:36:33 INFO    |  encoder input shape: (10000, 37)
2025-11-20 21:36:33 INFO    |  encoder input shape: (10000, 2)
2025-11-20 21:36:33 INFO    |  Plotted visualizations at env step 29299712.0
2025-11-20 21:36:38 INFO    |  step: 29299712
2025-11-20 21:36:38 INFO    |  step: 29299712, training/sps: 15992.136 +/- 0.000
2025-11-20 21:36:38 INFO    |  step: 29299712, training/actor_loss: 3.413 +/- 0.000
2025-11-20 21:36:38 INFO    |  step: 29299712, training/adaptive_mixing_raw: 0.297 +/- 0.000
2025-11-20 21:36:38 INFO    |  step: 29299712, training/adaptive_mixing_smoothed: 0.297 +/- 0.000
2025-11-20 21:36:38 INFO    |  step: 29299712, training/alpha_loss: 0.000 +/- 0.000
2025-11-20 21:36:38 INFO    |  step: 29299712, training/critic_loss: 3.669 +/- 0.000
2025-11-20 21:36:38 INFO    |  step: 29299712, training/entropy: -4.000 +/- 0.000
2025-11-20 21:36:38 INFO    |  step: 29299712, training/env_grad_mean_norm: 0.625 +/- 0.000
2025-11-20 21:36:38 INFO    |  step: 29299712, training/env_grad_trvar: 62.832 +/- 0.000
2025-11-20 21:36:38 INFO    |  step: 29299712, training/env_rb_bias_squared: 1.284 +/- 0.000
2025-11-20 21:36:38 INFO    |  step: 29299712, training/log_alpha: -4.530 +/- 0.000
2025-11-20 21:36:38 INFO    |  step: 29299712, training/num_env_samples: 192.357 +/- 0.000
2025-11-20 21:36:38 INFO    |  step: 29299712, training/num_rb_samples: 63.643 +/- 0.000
2025-11-20 21:36:38 INFO    |  step: 29299712, training/rb_grad_mean_norm: 0.971 +/- 0.000
2025-11-20 21:36:38 INFO    |  step: 29299712, training/rb_grad_trvar: 57.533 +/- 0.000
2025-11-20 21:36:38 INFO    |  step: 29299712, eval/episode_reward: 177.539 +/- 0.000
2025-11-20 21:36:38 INFO    |  step: 29299712, eval/episode_success: 177.539 +/- 0.000
2025-11-20 21:36:38 INFO    |  step: 29299712, eval/episode_success_easy: 289.125 +/- 0.000
2025-11-20 21:36:38 INFO    |  step: 29299712, eval/episode_dist: 5051.141 +/- 0.000
2025-11-20 21:36:38 INFO    |  step: 29299712, eval/episode_success_any: 0.281 +/- 0.000
2025-11-20 21:36:38 INFO    |  step: 29299712, eval/episode_reward_ctrl: 0.000 +/- 0.000
2025-11-20 21:36:38 INFO    |  step: 29299712, eval/episode_reward_dist: 0.000 +/- 0.000
2025-11-20 21:36:38 INFO    |  step: 29299712, eval/episode_reward_near: 0.000 +/- 0.000
2025-11-20 21:36:38 INFO    |  step: 29299712, eval/episode_reward_survive: 0.000 +/- 0.000
2025-11-20 21:36:38 INFO    |  step: 29299712, eval/episode_success_hard: 0.000 +/- 0.000
2025-11-20 21:37:08 INFO    |  actor input shape: (10000, 31)
2025-11-20 21:37:08 INFO    |  encoder input shape: (10000, 37)
2025-11-20 21:37:08 INFO    |  encoder input shape: (10000, 2)
2025-11-20 21:37:08 INFO    |  actor input shape: (10000, 31)
2025-11-20 21:37:08 INFO    |  encoder input shape: (10000, 37)
2025-11-20 21:37:08 INFO    |  encoder input shape: (10000, 2)
2025-11-20 21:37:09 INFO    |  actor input shape: (10000, 31)
2025-11-20 21:37:09 INFO    |  encoder input shape: (10000, 37)
2025-11-20 21:37:09 INFO    |  encoder input shape: (10000, 2)
2025-11-20 21:37:09 INFO    |  Plotted visualizations at env step 29791744.0
2025-11-20 21:37:14 INFO    |  step: 29791744
2025-11-20 21:37:14 INFO    |  step: 29791744, training/sps: 15896.191 +/- 0.000
2025-11-20 21:37:14 INFO    |  step: 29791744, training/actor_loss: 3.400 +/- 0.000
2025-11-20 21:37:14 INFO    |  step: 29791744, training/adaptive_mixing_raw: 0.348 +/- 0.000
2025-11-20 21:37:14 INFO    |  step: 29791744, training/adaptive_mixing_smoothed: 0.348 +/- 0.000
2025-11-20 21:37:14 INFO    |  step: 29791744, training/alpha_loss: -0.000 +/- 0.000
2025-11-20 21:37:14 INFO    |  step: 29791744, training/critic_loss: 3.647 +/- 0.000
2025-11-20 21:37:14 INFO    |  step: 29791744, training/entropy: -4.001 +/- 0.000
2025-11-20 21:37:14 INFO    |  step: 29791744, training/env_grad_mean_norm: 0.615 +/- 0.000
2025-11-20 21:37:14 INFO    |  step: 29791744, training/env_grad_trvar: 60.721 +/- 0.000
2025-11-20 21:37:14 INFO    |  step: 29791744, training/env_rb_bias_squared: 1.251 +/- 0.000
2025-11-20 21:37:14 INFO    |  step: 29791744, training/log_alpha: -4.532 +/- 0.000
2025-11-20 21:37:14 INFO    |  step: 29791744, training/num_env_samples: 192.120 +/- 0.000
2025-11-20 21:37:14 INFO    |  step: 29791744, training/num_rb_samples: 63.880 +/- 0.000
2025-11-20 21:37:14 INFO    |  step: 29791744, training/rb_grad_mean_norm: 0.959 +/- 0.000
2025-11-20 21:37:14 INFO    |  step: 29791744, training/rb_grad_trvar: 56.328 +/- 0.000
2025-11-20 21:37:14 INFO    |  step: 29791744, eval/episode_reward: 139.992 +/- 0.000
2025-11-20 21:37:14 INFO    |  step: 29791744, eval/episode_success: 139.992 +/- 0.000
2025-11-20 21:37:14 INFO    |  step: 29791744, eval/episode_success_easy: 282.777 +/- 0.000
2025-11-20 21:37:14 INFO    |  step: 29791744, eval/episode_dist: 4371.430 +/- 0.000
2025-11-20 21:37:14 INFO    |  step: 29791744, eval/episode_success_any: 0.215 +/- 0.000
2025-11-20 21:37:14 INFO    |  step: 29791744, eval/episode_reward_ctrl: 0.000 +/- 0.000
2025-11-20 21:37:14 INFO    |  step: 29791744, eval/episode_reward_dist: 0.000 +/- 0.000
2025-11-20 21:37:14 INFO    |  step: 29791744, eval/episode_reward_near: 0.000 +/- 0.000
2025-11-20 21:37:14 INFO    |  step: 29791744, eval/episode_reward_survive: 0.000 +/- 0.000
2025-11-20 21:37:14 INFO    |  step: 29791744, eval/episode_success_hard: 0.000 +/- 0.000
2025-11-20 21:37:45 INFO    |  actor input shape: (10000, 31)
2025-11-20 21:37:45 INFO    |  encoder input shape: (10000, 37)
2025-11-20 21:37:45 INFO    |  encoder input shape: (10000, 2)
2025-11-20 21:37:45 INFO    |  actor input shape: (10000, 31)
2025-11-20 21:37:45 INFO    |  encoder input shape: (10000, 37)
2025-11-20 21:37:45 INFO    |  encoder input shape: (10000, 2)
2025-11-20 21:37:46 INFO    |  actor input shape: (10000, 31)
2025-11-20 21:37:46 INFO    |  encoder input shape: (10000, 37)
2025-11-20 21:37:46 INFO    |  encoder input shape: (10000, 2)
2025-11-20 21:37:46 INFO    |  Plotted visualizations at env step 30283776.0
2025-11-20 21:37:51 INFO    |  step: 30283776
2025-11-20 21:37:53 INFO    |  actor input shape: (1, 31)
2025-11-20 21:38:19 INFO    |  step: 30283776, training/sps: 15227.526 +/- 0.000
2025-11-20 21:38:19 INFO    |  step: 30283776, training/actor_loss: 3.409 +/- 0.000
2025-11-20 21:38:19 INFO    |  step: 30283776, training/adaptive_mixing_raw: 0.290 +/- 0.000
2025-11-20 21:38:19 INFO    |  step: 30283776, training/adaptive_mixing_smoothed: 0.290 +/- 0.000
2025-11-20 21:38:19 INFO    |  step: 30283776, training/alpha_loss: 0.000 +/- 0.000
2025-11-20 21:38:19 INFO    |  step: 30283776, training/critic_loss: 3.662 +/- 0.000
2025-11-20 21:38:19 INFO    |  step: 30283776, training/entropy: -3.999 +/- 0.000
2025-11-20 21:38:19 INFO    |  step: 30283776, training/env_grad_mean_norm: 0.605 +/- 0.000
2025-11-20 21:38:19 INFO    |  step: 30283776, training/env_grad_trvar: 59.265 +/- 0.000
2025-11-20 21:38:19 INFO    |  step: 30283776, training/env_rb_bias_squared: 1.216 +/- 0.000
2025-11-20 21:38:19 INFO    |  step: 30283776, training/log_alpha: -4.546 +/- 0.000
2025-11-20 21:38:19 INFO    |  step: 30283776, training/num_env_samples: 191.965 +/- 0.000
2025-11-20 21:38:19 INFO    |  step: 30283776, training/num_rb_samples: 64.035 +/- 0.000
2025-11-20 21:38:19 INFO    |  step: 30283776, training/rb_grad_mean_norm: 0.945 +/- 0.000
2025-11-20 21:38:19 INFO    |  step: 30283776, training/rb_grad_trvar: 54.926 +/- 0.000
2025-11-20 21:38:19 INFO    |  step: 30283776, eval/episode_reward: 232.012 +/- 0.000
2025-11-20 21:38:19 INFO    |  step: 30283776, eval/episode_success: 232.012 +/- 0.000
2025-11-20 21:38:19 INFO    |  step: 30283776, eval/episode_success_easy: 360.000 +/- 0.000
2025-11-20 21:38:19 INFO    |  step: 30283776, eval/episode_dist: 3610.296 +/- 0.000
2025-11-20 21:38:19 INFO    |  step: 30283776, eval/episode_success_any: 0.324 +/- 0.000
2025-11-20 21:38:19 INFO    |  step: 30283776, eval/episode_reward_ctrl: 0.000 +/- 0.000
2025-11-20 21:38:19 INFO    |  step: 30283776, eval/episode_reward_dist: 0.000 +/- 0.000
2025-11-20 21:38:19 INFO    |  step: 30283776, eval/episode_reward_near: 0.000 +/- 0.000
2025-11-20 21:38:19 INFO    |  step: 30283776, eval/episode_reward_survive: 0.000 +/- 0.000
2025-11-20 21:38:19 INFO    |  step: 30283776, eval/episode_success_hard: 0.000 +/- 0.000
2025-11-20 21:38:50 INFO    |  actor input shape: (10000, 31)
2025-11-20 21:38:50 INFO    |  encoder input shape: (10000, 37)
2025-11-20 21:38:50 INFO    |  encoder input shape: (10000, 2)
2025-11-20 21:38:50 INFO    |  actor input shape: (10000, 31)
2025-11-20 21:38:50 INFO    |  encoder input shape: (10000, 37)
2025-11-20 21:38:50 INFO    |  encoder input shape: (10000, 2)
2025-11-20 21:38:51 INFO    |  actor input shape: (10000, 31)
2025-11-20 21:38:51 INFO    |  encoder input shape: (10000, 37)
2025-11-20 21:38:51 INFO    |  encoder input shape: (10000, 2)
2025-11-20 21:38:51 INFO    |  Plotted visualizations at env step 30775808.0
2025-11-20 21:38:56 INFO    |  step: 30775808
2025-11-20 21:38:56 INFO    |  step: 30775808, training/sps: 15570.876 +/- 0.000
2025-11-20 21:38:56 INFO    |  step: 30775808, training/actor_loss: 3.422 +/- 0.000
2025-11-20 21:38:56 INFO    |  step: 30775808, training/adaptive_mixing_raw: 0.322 +/- 0.000
2025-11-20 21:38:56 INFO    |  step: 30775808, training/adaptive_mixing_smoothed: 0.322 +/- 0.000
2025-11-20 21:38:56 INFO    |  step: 30775808, training/alpha_loss: 0.000 +/- 0.000
2025-11-20 21:38:56 INFO    |  step: 30775808, training/critic_loss: 3.673 +/- 0.000
2025-11-20 21:38:56 INFO    |  step: 30775808, training/entropy: -4.000 +/- 0.000
2025-11-20 21:38:56 INFO    |  step: 30775808, training/env_grad_mean_norm: 0.596 +/- 0.000
2025-11-20 21:38:56 INFO    |  step: 30775808, training/env_grad_trvar: 58.414 +/- 0.000
2025-11-20 21:38:56 INFO    |  step: 30775808, training/env_rb_bias_squared: 1.197 +/- 0.000
2025-11-20 21:38:56 INFO    |  step: 30775808, training/log_alpha: -4.554 +/- 0.000
2025-11-20 21:38:56 INFO    |  step: 30775808, training/num_env_samples: 192.460 +/- 0.000
2025-11-20 21:38:56 INFO    |  step: 30775808, training/num_rb_samples: 63.540 +/- 0.000
2025-11-20 21:38:56 INFO    |  step: 30775808, training/rb_grad_mean_norm: 0.940 +/- 0.000
2025-11-20 21:38:56 INFO    |  step: 30775808, training/rb_grad_trvar: 53.843 +/- 0.000
2025-11-20 21:38:56 INFO    |  step: 30775808, eval/episode_reward: 155.277 +/- 0.000
2025-11-20 21:38:56 INFO    |  step: 30775808, eval/episode_success: 155.277 +/- 0.000
2025-11-20 21:38:56 INFO    |  step: 30775808, eval/episode_success_easy: 280.059 +/- 0.000
2025-11-20 21:38:56 INFO    |  step: 30775808, eval/episode_dist: 4285.115 +/- 0.000
2025-11-20 21:38:56 INFO    |  step: 30775808, eval/episode_success_any: 0.227 +/- 0.000
2025-11-20 21:38:56 INFO    |  step: 30775808, eval/episode_reward_ctrl: 0.000 +/- 0.000
2025-11-20 21:38:56 INFO    |  step: 30775808, eval/episode_reward_dist: 0.000 +/- 0.000
2025-11-20 21:38:56 INFO    |  step: 30775808, eval/episode_reward_near: 0.000 +/- 0.000
2025-11-20 21:38:56 INFO    |  step: 30775808, eval/episode_reward_survive: 0.000 +/- 0.000
2025-11-20 21:38:56 INFO    |  step: 30775808, eval/episode_success_hard: 0.000 +/- 0.000
2025-11-20 21:39:27 INFO    |  actor input shape: (10000, 31)
2025-11-20 21:39:27 INFO    |  encoder input shape: (10000, 37)
2025-11-20 21:39:27 INFO    |  encoder input shape: (10000, 2)
2025-11-20 21:39:27 INFO    |  actor input shape: (10000, 31)
2025-11-20 21:39:27 INFO    |  encoder input shape: (10000, 37)
2025-11-20 21:39:27 INFO    |  encoder input shape: (10000, 2)
2025-11-20 21:39:27 INFO    |  actor input shape: (10000, 31)
2025-11-20 21:39:27 INFO    |  encoder input shape: (10000, 37)
2025-11-20 21:39:27 INFO    |  encoder input shape: (10000, 2)
2025-11-20 21:39:28 INFO    |  Plotted visualizations at env step 31267840.0
2025-11-20 21:39:32 INFO    |  step: 31267840
2025-11-20 21:39:32 INFO    |  step: 31267840, training/sps: 15356.123 +/- 0.000
2025-11-20 21:39:32 INFO    |  step: 31267840, training/actor_loss: 3.440 +/- 0.000
2025-11-20 21:39:32 INFO    |  step: 31267840, training/adaptive_mixing_raw: 0.466 +/- 0.000
2025-11-20 21:39:32 INFO    |  step: 31267840, training/adaptive_mixing_smoothed: 0.466 +/- 0.000
2025-11-20 21:39:32 INFO    |  step: 31267840, training/alpha_loss: 0.000 +/- 0.000
2025-11-20 21:39:32 INFO    |  step: 31267840, training/critic_loss: 3.692 +/- 0.000
2025-11-20 21:39:32 INFO    |  step: 31267840, training/entropy: -4.000 +/- 0.000
2025-11-20 21:39:32 INFO    |  step: 31267840, training/env_grad_mean_norm: 0.591 +/- 0.000
2025-11-20 21:39:32 INFO    |  step: 31267840, training/env_grad_trvar: 58.058 +/- 0.000
2025-11-20 21:39:32 INFO    |  step: 31267840, training/env_rb_bias_squared: 1.166 +/- 0.000
2025-11-20 21:39:32 INFO    |  step: 31267840, training/log_alpha: -4.572 +/- 0.000
2025-11-20 21:39:32 INFO    |  step: 31267840, training/num_env_samples: 192.018 +/- 0.000
2025-11-20 21:39:32 INFO    |  step: 31267840, training/num_rb_samples: 63.982 +/- 0.000
2025-11-20 21:39:32 INFO    |  step: 31267840, training/rb_grad_mean_norm: 0.925 +/- 0.000
2025-11-20 21:39:32 INFO    |  step: 31267840, training/rb_grad_trvar: 52.478 +/- 0.000
2025-11-20 21:39:32 INFO    |  step: 31267840, eval/episode_reward: 177.477 +/- 0.000
2025-11-20 21:39:32 INFO    |  step: 31267840, eval/episode_success: 177.477 +/- 0.000
2025-11-20 21:39:32 INFO    |  step: 31267840, eval/episode_success_easy: 274.426 +/- 0.000
2025-11-20 21:39:32 INFO    |  step: 31267840, eval/episode_dist: 2846.712 +/- 0.000
2025-11-20 21:39:32 INFO    |  step: 31267840, eval/episode_success_any: 0.301 +/- 0.000
2025-11-20 21:39:32 INFO    |  step: 31267840, eval/episode_reward_ctrl: 0.000 +/- 0.000
2025-11-20 21:39:32 INFO    |  step: 31267840, eval/episode_reward_dist: 0.000 +/- 0.000
2025-11-20 21:39:32 INFO    |  step: 31267840, eval/episode_reward_near: 0.000 +/- 0.000
2025-11-20 21:39:32 INFO    |  step: 31267840, eval/episode_reward_survive: 0.000 +/- 0.000
2025-11-20 21:39:32 INFO    |  step: 31267840, eval/episode_success_hard: 0.000 +/- 0.000
2025-11-20 21:40:04 INFO    |  actor input shape: (10000, 31)
2025-11-20 21:40:04 INFO    |  encoder input shape: (10000, 37)
2025-11-20 21:40:04 INFO    |  encoder input shape: (10000, 2)
2025-11-20 21:40:05 INFO    |  actor input shape: (10000, 31)
2025-11-20 21:40:05 INFO    |  encoder input shape: (10000, 37)
2025-11-20 21:40:05 INFO    |  encoder input shape: (10000, 2)
2025-11-20 21:40:05 INFO    |  actor input shape: (10000, 31)
2025-11-20 21:40:05 INFO    |  encoder input shape: (10000, 37)
2025-11-20 21:40:05 INFO    |  encoder input shape: (10000, 2)
2025-11-20 21:40:05 INFO    |  Plotted visualizations at env step 31759872.0
2025-11-20 21:40:10 INFO    |  step: 31759872
2025-11-20 21:40:10 INFO    |  step: 31759872, training/sps: 15095.542 +/- 0.000
2025-11-20 21:40:10 INFO    |  step: 31759872, training/actor_loss: 3.464 +/- 0.000
2025-11-20 21:40:10 INFO    |  step: 31759872, training/adaptive_mixing_raw: 0.451 +/- 0.000
2025-11-20 21:40:10 INFO    |  step: 31759872, training/adaptive_mixing_smoothed: 0.451 +/- 0.000
2025-11-20 21:40:10 INFO    |  step: 31759872, training/alpha_loss: 0.000 +/- 0.000
2025-11-20 21:40:10 INFO    |  step: 31759872, training/critic_loss: 3.719 +/- 0.000
2025-11-20 21:40:10 INFO    |  step: 31759872, training/entropy: -3.999 +/- 0.000
2025-11-20 21:40:10 INFO    |  step: 31759872, training/env_grad_mean_norm: 0.587 +/- 0.000
2025-11-20 21:40:10 INFO    |  step: 31759872, training/env_grad_trvar: 57.874 +/- 0.000
2025-11-20 21:40:10 INFO    |  step: 31759872, training/env_rb_bias_squared: 1.168 +/- 0.000
2025-11-20 21:40:10 INFO    |  step: 31759872, training/log_alpha: -4.582 +/- 0.000
2025-11-20 21:40:10 INFO    |  step: 31759872, training/num_env_samples: 192.240 +/- 0.000
2025-11-20 21:40:10 INFO    |  step: 31759872, training/num_rb_samples: 63.760 +/- 0.000
2025-11-20 21:40:10 INFO    |  step: 31759872, training/rb_grad_mean_norm: 0.927 +/- 0.000
2025-11-20 21:40:10 INFO    |  step: 31759872, training/rb_grad_trvar: 52.697 +/- 0.000
2025-11-20 21:40:10 INFO    |  step: 31759872, eval/episode_reward: 155.520 +/- 0.000
2025-11-20 21:40:10 INFO    |  step: 31759872, eval/episode_success: 155.520 +/- 0.000
2025-11-20 21:40:10 INFO    |  step: 31759872, eval/episode_success_easy: 310.102 +/- 0.000
2025-11-20 21:40:10 INFO    |  step: 31759872, eval/episode_dist: 3211.756 +/- 0.000
2025-11-20 21:40:10 INFO    |  step: 31759872, eval/episode_success_any: 0.258 +/- 0.000
2025-11-20 21:40:10 INFO    |  step: 31759872, eval/episode_reward_ctrl: 0.000 +/- 0.000
2025-11-20 21:40:10 INFO    |  step: 31759872, eval/episode_reward_dist: 0.000 +/- 0.000
2025-11-20 21:40:10 INFO    |  step: 31759872, eval/episode_reward_near: 0.000 +/- 0.000
2025-11-20 21:40:10 INFO    |  step: 31759872, eval/episode_reward_survive: 0.000 +/- 0.000
2025-11-20 21:40:10 INFO    |  step: 31759872, eval/episode_success_hard: 0.000 +/- 0.000
2025-11-20 21:40:42 INFO    |  actor input shape: (10000, 31)
2025-11-20 21:40:42 INFO    |  encoder input shape: (10000, 37)
2025-11-20 21:40:42 INFO    |  encoder input shape: (10000, 2)
2025-11-20 21:40:42 INFO    |  actor input shape: (10000, 31)
2025-11-20 21:40:42 INFO    |  encoder input shape: (10000, 37)
2025-11-20 21:40:42 INFO    |  encoder input shape: (10000, 2)
2025-11-20 21:40:42 INFO    |  actor input shape: (10000, 31)
2025-11-20 21:40:42 INFO    |  encoder input shape: (10000, 37)
2025-11-20 21:40:42 INFO    |  encoder input shape: (10000, 2)
2025-11-20 21:40:43 INFO    |  Plotted visualizations at env step 32251904.0
2025-11-20 21:40:47 INFO    |  step: 32251904
2025-11-20 21:40:47 INFO    |  step: 32251904, training/sps: 14999.465 +/- 0.000
2025-11-20 21:40:47 INFO    |  step: 32251904, training/actor_loss: 3.486 +/- 0.000
2025-11-20 21:40:47 INFO    |  step: 32251904, training/adaptive_mixing_raw: 0.244 +/- 0.000
2025-11-20 21:40:47 INFO    |  step: 32251904, training/adaptive_mixing_smoothed: 0.244 +/- 0.000
2025-11-20 21:40:47 INFO    |  step: 32251904, training/alpha_loss: 0.000 +/- 0.000
2025-11-20 21:40:47 INFO    |  step: 32251904, training/critic_loss: 3.748 +/- 0.000
2025-11-20 21:40:47 INFO    |  step: 32251904, training/entropy: -4.000 +/- 0.000
2025-11-20 21:40:47 INFO    |  step: 32251904, training/env_grad_mean_norm: 0.574 +/- 0.000
2025-11-20 21:40:47 INFO    |  step: 32251904, training/env_grad_trvar: 55.737 +/- 0.000
2025-11-20 21:40:47 INFO    |  step: 32251904, training/env_rb_bias_squared: 1.123 +/- 0.000
2025-11-20 21:40:47 INFO    |  step: 32251904, training/log_alpha: -4.587 +/- 0.000
2025-11-20 21:40:47 INFO    |  step: 32251904, training/num_env_samples: 192.416 +/- 0.000
2025-11-20 21:40:47 INFO    |  step: 32251904, training/num_rb_samples: 63.584 +/- 0.000
2025-11-20 21:40:47 INFO    |  step: 32251904, training/rb_grad_mean_norm: 0.910 +/- 0.000
2025-11-20 21:40:47 INFO    |  step: 32251904, training/rb_grad_trvar: 50.626 +/- 0.000
2025-11-20 21:40:47 INFO    |  step: 32251904, eval/episode_reward: 204.746 +/- 0.000
2025-11-20 21:40:47 INFO    |  step: 32251904, eval/episode_success: 204.746 +/- 0.000
2025-11-20 21:40:47 INFO    |  step: 32251904, eval/episode_success_easy: 306.141 +/- 0.000
2025-11-20 21:40:47 INFO    |  step: 32251904, eval/episode_dist: 3829.618 +/- 0.000
2025-11-20 21:40:47 INFO    |  step: 32251904, eval/episode_success_any: 0.297 +/- 0.000
2025-11-20 21:40:47 INFO    |  step: 32251904, eval/episode_reward_ctrl: 0.000 +/- 0.000
2025-11-20 21:40:47 INFO    |  step: 32251904, eval/episode_reward_dist: 0.000 +/- 0.000
2025-11-20 21:40:47 INFO    |  step: 32251904, eval/episode_reward_near: 0.000 +/- 0.000
2025-11-20 21:40:47 INFO    |  step: 32251904, eval/episode_reward_survive: 0.000 +/- 0.000
2025-11-20 21:40:47 INFO    |  step: 32251904, eval/episode_success_hard: 0.000 +/- 0.000
2025-11-20 21:41:20 INFO    |  actor input shape: (10000, 31)
2025-11-20 21:41:20 INFO    |  encoder input shape: (10000, 37)
2025-11-20 21:41:20 INFO    |  encoder input shape: (10000, 2)
2025-11-20 21:41:20 INFO    |  actor input shape: (10000, 31)
2025-11-20 21:41:20 INFO    |  encoder input shape: (10000, 37)
2025-11-20 21:41:20 INFO    |  encoder input shape: (10000, 2)
2025-11-20 21:41:20 INFO    |  actor input shape: (10000, 31)
2025-11-20 21:41:20 INFO    |  encoder input shape: (10000, 37)
2025-11-20 21:41:20 INFO    |  encoder input shape: (10000, 2)
2025-11-20 21:41:20 INFO    |  Plotted visualizations at env step 32743936.0
2025-11-20 21:41:25 INFO    |  step: 32743936
2025-11-20 21:41:27 INFO    |  actor input shape: (1, 31)
2025-11-20 21:41:55 INFO    |  step: 32743936, training/sps: 14936.527 +/- 0.000
2025-11-20 21:41:55 INFO    |  step: 32743936, training/actor_loss: 3.516 +/- 0.000
2025-11-20 21:41:55 INFO    |  step: 32743936, training/adaptive_mixing_raw: 0.352 +/- 0.000
2025-11-20 21:41:55 INFO    |  step: 32743936, training/adaptive_mixing_smoothed: 0.352 +/- 0.000
2025-11-20 21:41:55 INFO    |  step: 32743936, training/alpha_loss: 0.000 +/- 0.000
2025-11-20 21:41:55 INFO    |  step: 32743936, training/critic_loss: 3.778 +/- 0.000
2025-11-20 21:41:55 INFO    |  step: 32743936, training/entropy: -3.999 +/- 0.000
2025-11-20 21:41:55 INFO    |  step: 32743936, training/env_grad_mean_norm: 0.568 +/- 0.000
2025-11-20 21:41:55 INFO    |  step: 32743936, training/env_grad_trvar: 54.783 +/- 0.000
2025-11-20 21:41:55 INFO    |  step: 32743936, training/env_rb_bias_squared: 1.106 +/- 0.000
2025-11-20 21:41:55 INFO    |  step: 32743936, training/log_alpha: -4.596 +/- 0.000
2025-11-20 21:41:55 INFO    |  step: 32743936, training/num_env_samples: 191.925 +/- 0.000
2025-11-20 21:41:55 INFO    |  step: 32743936, training/num_rb_samples: 64.075 +/- 0.000
2025-11-20 21:41:55 INFO    |  step: 32743936, training/rb_grad_mean_norm: 0.903 +/- 0.000
2025-11-20 21:41:55 INFO    |  step: 32743936, training/rb_grad_trvar: 50.255 +/- 0.000
2025-11-20 21:41:55 INFO    |  step: 32743936, eval/episode_reward: 171.199 +/- 0.000
2025-11-20 21:41:55 INFO    |  step: 32743936, eval/episode_success: 171.199 +/- 0.000
2025-11-20 21:41:55 INFO    |  step: 32743936, eval/episode_success_easy: 277.562 +/- 0.000
2025-11-20 21:41:55 INFO    |  step: 32743936, eval/episode_dist: 3700.724 +/- 0.000
2025-11-20 21:41:55 INFO    |  step: 32743936, eval/episode_success_any: 0.285 +/- 0.000
2025-11-20 21:41:55 INFO    |  step: 32743936, eval/episode_reward_ctrl: 0.000 +/- 0.000
2025-11-20 21:41:55 INFO    |  step: 32743936, eval/episode_reward_dist: 0.000 +/- 0.000
2025-11-20 21:41:55 INFO    |  step: 32743936, eval/episode_reward_near: 0.000 +/- 0.000
2025-11-20 21:41:55 INFO    |  step: 32743936, eval/episode_reward_survive: 0.000 +/- 0.000
2025-11-20 21:41:55 INFO    |  step: 32743936, eval/episode_success_hard: 0.000 +/- 0.000
2025-11-20 21:42:28 INFO    |  actor input shape: (10000, 31)
2025-11-20 21:42:28 INFO    |  encoder input shape: (10000, 37)
2025-11-20 21:42:28 INFO    |  encoder input shape: (10000, 2)
2025-11-20 21:42:28 INFO    |  actor input shape: (10000, 31)
2025-11-20 21:42:28 INFO    |  encoder input shape: (10000, 37)
2025-11-20 21:42:28 INFO    |  encoder input shape: (10000, 2)
2025-11-20 21:42:28 INFO    |  actor input shape: (10000, 31)
2025-11-20 21:42:28 INFO    |  encoder input shape: (10000, 37)
2025-11-20 21:42:28 INFO    |  encoder input shape: (10000, 2)
2025-11-20 21:42:28 INFO    |  Plotted visualizations at env step 33235968.0
2025-11-20 21:42:33 INFO    |  step: 33235968
2025-11-20 21:42:33 INFO    |  step: 33235968, training/sps: 14879.942 +/- 0.000
2025-11-20 21:42:33 INFO    |  step: 33235968, training/actor_loss: 3.534 +/- 0.000
2025-11-20 21:42:33 INFO    |  step: 33235968, training/adaptive_mixing_raw: 0.399 +/- 0.000
2025-11-20 21:42:33 INFO    |  step: 33235968, training/adaptive_mixing_smoothed: 0.399 +/- 0.000
2025-11-20 21:42:33 INFO    |  step: 33235968, training/alpha_loss: -0.000 +/- 0.000
2025-11-20 21:42:33 INFO    |  step: 33235968, training/critic_loss: 3.798 +/- 0.000
2025-11-20 21:42:33 INFO    |  step: 33235968, training/entropy: -4.000 +/- 0.000
2025-11-20 21:42:33 INFO    |  step: 33235968, training/env_grad_mean_norm: 0.562 +/- 0.000
2025-11-20 21:42:33 INFO    |  step: 33235968, training/env_grad_trvar: 53.927 +/- 0.000
2025-11-20 21:42:33 INFO    |  step: 33235968, training/env_rb_bias_squared: 1.109 +/- 0.000
2025-11-20 21:42:33 INFO    |  step: 33235968, training/log_alpha: -4.610 +/- 0.000
2025-11-20 21:42:33 INFO    |  step: 33235968, training/num_env_samples: 191.935 +/- 0.000
2025-11-20 21:42:33 INFO    |  step: 33235968, training/num_rb_samples: 64.065 +/- 0.000
2025-11-20 21:42:33 INFO    |  step: 33235968, training/rb_grad_mean_norm: 0.908 +/- 0.000
2025-11-20 21:42:33 INFO    |  step: 33235968, training/rb_grad_trvar: 50.761 +/- 0.000
2025-11-20 21:42:33 INFO    |  step: 33235968, eval/episode_reward: 160.035 +/- 0.000
2025-11-20 21:42:33 INFO    |  step: 33235968, eval/episode_success: 160.035 +/- 0.000
2025-11-20 21:42:33 INFO    |  step: 33235968, eval/episode_success_easy: 226.102 +/- 0.000
2025-11-20 21:42:33 INFO    |  step: 33235968, eval/episode_dist: 3841.984 +/- 0.000
2025-11-20 21:42:33 INFO    |  step: 33235968, eval/episode_success_any: 0.230 +/- 0.000
2025-11-20 21:42:33 INFO    |  step: 33235968, eval/episode_reward_ctrl: 0.000 +/- 0.000
2025-11-20 21:42:33 INFO    |  step: 33235968, eval/episode_reward_dist: 0.000 +/- 0.000
2025-11-20 21:42:33 INFO    |  step: 33235968, eval/episode_reward_near: 0.000 +/- 0.000
2025-11-20 21:42:33 INFO    |  step: 33235968, eval/episode_reward_survive: 0.000 +/- 0.000
2025-11-20 21:42:33 INFO    |  step: 33235968, eval/episode_success_hard: 0.000 +/- 0.000
2025-11-20 21:43:06 INFO    |  actor input shape: (10000, 31)
2025-11-20 21:43:06 INFO    |  encoder input shape: (10000, 37)
2025-11-20 21:43:06 INFO    |  encoder input shape: (10000, 2)
2025-11-20 21:43:06 INFO    |  actor input shape: (10000, 31)
2025-11-20 21:43:06 INFO    |  encoder input shape: (10000, 37)
2025-11-20 21:43:06 INFO    |  encoder input shape: (10000, 2)
2025-11-20 21:43:06 INFO    |  actor input shape: (10000, 31)
2025-11-20 21:43:06 INFO    |  encoder input shape: (10000, 37)
2025-11-20 21:43:06 INFO    |  encoder input shape: (10000, 2)
2025-11-20 21:43:06 INFO    |  Plotted visualizations at env step 33728000.0
2025-11-20 21:43:11 INFO    |  step: 33728000
2025-11-20 21:43:11 INFO    |  step: 33728000, training/sps: 14735.578 +/- 0.000
2025-11-20 21:43:11 INFO    |  step: 33728000, training/actor_loss: 3.540 +/- 0.000
2025-11-20 21:43:11 INFO    |  step: 33728000, training/adaptive_mixing_raw: 0.419 +/- 0.000
2025-11-20 21:43:11 INFO    |  step: 33728000, training/adaptive_mixing_smoothed: 0.419 +/- 0.000
2025-11-20 21:43:11 INFO    |  step: 33728000, training/alpha_loss: 0.000 +/- 0.000
2025-11-20 21:43:11 INFO    |  step: 33728000, training/critic_loss: 3.808 +/- 0.000
2025-11-20 21:43:11 INFO    |  step: 33728000, training/entropy: -3.999 +/- 0.000
2025-11-20 21:43:11 INFO    |  step: 33728000, training/env_grad_mean_norm: 0.556 +/- 0.000
2025-11-20 21:43:11 INFO    |  step: 33728000, training/env_grad_trvar: 52.945 +/- 0.000
2025-11-20 21:43:11 INFO    |  step: 33728000, training/env_rb_bias_squared: 1.103 +/- 0.000
2025-11-20 21:43:11 INFO    |  step: 33728000, training/log_alpha: -4.613 +/- 0.000
2025-11-20 21:43:11 INFO    |  step: 33728000, training/num_env_samples: 192.827 +/- 0.000
2025-11-20 21:43:11 INFO    |  step: 33728000, training/num_rb_samples: 63.173 +/- 0.000
2025-11-20 21:43:11 INFO    |  step: 33728000, training/rb_grad_mean_norm: 0.908 +/- 0.000
2025-11-20 21:43:11 INFO    |  step: 33728000, training/rb_grad_trvar: 50.093 +/- 0.000
2025-11-20 21:43:11 INFO    |  step: 33728000, eval/episode_reward: 174.379 +/- 0.000
2025-11-20 21:43:11 INFO    |  step: 33728000, eval/episode_success: 174.379 +/- 0.000
2025-11-20 21:43:11 INFO    |  step: 33728000, eval/episode_success_easy: 308.168 +/- 0.000
2025-11-20 21:43:11 INFO    |  step: 33728000, eval/episode_dist: 2910.116 +/- 0.000
2025-11-20 21:43:11 INFO    |  step: 33728000, eval/episode_success_any: 0.297 +/- 0.000
2025-11-20 21:43:11 INFO    |  step: 33728000, eval/episode_reward_ctrl: 0.000 +/- 0.000
2025-11-20 21:43:11 INFO    |  step: 33728000, eval/episode_reward_dist: 0.000 +/- 0.000
2025-11-20 21:43:11 INFO    |  step: 33728000, eval/episode_reward_near: 0.000 +/- 0.000
2025-11-20 21:43:11 INFO    |  step: 33728000, eval/episode_reward_survive: 0.000 +/- 0.000
2025-11-20 21:43:11 INFO    |  step: 33728000, eval/episode_success_hard: 0.000 +/- 0.000
2025-11-20 21:43:44 INFO    |  actor input shape: (10000, 31)
2025-11-20 21:43:44 INFO    |  encoder input shape: (10000, 37)
2025-11-20 21:43:44 INFO    |  encoder input shape: (10000, 2)
2025-11-20 21:43:44 INFO    |  actor input shape: (10000, 31)
2025-11-20 21:43:44 INFO    |  encoder input shape: (10000, 37)
2025-11-20 21:43:44 INFO    |  encoder input shape: (10000, 2)
2025-11-20 21:43:44 INFO    |  actor input shape: (10000, 31)
2025-11-20 21:43:44 INFO    |  encoder input shape: (10000, 37)
2025-11-20 21:43:44 INFO    |  encoder input shape: (10000, 2)
2025-11-20 21:43:45 INFO    |  Plotted visualizations at env step 34220032.0
2025-11-20 21:43:49 INFO    |  step: 34220032
2025-11-20 21:43:49 INFO    |  step: 34220032, training/sps: 14771.768 +/- 0.000
2025-11-20 21:43:49 INFO    |  step: 34220032, training/actor_loss: 3.545 +/- 0.000
2025-11-20 21:43:49 INFO    |  step: 34220032, training/adaptive_mixing_raw: 0.380 +/- 0.000
2025-11-20 21:43:49 INFO    |  step: 34220032, training/adaptive_mixing_smoothed: 0.380 +/- 0.000
2025-11-20 21:43:49 INFO    |  step: 34220032, training/alpha_loss: -0.000 +/- 0.000
2025-11-20 21:43:49 INFO    |  step: 34220032, training/critic_loss: 3.812 +/- 0.000
2025-11-20 21:43:49 INFO    |  step: 34220032, training/entropy: -4.000 +/- 0.000
2025-11-20 21:43:49 INFO    |  step: 34220032, training/env_grad_mean_norm: 0.551 +/- 0.000
2025-11-20 21:43:49 INFO    |  step: 34220032, training/env_grad_trvar: 51.731 +/- 0.000
2025-11-20 21:43:49 INFO    |  step: 34220032, training/env_rb_bias_squared: 1.073 +/- 0.000
2025-11-20 21:43:49 INFO    |  step: 34220032, training/log_alpha: -4.625 +/- 0.000
2025-11-20 21:43:49 INFO    |  step: 34220032, training/num_env_samples: 192.579 +/- 0.000
2025-11-20 21:43:49 INFO    |  step: 34220032, training/num_rb_samples: 63.421 +/- 0.000
2025-11-20 21:43:49 INFO    |  step: 34220032, training/rb_grad_mean_norm: 0.895 +/- 0.000
2025-11-20 21:43:49 INFO    |  step: 34220032, training/rb_grad_trvar: 48.805 +/- 0.000
2025-11-20 21:43:49 INFO    |  step: 34220032, eval/episode_reward: 207.801 +/- 0.000
2025-11-20 21:43:49 INFO    |  step: 34220032, eval/episode_success: 207.801 +/- 0.000
2025-11-20 21:43:49 INFO    |  step: 34220032, eval/episode_success_easy: 300.410 +/- 0.000
2025-11-20 21:43:49 INFO    |  step: 34220032, eval/episode_dist: 3078.324 +/- 0.000
2025-11-20 21:43:49 INFO    |  step: 34220032, eval/episode_success_any: 0.324 +/- 0.000
2025-11-20 21:43:49 INFO    |  step: 34220032, eval/episode_reward_ctrl: 0.000 +/- 0.000
2025-11-20 21:43:49 INFO    |  step: 34220032, eval/episode_reward_dist: 0.000 +/- 0.000
2025-11-20 21:43:49 INFO    |  step: 34220032, eval/episode_reward_near: 0.000 +/- 0.000
2025-11-20 21:43:49 INFO    |  step: 34220032, eval/episode_reward_survive: 0.000 +/- 0.000
2025-11-20 21:43:49 INFO    |  step: 34220032, eval/episode_success_hard: 0.000 +/- 0.000
2025-11-20 21:44:22 INFO    |  actor input shape: (10000, 31)
2025-11-20 21:44:22 INFO    |  encoder input shape: (10000, 37)
2025-11-20 21:44:22 INFO    |  encoder input shape: (10000, 2)
2025-11-20 21:44:23 INFO    |  actor input shape: (10000, 31)
2025-11-20 21:44:23 INFO    |  encoder input shape: (10000, 37)
2025-11-20 21:44:23 INFO    |  encoder input shape: (10000, 2)
2025-11-20 21:44:23 INFO    |  actor input shape: (10000, 31)
2025-11-20 21:44:23 INFO    |  encoder input shape: (10000, 37)
2025-11-20 21:44:23 INFO    |  encoder input shape: (10000, 2)
2025-11-20 21:44:23 INFO    |  Plotted visualizations at env step 34712064.0
2025-11-20 21:44:28 INFO    |  step: 34712064
2025-11-20 21:44:28 INFO    |  step: 34712064, training/sps: 14584.474 +/- 0.000
2025-11-20 21:44:28 INFO    |  step: 34712064, training/actor_loss: 3.546 +/- 0.000
2025-11-20 21:44:28 INFO    |  step: 34712064, training/adaptive_mixing_raw: 0.540 +/- 0.000
2025-11-20 21:44:28 INFO    |  step: 34712064, training/adaptive_mixing_smoothed: 0.540 +/- 0.000
2025-11-20 21:44:28 INFO    |  step: 34712064, training/alpha_loss: 0.000 +/- 0.000
2025-11-20 21:44:28 INFO    |  step: 34712064, training/critic_loss: 3.808 +/- 0.000
2025-11-20 21:44:28 INFO    |  step: 34712064, training/entropy: -3.999 +/- 0.000
2025-11-20 21:44:28 INFO    |  step: 34712064, training/env_grad_mean_norm: 0.554 +/- 0.000
2025-11-20 21:44:28 INFO    |  step: 34712064, training/env_grad_trvar: 52.217 +/- 0.000
2025-11-20 21:44:28 INFO    |  step: 34712064, training/env_rb_bias_squared: 1.099 +/- 0.000
2025-11-20 21:44:28 INFO    |  step: 34712064, training/log_alpha: -4.631 +/- 0.000
2025-11-20 21:44:28 INFO    |  step: 34712064, training/num_env_samples: 193.165 +/- 0.000
2025-11-20 21:44:28 INFO    |  step: 34712064, training/num_rb_samples: 62.835 +/- 0.000
2025-11-20 21:44:28 INFO    |  step: 34712064, training/rb_grad_mean_norm: 0.908 +/- 0.000
2025-11-20 21:44:28 INFO    |  step: 34712064, training/rb_grad_trvar: 49.769 +/- 0.000
2025-11-20 21:44:28 INFO    |  step: 34712064, eval/episode_reward: 146.988 +/- 0.000
2025-11-20 21:44:28 INFO    |  step: 34712064, eval/episode_success: 146.988 +/- 0.000
2025-11-20 21:44:28 INFO    |  step: 34712064, eval/episode_success_easy: 247.121 +/- 0.000
2025-11-20 21:44:28 INFO    |  step: 34712064, eval/episode_dist: 4576.425 +/- 0.000
2025-11-20 21:44:28 INFO    |  step: 34712064, eval/episode_success_any: 0.238 +/- 0.000
2025-11-20 21:44:28 INFO    |  step: 34712064, eval/episode_reward_ctrl: 0.000 +/- 0.000
2025-11-20 21:44:28 INFO    |  step: 34712064, eval/episode_reward_dist: 0.000 +/- 0.000
2025-11-20 21:44:28 INFO    |  step: 34712064, eval/episode_reward_near: 0.000 +/- 0.000
2025-11-20 21:44:28 INFO    |  step: 34712064, eval/episode_reward_survive: 0.000 +/- 0.000
2025-11-20 21:44:28 INFO    |  step: 34712064, eval/episode_success_hard: 0.000 +/- 0.000
2025-11-20 21:45:01 INFO    |  actor input shape: (10000, 31)
2025-11-20 21:45:01 INFO    |  encoder input shape: (10000, 37)
2025-11-20 21:45:01 INFO    |  encoder input shape: (10000, 2)
2025-11-20 21:45:01 INFO    |  actor input shape: (10000, 31)
2025-11-20 21:45:01 INFO    |  encoder input shape: (10000, 37)
2025-11-20 21:45:01 INFO    |  encoder input shape: (10000, 2)
2025-11-20 21:45:01 INFO    |  actor input shape: (10000, 31)
2025-11-20 21:45:01 INFO    |  encoder input shape: (10000, 37)
2025-11-20 21:45:01 INFO    |  encoder input shape: (10000, 2)
2025-11-20 21:45:01 INFO    |  Plotted visualizations at env step 35204096.0
2025-11-20 21:45:06 INFO    |  step: 35204096
2025-11-20 21:45:08 INFO    |  actor input shape: (1, 31)
2025-11-20 21:45:37 INFO    |  step: 35204096, training/sps: 14674.849 +/- 0.000
2025-11-20 21:45:37 INFO    |  step: 35204096, training/actor_loss: 3.551 +/- 0.000
2025-11-20 21:45:37 INFO    |  step: 35204096, training/adaptive_mixing_raw: 0.434 +/- 0.000
2025-11-20 21:45:37 INFO    |  step: 35204096, training/adaptive_mixing_smoothed: 0.434 +/- 0.000
2025-11-20 21:45:37 INFO    |  step: 35204096, training/alpha_loss: -0.000 +/- 0.000
2025-11-20 21:45:37 INFO    |  step: 35204096, training/critic_loss: 3.812 +/- 0.000
2025-11-20 21:45:37 INFO    |  step: 35204096, training/entropy: -4.000 +/- 0.000
2025-11-20 21:45:37 INFO    |  step: 35204096, training/env_grad_mean_norm: 0.555 +/- 0.000
2025-11-20 21:45:37 INFO    |  step: 35204096, training/env_grad_trvar: 52.136 +/- 0.000
2025-11-20 21:45:37 INFO    |  step: 35204096, training/env_rb_bias_squared: 1.094 +/- 0.000
2025-11-20 21:45:37 INFO    |  step: 35204096, training/log_alpha: -4.641 +/- 0.000
2025-11-20 21:45:37 INFO    |  step: 35204096, training/num_env_samples: 193.026 +/- 0.000
2025-11-20 21:45:37 INFO    |  step: 35204096, training/num_rb_samples: 62.974 +/- 0.000
2025-11-20 21:45:37 INFO    |  step: 35204096, training/rb_grad_mean_norm: 0.904 +/- 0.000
2025-11-20 21:45:37 INFO    |  step: 35204096, training/rb_grad_trvar: 49.458 +/- 0.000
2025-11-20 21:45:37 INFO    |  step: 35204096, eval/episode_reward: 200.371 +/- 0.000
2025-11-20 21:45:37 INFO    |  step: 35204096, eval/episode_success: 200.371 +/- 0.000
2025-11-20 21:45:37 INFO    |  step: 35204096, eval/episode_success_easy: 306.207 +/- 0.000
2025-11-20 21:45:37 INFO    |  step: 35204096, eval/episode_dist: 3373.666 +/- 0.000
2025-11-20 21:45:37 INFO    |  step: 35204096, eval/episode_success_any: 0.332 +/- 0.000
2025-11-20 21:45:37 INFO    |  step: 35204096, eval/episode_reward_ctrl: 0.000 +/- 0.000
2025-11-20 21:45:37 INFO    |  step: 35204096, eval/episode_reward_dist: 0.000 +/- 0.000
2025-11-20 21:45:37 INFO    |  step: 35204096, eval/episode_reward_near: 0.000 +/- 0.000
2025-11-20 21:45:37 INFO    |  step: 35204096, eval/episode_reward_survive: 0.000 +/- 0.000
2025-11-20 21:45:37 INFO    |  step: 35204096, eval/episode_success_hard: 0.000 +/- 0.000
2025-11-20 21:46:09 INFO    |  actor input shape: (10000, 31)
2025-11-20 21:46:09 INFO    |  encoder input shape: (10000, 37)
2025-11-20 21:46:09 INFO    |  encoder input shape: (10000, 2)
2025-11-20 21:46:09 INFO    |  actor input shape: (10000, 31)
2025-11-20 21:46:09 INFO    |  encoder input shape: (10000, 37)
2025-11-20 21:46:09 INFO    |  encoder input shape: (10000, 2)
2025-11-20 21:46:10 INFO    |  actor input shape: (10000, 31)
2025-11-20 21:46:10 INFO    |  encoder input shape: (10000, 37)
2025-11-20 21:46:10 INFO    |  encoder input shape: (10000, 2)
2025-11-20 21:46:10 INFO    |  Plotted visualizations at env step 35696128.0
2025-11-20 21:46:15 INFO    |  step: 35696128
2025-11-20 21:46:15 INFO    |  step: 35696128, training/sps: 14842.214 +/- 0.000
2025-11-20 21:46:15 INFO    |  step: 35696128, training/actor_loss: 3.542 +/- 0.000
2025-11-20 21:46:15 INFO    |  step: 35696128, training/adaptive_mixing_raw: 0.408 +/- 0.000
2025-11-20 21:46:15 INFO    |  step: 35696128, training/adaptive_mixing_smoothed: 0.408 +/- 0.000
2025-11-20 21:46:15 INFO    |  step: 35696128, training/alpha_loss: -0.000 +/- 0.000
2025-11-20 21:46:15 INFO    |  step: 35696128, training/critic_loss: 3.807 +/- 0.000
2025-11-20 21:46:15 INFO    |  step: 35696128, training/entropy: -4.001 +/- 0.000
2025-11-20 21:46:15 INFO    |  step: 35696128, training/env_grad_mean_norm: 0.560 +/- 0.000
2025-11-20 21:46:15 INFO    |  step: 35696128, training/env_grad_trvar: 53.161 +/- 0.000
2025-11-20 21:46:15 INFO    |  step: 35696128, training/env_rb_bias_squared: 1.129 +/- 0.000
2025-11-20 21:46:15 INFO    |  step: 35696128, training/log_alpha: -4.640 +/- 0.000
2025-11-20 21:46:15 INFO    |  step: 35696128, training/num_env_samples: 193.612 +/- 0.000
2025-11-20 21:46:15 INFO    |  step: 35696128, training/num_rb_samples: 62.388 +/- 0.000
2025-11-20 21:46:15 INFO    |  step: 35696128, training/rb_grad_mean_norm: 0.921 +/- 0.000
2025-11-20 21:46:15 INFO    |  step: 35696128, training/rb_grad_trvar: 50.975 +/- 0.000
2025-11-20 21:46:15 INFO    |  step: 35696128, eval/episode_reward: 151.156 +/- 0.000
2025-11-20 21:46:15 INFO    |  step: 35696128, eval/episode_success: 151.156 +/- 0.000
2025-11-20 21:46:15 INFO    |  step: 35696128, eval/episode_success_easy: 261.199 +/- 0.000
2025-11-20 21:46:15 INFO    |  step: 35696128, eval/episode_dist: 4600.288 +/- 0.000
2025-11-20 21:46:15 INFO    |  step: 35696128, eval/episode_success_any: 0.266 +/- 0.000
2025-11-20 21:46:15 INFO    |  step: 35696128, eval/episode_reward_ctrl: 0.000 +/- 0.000
2025-11-20 21:46:15 INFO    |  step: 35696128, eval/episode_reward_dist: 0.000 +/- 0.000
2025-11-20 21:46:15 INFO    |  step: 35696128, eval/episode_reward_near: 0.000 +/- 0.000
2025-11-20 21:46:15 INFO    |  step: 35696128, eval/episode_reward_survive: 0.000 +/- 0.000
2025-11-20 21:46:15 INFO    |  step: 35696128, eval/episode_success_hard: 0.000 +/- 0.000
2025-11-20 21:46:46 INFO    |  actor input shape: (10000, 31)
2025-11-20 21:46:46 INFO    |  encoder input shape: (10000, 37)
2025-11-20 21:46:46 INFO    |  encoder input shape: (10000, 2)
2025-11-20 21:46:46 INFO    |  actor input shape: (10000, 31)
2025-11-20 21:46:46 INFO    |  encoder input shape: (10000, 37)
2025-11-20 21:46:46 INFO    |  encoder input shape: (10000, 2)
2025-11-20 21:46:47 INFO    |  actor input shape: (10000, 31)
2025-11-20 21:46:47 INFO    |  encoder input shape: (10000, 37)
2025-11-20 21:46:47 INFO    |  encoder input shape: (10000, 2)
2025-11-20 21:46:47 INFO    |  Plotted visualizations at env step 36188160.0
2025-11-20 21:46:52 INFO    |  step: 36188160
2025-11-20 21:46:52 INFO    |  step: 36188160, training/sps: 15181.980 +/- 0.000
2025-11-20 21:46:52 INFO    |  step: 36188160, training/actor_loss: 3.534 +/- 0.000
2025-11-20 21:46:52 INFO    |  step: 36188160, training/adaptive_mixing_raw: 0.265 +/- 0.000
2025-11-20 21:46:52 INFO    |  step: 36188160, training/adaptive_mixing_smoothed: 0.265 +/- 0.000
2025-11-20 21:46:52 INFO    |  step: 36188160, training/alpha_loss: -0.000 +/- 0.000
2025-11-20 21:46:52 INFO    |  step: 36188160, training/critic_loss: 3.807 +/- 0.000
2025-11-20 21:46:52 INFO    |  step: 36188160, training/entropy: -4.000 +/- 0.000
2025-11-20 21:46:52 INFO    |  step: 36188160, training/env_grad_mean_norm: 0.570 +/- 0.000
2025-11-20 21:46:52 INFO    |  step: 36188160, training/env_grad_trvar: 54.721 +/- 0.000
2025-11-20 21:46:52 INFO    |  step: 36188160, training/env_rb_bias_squared: 1.154 +/- 0.000
2025-11-20 21:46:52 INFO    |  step: 36188160, training/log_alpha: -4.632 +/- 0.000
2025-11-20 21:46:52 INFO    |  step: 36188160, training/num_env_samples: 193.045 +/- 0.000
2025-11-20 21:46:52 INFO    |  step: 36188160, training/num_rb_samples: 62.955 +/- 0.000
2025-11-20 21:46:52 INFO    |  step: 36188160, training/rb_grad_mean_norm: 0.931 +/- 0.000
2025-11-20 21:46:52 INFO    |  step: 36188160, training/rb_grad_trvar: 52.404 +/- 0.000
2025-11-20 21:46:52 INFO    |  step: 36188160, eval/episode_reward: 190.250 +/- 0.000
2025-11-20 21:46:52 INFO    |  step: 36188160, eval/episode_success: 190.250 +/- 0.000
2025-11-20 21:46:52 INFO    |  step: 36188160, eval/episode_success_easy: 299.805 +/- 0.000
2025-11-20 21:46:52 INFO    |  step: 36188160, eval/episode_dist: 4833.032 +/- 0.000
2025-11-20 21:46:52 INFO    |  step: 36188160, eval/episode_success_any: 0.289 +/- 0.000
2025-11-20 21:46:52 INFO    |  step: 36188160, eval/episode_reward_ctrl: 0.000 +/- 0.000
2025-11-20 21:46:52 INFO    |  step: 36188160, eval/episode_reward_dist: 0.000 +/- 0.000
2025-11-20 21:46:52 INFO    |  step: 36188160, eval/episode_reward_near: 0.000 +/- 0.000
2025-11-20 21:46:52 INFO    |  step: 36188160, eval/episode_reward_survive: 0.000 +/- 0.000
2025-11-20 21:46:52 INFO    |  step: 36188160, eval/episode_success_hard: 0.000 +/- 0.000
2025-11-20 21:47:23 INFO    |  actor input shape: (10000, 31)
2025-11-20 21:47:23 INFO    |  encoder input shape: (10000, 37)
2025-11-20 21:47:23 INFO    |  encoder input shape: (10000, 2)
2025-11-20 21:47:23 INFO    |  actor input shape: (10000, 31)
2025-11-20 21:47:23 INFO    |  encoder input shape: (10000, 37)
2025-11-20 21:47:23 INFO    |  encoder input shape: (10000, 2)
2025-11-20 21:47:23 INFO    |  actor input shape: (10000, 31)
2025-11-20 21:47:23 INFO    |  encoder input shape: (10000, 37)
2025-11-20 21:47:23 INFO    |  encoder input shape: (10000, 2)
2025-11-20 21:47:24 INFO    |  Plotted visualizations at env step 36680192.0
2025-11-20 21:47:28 INFO    |  step: 36680192
2025-11-20 21:47:28 INFO    |  step: 36680192, training/sps: 15483.711 +/- 0.000
2025-11-20 21:47:28 INFO    |  step: 36680192, training/actor_loss: 3.533 +/- 0.000
2025-11-20 21:47:28 INFO    |  step: 36680192, training/adaptive_mixing_raw: 0.432 +/- 0.000
2025-11-20 21:47:28 INFO    |  step: 36680192, training/adaptive_mixing_smoothed: 0.432 +/- 0.000
2025-11-20 21:47:28 INFO    |  step: 36680192, training/alpha_loss: -0.000 +/- 0.000
2025-11-20 21:47:28 INFO    |  step: 36680192, training/critic_loss: 3.806 +/- 0.000
2025-11-20 21:47:28 INFO    |  step: 36680192, training/entropy: -4.000 +/- 0.000
2025-11-20 21:47:28 INFO    |  step: 36680192, training/env_grad_mean_norm: 0.571 +/- 0.000
2025-11-20 21:47:28 INFO    |  step: 36680192, training/env_grad_trvar: 54.792 +/- 0.000
2025-11-20 21:47:28 INFO    |  step: 36680192, training/env_rb_bias_squared: 1.150 +/- 0.000
2025-11-20 21:47:28 INFO    |  step: 36680192, training/log_alpha: -4.632 +/- 0.000
2025-11-20 21:47:28 INFO    |  step: 36680192, training/num_env_samples: 192.838 +/- 0.000
2025-11-20 21:47:28 INFO    |  step: 36680192, training/num_rb_samples: 63.162 +/- 0.000
2025-11-20 21:47:28 INFO    |  step: 36680192, training/rb_grad_mean_norm: 0.929 +/- 0.000
2025-11-20 21:47:28 INFO    |  step: 36680192, training/rb_grad_trvar: 52.281 +/- 0.000
2025-11-20 21:47:28 INFO    |  step: 36680192, eval/episode_reward: 163.227 +/- 0.000
2025-11-20 21:47:28 INFO    |  step: 36680192, eval/episode_success: 163.227 +/- 0.000
2025-11-20 21:47:28 INFO    |  step: 36680192, eval/episode_success_easy: 249.051 +/- 0.000
2025-11-20 21:47:28 INFO    |  step: 36680192, eval/episode_dist: 4727.383 +/- 0.000
2025-11-20 21:47:28 INFO    |  step: 36680192, eval/episode_success_any: 0.254 +/- 0.000
2025-11-20 21:47:28 INFO    |  step: 36680192, eval/episode_reward_ctrl: 0.000 +/- 0.000
2025-11-20 21:47:28 INFO    |  step: 36680192, eval/episode_reward_dist: 0.000 +/- 0.000
2025-11-20 21:47:28 INFO    |  step: 36680192, eval/episode_reward_near: 0.000 +/- 0.000
2025-11-20 21:47:28 INFO    |  step: 36680192, eval/episode_reward_survive: 0.000 +/- 0.000
2025-11-20 21:47:28 INFO    |  step: 36680192, eval/episode_success_hard: 0.000 +/- 0.000
2025-11-20 21:47:59 INFO    |  actor input shape: (10000, 31)
2025-11-20 21:47:59 INFO    |  encoder input shape: (10000, 37)
2025-11-20 21:47:59 INFO    |  encoder input shape: (10000, 2)
2025-11-20 21:48:00 INFO    |  actor input shape: (10000, 31)
2025-11-20 21:48:00 INFO    |  encoder input shape: (10000, 37)
2025-11-20 21:48:00 INFO    |  encoder input shape: (10000, 2)
2025-11-20 21:48:00 INFO    |  actor input shape: (10000, 31)
2025-11-20 21:48:00 INFO    |  encoder input shape: (10000, 37)
2025-11-20 21:48:00 INFO    |  encoder input shape: (10000, 2)
2025-11-20 21:48:00 INFO    |  Plotted visualizations at env step 37172224.0
2025-11-20 21:48:05 INFO    |  step: 37172224
2025-11-20 21:48:05 INFO    |  step: 37172224, training/sps: 15522.201 +/- 0.000
2025-11-20 21:48:05 INFO    |  step: 37172224, training/actor_loss: 3.532 +/- 0.000
2025-11-20 21:48:05 INFO    |  step: 37172224, training/adaptive_mixing_raw: 0.380 +/- 0.000
2025-11-20 21:48:05 INFO    |  step: 37172224, training/adaptive_mixing_smoothed: 0.380 +/- 0.000
2025-11-20 21:48:05 INFO    |  step: 37172224, training/alpha_loss: 0.000 +/- 0.000
2025-11-20 21:48:05 INFO    |  step: 37172224, training/critic_loss: 3.810 +/- 0.000
2025-11-20 21:48:05 INFO    |  step: 37172224, training/entropy: -3.999 +/- 0.000
2025-11-20 21:48:05 INFO    |  step: 37172224, training/env_grad_mean_norm: 0.575 +/- 0.000
2025-11-20 21:48:05 INFO    |  step: 37172224, training/env_grad_trvar: 55.387 +/- 0.000
2025-11-20 21:48:05 INFO    |  step: 37172224, training/env_rb_bias_squared: 1.142 +/- 0.000
2025-11-20 21:48:05 INFO    |  step: 37172224, training/log_alpha: -4.631 +/- 0.000
2025-11-20 21:48:05 INFO    |  step: 37172224, training/num_env_samples: 192.024 +/- 0.000
2025-11-20 21:48:05 INFO    |  step: 37172224, training/num_rb_samples: 63.976 +/- 0.000
2025-11-20 21:48:05 INFO    |  step: 37172224, training/rb_grad_mean_norm: 0.921 +/- 0.000
2025-11-20 21:48:05 INFO    |  step: 37172224, training/rb_grad_trvar: 52.136 +/- 0.000
2025-11-20 21:48:05 INFO    |  step: 37172224, eval/episode_reward: 157.793 +/- 0.000
2025-11-20 21:48:05 INFO    |  step: 37172224, eval/episode_success: 157.793 +/- 0.000
2025-11-20 21:48:05 INFO    |  step: 37172224, eval/episode_success_easy: 250.934 +/- 0.000
2025-11-20 21:48:05 INFO    |  step: 37172224, eval/episode_dist: 4512.837 +/- 0.000
2025-11-20 21:48:05 INFO    |  step: 37172224, eval/episode_success_any: 0.250 +/- 0.000
2025-11-20 21:48:05 INFO    |  step: 37172224, eval/episode_reward_ctrl: 0.000 +/- 0.000
2025-11-20 21:48:05 INFO    |  step: 37172224, eval/episode_reward_dist: 0.000 +/- 0.000
2025-11-20 21:48:05 INFO    |  step: 37172224, eval/episode_reward_near: 0.000 +/- 0.000
2025-11-20 21:48:05 INFO    |  step: 37172224, eval/episode_reward_survive: 0.000 +/- 0.000
2025-11-20 21:48:05 INFO    |  step: 37172224, eval/episode_success_hard: 0.000 +/- 0.000
2025-11-20 21:48:36 INFO    |  actor input shape: (10000, 31)
2025-11-20 21:48:36 INFO    |  encoder input shape: (10000, 37)
2025-11-20 21:48:36 INFO    |  encoder input shape: (10000, 2)
2025-11-20 21:48:36 INFO    |  actor input shape: (10000, 31)
2025-11-20 21:48:36 INFO    |  encoder input shape: (10000, 37)
2025-11-20 21:48:36 INFO    |  encoder input shape: (10000, 2)
2025-11-20 21:48:37 INFO    |  actor input shape: (10000, 31)
2025-11-20 21:48:37 INFO    |  encoder input shape: (10000, 37)
2025-11-20 21:48:37 INFO    |  encoder input shape: (10000, 2)
2025-11-20 21:48:37 INFO    |  Plotted visualizations at env step 37664256.0
2025-11-20 21:48:42 INFO    |  step: 37664256
2025-11-20 21:48:43 INFO    |  actor input shape: (1, 31)
2025-11-20 21:49:10 INFO    |  step: 37664256, training/sps: 15402.994 +/- 0.000
2025-11-20 21:49:10 INFO    |  step: 37664256, training/actor_loss: 3.519 +/- 0.000
2025-11-20 21:49:10 INFO    |  step: 37664256, training/adaptive_mixing_raw: 0.351 +/- 0.000
2025-11-20 21:49:10 INFO    |  step: 37664256, training/adaptive_mixing_smoothed: 0.351 +/- 0.000
2025-11-20 21:49:10 INFO    |  step: 37664256, training/alpha_loss: -0.000 +/- 0.000
2025-11-20 21:49:10 INFO    |  step: 37664256, training/critic_loss: 3.797 +/- 0.000
2025-11-20 21:49:10 INFO    |  step: 37664256, training/entropy: -4.001 +/- 0.000
2025-11-20 21:49:10 INFO    |  step: 37664256, training/env_grad_mean_norm: 0.578 +/- 0.000
2025-11-20 21:49:10 INFO    |  step: 37664256, training/env_grad_trvar: 56.087 +/- 0.000
2025-11-20 21:49:10 INFO    |  step: 37664256, training/env_rb_bias_squared: 1.162 +/- 0.000
2025-11-20 21:49:10 INFO    |  step: 37664256, training/log_alpha: -4.625 +/- 0.000
2025-11-20 21:49:10 INFO    |  step: 37664256, training/num_env_samples: 192.465 +/- 0.000
2025-11-20 21:49:10 INFO    |  step: 37664256, training/num_rb_samples: 63.535 +/- 0.000
2025-11-20 21:49:10 INFO    |  step: 37664256, training/rb_grad_mean_norm: 0.931 +/- 0.000
2025-11-20 21:49:10 INFO    |  step: 37664256, training/rb_grad_trvar: 52.928 +/- 0.000
2025-11-20 21:49:10 INFO    |  step: 37664256, eval/episode_reward: 189.016 +/- 0.000
2025-11-20 21:49:10 INFO    |  step: 37664256, eval/episode_success: 189.016 +/- 0.000
2025-11-20 21:49:10 INFO    |  step: 37664256, eval/episode_success_easy: 260.559 +/- 0.000
2025-11-20 21:49:10 INFO    |  step: 37664256, eval/episode_dist: 5212.573 +/- 0.000
2025-11-20 21:49:10 INFO    |  step: 37664256, eval/episode_success_any: 0.289 +/- 0.000
2025-11-20 21:49:10 INFO    |  step: 37664256, eval/episode_reward_ctrl: 0.000 +/- 0.000
2025-11-20 21:49:10 INFO    |  step: 37664256, eval/episode_reward_dist: 0.000 +/- 0.000
2025-11-20 21:49:10 INFO    |  step: 37664256, eval/episode_reward_near: 0.000 +/- 0.000
2025-11-20 21:49:10 INFO    |  step: 37664256, eval/episode_reward_survive: 0.000 +/- 0.000
2025-11-20 21:49:10 INFO    |  step: 37664256, eval/episode_success_hard: 0.000 +/- 0.000
2025-11-20 21:49:41 INFO    |  actor input shape: (10000, 31)
2025-11-20 21:49:41 INFO    |  encoder input shape: (10000, 37)
2025-11-20 21:49:41 INFO    |  encoder input shape: (10000, 2)
2025-11-20 21:49:42 INFO    |  actor input shape: (10000, 31)
2025-11-20 21:49:42 INFO    |  encoder input shape: (10000, 37)
2025-11-20 21:49:42 INFO    |  encoder input shape: (10000, 2)
2025-11-20 21:49:42 INFO    |  actor input shape: (10000, 31)
2025-11-20 21:49:42 INFO    |  encoder input shape: (10000, 37)
2025-11-20 21:49:42 INFO    |  encoder input shape: (10000, 2)
2025-11-20 21:49:42 INFO    |  Plotted visualizations at env step 38156288.0
2025-11-20 21:49:47 INFO    |  step: 38156288
2025-11-20 21:49:47 INFO    |  step: 38156288, training/sps: 15413.148 +/- 0.000
2025-11-20 21:49:47 INFO    |  step: 38156288, training/actor_loss: 3.531 +/- 0.000
2025-11-20 21:49:47 INFO    |  step: 38156288, training/adaptive_mixing_raw: 0.452 +/- 0.000
2025-11-20 21:49:47 INFO    |  step: 38156288, training/adaptive_mixing_smoothed: 0.452 +/- 0.000
2025-11-20 21:49:47 INFO    |  step: 38156288, training/alpha_loss: -0.000 +/- 0.000
2025-11-20 21:49:47 INFO    |  step: 38156288, training/critic_loss: 3.813 +/- 0.000
2025-11-20 21:49:47 INFO    |  step: 38156288, training/entropy: -4.001 +/- 0.000
2025-11-20 21:49:47 INFO    |  step: 38156288, training/env_grad_mean_norm: 0.583 +/- 0.000
2025-11-20 21:49:47 INFO    |  step: 38156288, training/env_grad_trvar: 57.205 +/- 0.000
2025-11-20 21:49:47 INFO    |  step: 38156288, training/env_rb_bias_squared: 1.162 +/- 0.000
2025-11-20 21:49:47 INFO    |  step: 38156288, training/log_alpha: -4.611 +/- 0.000
2025-11-20 21:49:47 INFO    |  step: 38156288, training/num_env_samples: 192.195 +/- 0.000
2025-11-20 21:49:47 INFO    |  step: 38156288, training/num_rb_samples: 63.805 +/- 0.000
2025-11-20 21:49:47 INFO    |  step: 38156288, training/rb_grad_mean_norm: 0.928 +/- 0.000
2025-11-20 21:49:47 INFO    |  step: 38156288, training/rb_grad_trvar: 52.811 +/- 0.000
2025-11-20 21:49:47 INFO    |  step: 38156288, eval/episode_reward: 196.867 +/- 0.000
2025-11-20 21:49:47 INFO    |  step: 38156288, eval/episode_success: 196.867 +/- 0.000
2025-11-20 21:49:47 INFO    |  step: 38156288, eval/episode_success_easy: 291.379 +/- 0.000
2025-11-20 21:49:47 INFO    |  step: 38156288, eval/episode_dist: 4648.239 +/- 0.000
2025-11-20 21:49:47 INFO    |  step: 38156288, eval/episode_success_any: 0.312 +/- 0.000
2025-11-20 21:49:47 INFO    |  step: 38156288, eval/episode_reward_ctrl: 0.000 +/- 0.000
2025-11-20 21:49:47 INFO    |  step: 38156288, eval/episode_reward_dist: 0.000 +/- 0.000
2025-11-20 21:49:47 INFO    |  step: 38156288, eval/episode_reward_near: 0.000 +/- 0.000
2025-11-20 21:49:47 INFO    |  step: 38156288, eval/episode_reward_survive: 0.000 +/- 0.000
2025-11-20 21:49:47 INFO    |  step: 38156288, eval/episode_success_hard: 0.000 +/- 0.000
2025-11-20 21:50:18 INFO    |  actor input shape: (10000, 31)
2025-11-20 21:50:18 INFO    |  encoder input shape: (10000, 37)
2025-11-20 21:50:18 INFO    |  encoder input shape: (10000, 2)
2025-11-20 21:50:18 INFO    |  actor input shape: (10000, 31)
2025-11-20 21:50:18 INFO    |  encoder input shape: (10000, 37)
2025-11-20 21:50:18 INFO    |  encoder input shape: (10000, 2)
2025-11-20 21:50:19 INFO    |  actor input shape: (10000, 31)
2025-11-20 21:50:19 INFO    |  encoder input shape: (10000, 37)
2025-11-20 21:50:19 INFO    |  encoder input shape: (10000, 2)
2025-11-20 21:50:19 INFO    |  Plotted visualizations at env step 38648320.0
2025-11-20 21:50:24 INFO    |  step: 38648320
2025-11-20 21:50:24 INFO    |  step: 38648320, training/sps: 15418.770 +/- 0.000
2025-11-20 21:50:24 INFO    |  step: 38648320, training/actor_loss: 3.543 +/- 0.000
2025-11-20 21:50:24 INFO    |  step: 38648320, training/adaptive_mixing_raw: 0.319 +/- 0.000
2025-11-20 21:50:24 INFO    |  step: 38648320, training/adaptive_mixing_smoothed: 0.319 +/- 0.000
2025-11-20 21:50:24 INFO    |  step: 38648320, training/alpha_loss: 0.000 +/- 0.000
2025-11-20 21:50:24 INFO    |  step: 38648320, training/critic_loss: 3.822 +/- 0.000
2025-11-20 21:50:24 INFO    |  step: 38648320, training/entropy: -3.999 +/- 0.000
2025-11-20 21:50:24 INFO    |  step: 38648320, training/env_grad_mean_norm: 0.580 +/- 0.000
2025-11-20 21:50:24 INFO    |  step: 38648320, training/env_grad_trvar: 56.477 +/- 0.000
2025-11-20 21:50:24 INFO    |  step: 38648320, training/env_rb_bias_squared: 1.119 +/- 0.000
2025-11-20 21:50:24 INFO    |  step: 38648320, training/log_alpha: -4.614 +/- 0.000
2025-11-20 21:50:24 INFO    |  step: 38648320, training/num_env_samples: 191.214 +/- 0.000
2025-11-20 21:50:24 INFO    |  step: 38648320, training/num_rb_samples: 64.786 +/- 0.000
2025-11-20 21:50:24 INFO    |  step: 38648320, training/rb_grad_mean_norm: 0.906 +/- 0.000
2025-11-20 21:50:24 INFO    |  step: 38648320, training/rb_grad_trvar: 50.954 +/- 0.000
2025-11-20 21:50:24 INFO    |  step: 38648320, eval/episode_reward: 167.148 +/- 0.000
2025-11-20 21:50:24 INFO    |  step: 38648320, eval/episode_success: 167.148 +/- 0.000
2025-11-20 21:50:24 INFO    |  step: 38648320, eval/episode_success_easy: 261.656 +/- 0.000
2025-11-20 21:50:24 INFO    |  step: 38648320, eval/episode_dist: 4277.798 +/- 0.000
2025-11-20 21:50:24 INFO    |  step: 38648320, eval/episode_success_any: 0.289 +/- 0.000
2025-11-20 21:50:24 INFO    |  step: 38648320, eval/episode_reward_ctrl: 0.000 +/- 0.000
2025-11-20 21:50:24 INFO    |  step: 38648320, eval/episode_reward_dist: 0.000 +/- 0.000
2025-11-20 21:50:24 INFO    |  step: 38648320, eval/episode_reward_near: 0.000 +/- 0.000
2025-11-20 21:50:24 INFO    |  step: 38648320, eval/episode_reward_survive: 0.000 +/- 0.000
2025-11-20 21:50:24 INFO    |  step: 38648320, eval/episode_success_hard: 0.000 +/- 0.000
2025-11-20 21:50:55 INFO    |  actor input shape: (10000, 31)
2025-11-20 21:50:55 INFO    |  encoder input shape: (10000, 37)
2025-11-20 21:50:55 INFO    |  encoder input shape: (10000, 2)
2025-11-20 21:50:55 INFO    |  actor input shape: (10000, 31)
2025-11-20 21:50:55 INFO    |  encoder input shape: (10000, 37)
2025-11-20 21:50:55 INFO    |  encoder input shape: (10000, 2)
2025-11-20 21:50:55 INFO    |  actor input shape: (10000, 31)
2025-11-20 21:50:55 INFO    |  encoder input shape: (10000, 37)
2025-11-20 21:50:55 INFO    |  encoder input shape: (10000, 2)
2025-11-20 21:50:55 INFO    |  Plotted visualizations at env step 39140352.0
2025-11-20 21:51:00 INFO    |  step: 39140352
2025-11-20 21:51:00 INFO    |  step: 39140352, training/sps: 15568.232 +/- 0.000
2025-11-20 21:51:00 INFO    |  step: 39140352, training/actor_loss: 3.551 +/- 0.000
2025-11-20 21:51:00 INFO    |  step: 39140352, training/adaptive_mixing_raw: 0.588 +/- 0.000
2025-11-20 21:51:00 INFO    |  step: 39140352, training/adaptive_mixing_smoothed: 0.588 +/- 0.000
2025-11-20 21:51:00 INFO    |  step: 39140352, training/alpha_loss: 0.000 +/- 0.000
2025-11-20 21:51:00 INFO    |  step: 39140352, training/critic_loss: 3.826 +/- 0.000
2025-11-20 21:51:00 INFO    |  step: 39140352, training/entropy: -4.000 +/- 0.000
2025-11-20 21:51:00 INFO    |  step: 39140352, training/env_grad_mean_norm: 0.578 +/- 0.000
2025-11-20 21:51:00 INFO    |  step: 39140352, training/env_grad_trvar: 56.212 +/- 0.000
2025-11-20 21:51:00 INFO    |  step: 39140352, training/env_rb_bias_squared: 1.120 +/- 0.000
2025-11-20 21:51:00 INFO    |  step: 39140352, training/log_alpha: -4.605 +/- 0.000
2025-11-20 21:51:00 INFO    |  step: 39140352, training/num_env_samples: 191.341 +/- 0.000
2025-11-20 21:51:00 INFO    |  step: 39140352, training/num_rb_samples: 64.659 +/- 0.000
2025-11-20 21:51:00 INFO    |  step: 39140352, training/rb_grad_mean_norm: 0.907 +/- 0.000
2025-11-20 21:51:00 INFO    |  step: 39140352, training/rb_grad_trvar: 51.055 +/- 0.000
2025-11-20 21:51:00 INFO    |  step: 39140352, eval/episode_reward: 177.234 +/- 0.000
2025-11-20 21:51:00 INFO    |  step: 39140352, eval/episode_success: 177.234 +/- 0.000
2025-11-20 21:51:00 INFO    |  step: 39140352, eval/episode_success_easy: 268.125 +/- 0.000
2025-11-20 21:51:00 INFO    |  step: 39140352, eval/episode_dist: 4906.145 +/- 0.000
2025-11-20 21:51:00 INFO    |  step: 39140352, eval/episode_success_any: 0.320 +/- 0.000
2025-11-20 21:51:00 INFO    |  step: 39140352, eval/episode_reward_ctrl: 0.000 +/- 0.000
2025-11-20 21:51:00 INFO    |  step: 39140352, eval/episode_reward_dist: 0.000 +/- 0.000
2025-11-20 21:51:00 INFO    |  step: 39140352, eval/episode_reward_near: 0.000 +/- 0.000
2025-11-20 21:51:00 INFO    |  step: 39140352, eval/episode_reward_survive: 0.000 +/- 0.000
2025-11-20 21:51:00 INFO    |  step: 39140352, eval/episode_success_hard: 0.000 +/- 0.000
2025-11-20 21:51:31 INFO    |  actor input shape: (10000, 31)
2025-11-20 21:51:31 INFO    |  encoder input shape: (10000, 37)
2025-11-20 21:51:31 INFO    |  encoder input shape: (10000, 2)
2025-11-20 21:51:31 INFO    |  actor input shape: (10000, 31)
2025-11-20 21:51:31 INFO    |  encoder input shape: (10000, 37)
2025-11-20 21:51:31 INFO    |  encoder input shape: (10000, 2)
2025-11-20 21:51:31 INFO    |  actor input shape: (10000, 31)
2025-11-20 21:51:31 INFO    |  encoder input shape: (10000, 37)
2025-11-20 21:51:31 INFO    |  encoder input shape: (10000, 2)
2025-11-20 21:51:32 INFO    |  Plotted visualizations at env step 39632384.0
2025-11-20 21:51:36 INFO    |  step: 39632384
2025-11-20 21:51:36 INFO    |  step: 39632384, training/sps: 15641.626 +/- 0.000
2025-11-20 21:51:36 INFO    |  step: 39632384, training/actor_loss: 3.545 +/- 0.000
2025-11-20 21:51:36 INFO    |  step: 39632384, training/adaptive_mixing_raw: 0.226 +/- 0.000
2025-11-20 21:51:36 INFO    |  step: 39632384, training/adaptive_mixing_smoothed: 0.226 +/- 0.000
2025-11-20 21:51:36 INFO    |  step: 39632384, training/alpha_loss: -0.000 +/- 0.000
2025-11-20 21:51:36 INFO    |  step: 39632384, training/critic_loss: 3.815 +/- 0.000
2025-11-20 21:51:36 INFO    |  step: 39632384, training/entropy: -4.001 +/- 0.000
2025-11-20 21:51:36 INFO    |  step: 39632384, training/env_grad_mean_norm: 0.583 +/- 0.000
2025-11-20 21:51:36 INFO    |  step: 39632384, training/env_grad_trvar: 57.061 +/- 0.000
2025-11-20 21:51:36 INFO    |  step: 39632384, training/env_rb_bias_squared: 1.145 +/- 0.000
2025-11-20 21:51:36 INFO    |  step: 39632384, training/log_alpha: -4.592 +/- 0.000
2025-11-20 21:51:36 INFO    |  step: 39632384, training/num_env_samples: 191.349 +/- 0.000
2025-11-20 21:51:36 INFO    |  step: 39632384, training/num_rb_samples: 64.651 +/- 0.000
2025-11-20 21:51:36 INFO    |  step: 39632384, training/rb_grad_mean_norm: 0.918 +/- 0.000
2025-11-20 21:51:36 INFO    |  step: 39632384, training/rb_grad_trvar: 52.286 +/- 0.000
2025-11-20 21:51:36 INFO    |  step: 39632384, eval/episode_reward: 174.426 +/- 0.000
2025-11-20 21:51:36 INFO    |  step: 39632384, eval/episode_success: 174.426 +/- 0.000
2025-11-20 21:51:36 INFO    |  step: 39632384, eval/episode_success_easy: 256.930 +/- 0.000
2025-11-20 21:51:36 INFO    |  step: 39632384, eval/episode_dist: 4855.329 +/- 0.000
2025-11-20 21:51:36 INFO    |  step: 39632384, eval/episode_success_any: 0.297 +/- 0.000
2025-11-20 21:51:36 INFO    |  step: 39632384, eval/episode_reward_ctrl: 0.000 +/- 0.000
2025-11-20 21:51:36 INFO    |  step: 39632384, eval/episode_reward_dist: 0.000 +/- 0.000
2025-11-20 21:51:36 INFO    |  step: 39632384, eval/episode_reward_near: 0.000 +/- 0.000
2025-11-20 21:51:36 INFO    |  step: 39632384, eval/episode_reward_survive: 0.000 +/- 0.000
2025-11-20 21:51:36 INFO    |  step: 39632384, eval/episode_success_hard: 0.000 +/- 0.000
2025-11-20 21:52:07 INFO    |  actor input shape: (10000, 31)
2025-11-20 21:52:07 INFO    |  encoder input shape: (10000, 37)
2025-11-20 21:52:07 INFO    |  encoder input shape: (10000, 2)
2025-11-20 21:52:07 INFO    |  actor input shape: (10000, 31)
2025-11-20 21:52:07 INFO    |  encoder input shape: (10000, 37)
2025-11-20 21:52:07 INFO    |  encoder input shape: (10000, 2)
2025-11-20 21:52:07 INFO    |  actor input shape: (10000, 31)
2025-11-20 21:52:07 INFO    |  encoder input shape: (10000, 37)
2025-11-20 21:52:07 INFO    |  encoder input shape: (10000, 2)
2025-11-20 21:52:08 INFO    |  Plotted visualizations at env step 40124416.0
2025-11-20 21:52:12 INFO    |  step: 40124416
2025-11-20 21:52:14 INFO    |  actor input shape: (1, 31)
2025-11-20 21:52:43 INFO    |  step: 40124416, training/sps: 15774.095 +/- 0.000
2025-11-20 21:52:43 INFO    |  step: 40124416, training/actor_loss: 3.556 +/- 0.000
2025-11-20 21:52:43 INFO    |  step: 40124416, training/adaptive_mixing_raw: 0.287 +/- 0.000
2025-11-20 21:52:43 INFO    |  step: 40124416, training/adaptive_mixing_smoothed: 0.287 +/- 0.000
2025-11-20 21:52:43 INFO    |  step: 40124416, training/alpha_loss: 0.000 +/- 0.000
2025-11-20 21:52:43 INFO    |  step: 40124416, training/critic_loss: 3.831 +/- 0.000
2025-11-20 21:52:43 INFO    |  step: 40124416, training/entropy: -4.000 +/- 0.000
2025-11-20 21:52:43 INFO    |  step: 40124416, training/env_grad_mean_norm: 0.580 +/- 0.000
2025-11-20 21:52:43 INFO    |  step: 40124416, training/env_grad_trvar: 56.555 +/- 0.000
2025-11-20 21:52:43 INFO    |  step: 40124416, training/env_rb_bias_squared: 1.126 +/- 0.000
2025-11-20 21:52:43 INFO    |  step: 40124416, training/log_alpha: -4.582 +/- 0.000
2025-11-20 21:52:43 INFO    |  step: 40124416, training/num_env_samples: 190.718 +/- 0.000
2025-11-20 21:52:43 INFO    |  step: 40124416, training/num_rb_samples: 65.282 +/- 0.000
2025-11-20 21:52:43 INFO    |  step: 40124416, training/rb_grad_mean_norm: 0.909 +/- 0.000
2025-11-20 21:52:43 INFO    |  step: 40124416, training/rb_grad_trvar: 51.805 +/- 0.000
2025-11-20 21:52:43 INFO    |  step: 40124416, eval/episode_reward: 165.949 +/- 0.000
2025-11-20 21:52:43 INFO    |  step: 40124416, eval/episode_success: 165.949 +/- 0.000
2025-11-20 21:52:43 INFO    |  step: 40124416, eval/episode_success_easy: 282.902 +/- 0.000
2025-11-20 21:52:43 INFO    |  step: 40124416, eval/episode_dist: 5087.813 +/- 0.000
2025-11-20 21:52:43 INFO    |  step: 40124416, eval/episode_success_any: 0.293 +/- 0.000
2025-11-20 21:52:43 INFO    |  step: 40124416, eval/episode_reward_ctrl: 0.000 +/- 0.000
2025-11-20 21:52:43 INFO    |  step: 40124416, eval/episode_reward_dist: 0.000 +/- 0.000
2025-11-20 21:52:43 INFO    |  step: 40124416, eval/episode_reward_near: 0.000 +/- 0.000
2025-11-20 21:52:43 INFO    |  step: 40124416, eval/episode_reward_survive: 0.000 +/- 0.000
2025-11-20 21:52:43 INFO    |  step: 40124416, eval/episode_success_hard: 0.000 +/- 0.000
2025-11-20 21:53:14 INFO    |  actor input shape: (10000, 31)
2025-11-20 21:53:14 INFO    |  encoder input shape: (10000, 37)
2025-11-20 21:53:14 INFO    |  encoder input shape: (10000, 2)
2025-11-20 21:53:14 INFO    |  actor input shape: (10000, 31)
2025-11-20 21:53:14 INFO    |  encoder input shape: (10000, 37)
2025-11-20 21:53:14 INFO    |  encoder input shape: (10000, 2)
2025-11-20 21:53:14 INFO    |  actor input shape: (10000, 31)
2025-11-20 21:53:14 INFO    |  encoder input shape: (10000, 37)
2025-11-20 21:53:14 INFO    |  encoder input shape: (10000, 2)
2025-11-20 21:53:14 INFO    |  Plotted visualizations at env step 40616448.0
2025-11-20 21:53:19 INFO    |  step: 40616448
2025-11-20 21:53:19 INFO    |  step: 40616448, training/sps: 15733.624 +/- 0.000
2025-11-20 21:53:19 INFO    |  step: 40616448, training/actor_loss: 3.545 +/- 0.000
2025-11-20 21:53:19 INFO    |  step: 40616448, training/adaptive_mixing_raw: 0.379 +/- 0.000
2025-11-20 21:53:19 INFO    |  step: 40616448, training/adaptive_mixing_smoothed: 0.379 +/- 0.000
2025-11-20 21:53:19 INFO    |  step: 40616448, training/alpha_loss: 0.000 +/- 0.000
2025-11-20 21:53:19 INFO    |  step: 40616448, training/critic_loss: 3.816 +/- 0.000
2025-11-20 21:53:19 INFO    |  step: 40616448, training/entropy: -4.000 +/- 0.000
2025-11-20 21:53:19 INFO    |  step: 40616448, training/env_grad_mean_norm: 0.575 +/- 0.000
2025-11-20 21:53:19 INFO    |  step: 40616448, training/env_grad_trvar: 55.460 +/- 0.000
2025-11-20 21:53:19 INFO    |  step: 40616448, training/env_rb_bias_squared: 1.107 +/- 0.000
2025-11-20 21:53:19 INFO    |  step: 40616448, training/log_alpha: -4.580 +/- 0.000
2025-11-20 21:53:19 INFO    |  step: 40616448, training/num_env_samples: 191.051 +/- 0.000
2025-11-20 21:53:19 INFO    |  step: 40616448, training/num_rb_samples: 64.949 +/- 0.000
2025-11-20 21:53:19 INFO    |  step: 40616448, training/rb_grad_mean_norm: 0.902 +/- 0.000
2025-11-20 21:53:19 INFO    |  step: 40616448, training/rb_grad_trvar: 50.755 +/- 0.000
2025-11-20 21:53:19 INFO    |  step: 40616448, eval/episode_reward: 226.785 +/- 0.000
2025-11-20 21:53:19 INFO    |  step: 40616448, eval/episode_success: 226.785 +/- 0.000
2025-11-20 21:53:19 INFO    |  step: 40616448, eval/episode_success_easy: 327.426 +/- 0.000
2025-11-20 21:53:19 INFO    |  step: 40616448, eval/episode_dist: 4231.668 +/- 0.000
2025-11-20 21:53:19 INFO    |  step: 40616448, eval/episode_success_any: 0.371 +/- 0.000
2025-11-20 21:53:19 INFO    |  step: 40616448, eval/episode_reward_ctrl: 0.000 +/- 0.000
2025-11-20 21:53:19 INFO    |  step: 40616448, eval/episode_reward_dist: 0.000 +/- 0.000
2025-11-20 21:53:19 INFO    |  step: 40616448, eval/episode_reward_near: 0.000 +/- 0.000
2025-11-20 21:53:19 INFO    |  step: 40616448, eval/episode_reward_survive: 0.000 +/- 0.000
2025-11-20 21:53:19 INFO    |  step: 40616448, eval/episode_success_hard: 0.000 +/- 0.000
2025-11-20 21:53:50 INFO    |  actor input shape: (10000, 31)
2025-11-20 21:53:50 INFO    |  encoder input shape: (10000, 37)
2025-11-20 21:53:50 INFO    |  encoder input shape: (10000, 2)
2025-11-20 21:53:50 INFO    |  actor input shape: (10000, 31)
2025-11-20 21:53:50 INFO    |  encoder input shape: (10000, 37)
2025-11-20 21:53:50 INFO    |  encoder input shape: (10000, 2)
2025-11-20 21:53:50 INFO    |  actor input shape: (10000, 31)
2025-11-20 21:53:50 INFO    |  encoder input shape: (10000, 37)
2025-11-20 21:53:50 INFO    |  encoder input shape: (10000, 2)
2025-11-20 21:53:50 INFO    |  Plotted visualizations at env step 41108480.0
2025-11-20 21:53:55 INFO    |  step: 41108480
2025-11-20 21:53:55 INFO    |  step: 41108480, training/sps: 15729.106 +/- 0.000
2025-11-20 21:53:55 INFO    |  step: 41108480, training/actor_loss: 3.546 +/- 0.000
2025-11-20 21:53:55 INFO    |  step: 41108480, training/adaptive_mixing_raw: 0.205 +/- 0.000
2025-11-20 21:53:55 INFO    |  step: 41108480, training/adaptive_mixing_smoothed: 0.205 +/- 0.000
2025-11-20 21:53:55 INFO    |  step: 41108480, training/alpha_loss: -0.000 +/- 0.000
2025-11-20 21:53:55 INFO    |  step: 41108480, training/critic_loss: 3.816 +/- 0.000
2025-11-20 21:53:55 INFO    |  step: 41108480, training/entropy: -4.000 +/- 0.000
2025-11-20 21:53:55 INFO    |  step: 41108480, training/env_grad_mean_norm: 0.579 +/- 0.000
2025-11-20 21:53:55 INFO    |  step: 41108480, training/env_grad_trvar: 56.418 +/- 0.000
2025-11-20 21:53:55 INFO    |  step: 41108480, training/env_rb_bias_squared: 1.125 +/- 0.000
2025-11-20 21:53:55 INFO    |  step: 41108480, training/log_alpha: -4.578 +/- 0.000
2025-11-20 21:53:55 INFO    |  step: 41108480, training/num_env_samples: 190.892 +/- 0.000
2025-11-20 21:53:55 INFO    |  step: 41108480, training/num_rb_samples: 65.108 +/- 0.000
2025-11-20 21:53:55 INFO    |  step: 41108480, training/rb_grad_mean_norm: 0.910 +/- 0.000
2025-11-20 21:53:55 INFO    |  step: 41108480, training/rb_grad_trvar: 51.822 +/- 0.000
2025-11-20 21:53:55 INFO    |  step: 41108480, eval/episode_reward: 212.668 +/- 0.000
2025-11-20 21:53:55 INFO    |  step: 41108480, eval/episode_success: 212.668 +/- 0.000
2025-11-20 21:53:55 INFO    |  step: 41108480, eval/episode_success_easy: 309.062 +/- 0.000
2025-11-20 21:53:55 INFO    |  step: 41108480, eval/episode_dist: 4884.477 +/- 0.000
2025-11-20 21:53:55 INFO    |  step: 41108480, eval/episode_success_any: 0.336 +/- 0.000
2025-11-20 21:53:55 INFO    |  step: 41108480, eval/episode_reward_ctrl: 0.000 +/- 0.000
2025-11-20 21:53:55 INFO    |  step: 41108480, eval/episode_reward_dist: 0.000 +/- 0.000
2025-11-20 21:53:55 INFO    |  step: 41108480, eval/episode_reward_near: 0.000 +/- 0.000
2025-11-20 21:53:55 INFO    |  step: 41108480, eval/episode_reward_survive: 0.000 +/- 0.000
2025-11-20 21:53:55 INFO    |  step: 41108480, eval/episode_success_hard: 0.000 +/- 0.000
2025-11-20 21:54:26 INFO    |  actor input shape: (10000, 31)
2025-11-20 21:54:26 INFO    |  encoder input shape: (10000, 37)
2025-11-20 21:54:26 INFO    |  encoder input shape: (10000, 2)
2025-11-20 21:54:26 INFO    |  actor input shape: (10000, 31)
2025-11-20 21:54:26 INFO    |  encoder input shape: (10000, 37)
2025-11-20 21:54:26 INFO    |  encoder input shape: (10000, 2)
2025-11-20 21:54:26 INFO    |  actor input shape: (10000, 31)
2025-11-20 21:54:26 INFO    |  encoder input shape: (10000, 37)
2025-11-20 21:54:26 INFO    |  encoder input shape: (10000, 2)
2025-11-20 21:54:27 INFO    |  Plotted visualizations at env step 41600512.0
2025-11-20 21:54:31 INFO    |  step: 41600512
2025-11-20 21:54:31 INFO    |  step: 41600512, training/sps: 15699.272 +/- 0.000
2025-11-20 21:54:31 INFO    |  step: 41600512, training/actor_loss: 3.545 +/- 0.000
2025-11-20 21:54:31 INFO    |  step: 41600512, training/adaptive_mixing_raw: 0.430 +/- 0.000
2025-11-20 21:54:31 INFO    |  step: 41600512, training/adaptive_mixing_smoothed: 0.430 +/- 0.000
2025-11-20 21:54:31 INFO    |  step: 41600512, training/alpha_loss: -0.000 +/- 0.000
2025-11-20 21:54:31 INFO    |  step: 41600512, training/critic_loss: 3.817 +/- 0.000
2025-11-20 21:54:31 INFO    |  step: 41600512, training/entropy: -4.001 +/- 0.000
2025-11-20 21:54:31 INFO    |  step: 41600512, training/env_grad_mean_norm: 0.578 +/- 0.000
2025-11-20 21:54:31 INFO    |  step: 41600512, training/env_grad_trvar: 56.282 +/- 0.000
2025-11-20 21:54:31 INFO    |  step: 41600512, training/env_rb_bias_squared: 1.138 +/- 0.000
2025-11-20 21:54:31 INFO    |  step: 41600512, training/log_alpha: -4.575 +/- 0.000
2025-11-20 21:54:31 INFO    |  step: 41600512, training/num_env_samples: 190.846 +/- 0.000
2025-11-20 21:54:31 INFO    |  step: 41600512, training/num_rb_samples: 65.154 +/- 0.000
2025-11-20 21:54:31 INFO    |  step: 41600512, training/rb_grad_mean_norm: 0.918 +/- 0.000
2025-11-20 21:54:31 INFO    |  step: 41600512, training/rb_grad_trvar: 52.694 +/- 0.000
2025-11-20 21:54:31 INFO    |  step: 41600512, eval/episode_reward: 207.523 +/- 0.000
2025-11-20 21:54:31 INFO    |  step: 41600512, eval/episode_success: 207.523 +/- 0.000
2025-11-20 21:54:31 INFO    |  step: 41600512, eval/episode_success_easy: 299.363 +/- 0.000
2025-11-20 21:54:31 INFO    |  step: 41600512, eval/episode_dist: 4142.671 +/- 0.000
2025-11-20 21:54:31 INFO    |  step: 41600512, eval/episode_success_any: 0.320 +/- 0.000
2025-11-20 21:54:31 INFO    |  step: 41600512, eval/episode_reward_ctrl: 0.000 +/- 0.000
2025-11-20 21:54:31 INFO    |  step: 41600512, eval/episode_reward_dist: 0.000 +/- 0.000
2025-11-20 21:54:31 INFO    |  step: 41600512, eval/episode_reward_near: 0.000 +/- 0.000
2025-11-20 21:54:31 INFO    |  step: 41600512, eval/episode_reward_survive: 0.000 +/- 0.000
2025-11-20 21:54:31 INFO    |  step: 41600512, eval/episode_success_hard: 0.000 +/- 0.000
2025-11-20 21:55:02 INFO    |  actor input shape: (10000, 31)
2025-11-20 21:55:02 INFO    |  encoder input shape: (10000, 37)
2025-11-20 21:55:02 INFO    |  encoder input shape: (10000, 2)
2025-11-20 21:55:02 INFO    |  actor input shape: (10000, 31)
2025-11-20 21:55:02 INFO    |  encoder input shape: (10000, 37)
2025-11-20 21:55:02 INFO    |  encoder input shape: (10000, 2)
2025-11-20 21:55:03 INFO    |  actor input shape: (10000, 31)
2025-11-20 21:55:03 INFO    |  encoder input shape: (10000, 37)
2025-11-20 21:55:03 INFO    |  encoder input shape: (10000, 2)
2025-11-20 21:55:03 INFO    |  Plotted visualizations at env step 42092544.0
2025-11-20 21:55:08 INFO    |  step: 42092544
2025-11-20 21:55:08 INFO    |  step: 42092544, training/sps: 15673.002 +/- 0.000
2025-11-20 21:55:08 INFO    |  step: 42092544, training/actor_loss: 3.561 +/- 0.000
2025-11-20 21:55:08 INFO    |  step: 42092544, training/adaptive_mixing_raw: 0.258 +/- 0.000
2025-11-20 21:55:08 INFO    |  step: 42092544, training/adaptive_mixing_smoothed: 0.258 +/- 0.000
2025-11-20 21:55:08 INFO    |  step: 42092544, training/alpha_loss: 0.000 +/- 0.000
2025-11-20 21:55:08 INFO    |  step: 42092544, training/critic_loss: 3.829 +/- 0.000
2025-11-20 21:55:08 INFO    |  step: 42092544, training/entropy: -3.999 +/- 0.000
2025-11-20 21:55:08 INFO    |  step: 42092544, training/env_grad_mean_norm: 0.579 +/- 0.000
2025-11-20 21:55:08 INFO    |  step: 42092544, training/env_grad_trvar: 56.806 +/- 0.000
2025-11-20 21:55:08 INFO    |  step: 42092544, training/env_rb_bias_squared: 1.148 +/- 0.000
2025-11-20 21:55:08 INFO    |  step: 42092544, training/log_alpha: -4.574 +/- 0.000
2025-11-20 21:55:08 INFO    |  step: 42092544, training/num_env_samples: 190.772 +/- 0.000
2025-11-20 21:55:08 INFO    |  step: 42092544, training/num_rb_samples: 65.228 +/- 0.000
2025-11-20 21:55:08 INFO    |  step: 42092544, training/rb_grad_mean_norm: 0.921 +/- 0.000
2025-11-20 21:55:08 INFO    |  step: 42092544, training/rb_grad_trvar: 53.253 +/- 0.000
2025-11-20 21:55:08 INFO    |  step: 42092544, eval/episode_reward: 248.957 +/- 0.000
2025-11-20 21:55:08 INFO    |  step: 42092544, eval/episode_success: 248.957 +/- 0.000
2025-11-20 21:55:08 INFO    |  step: 42092544, eval/episode_success_easy: 357.402 +/- 0.000
2025-11-20 21:55:08 INFO    |  step: 42092544, eval/episode_dist: 3225.667 +/- 0.000
2025-11-20 21:55:08 INFO    |  step: 42092544, eval/episode_success_any: 0.398 +/- 0.000
2025-11-20 21:55:08 INFO    |  step: 42092544, eval/episode_reward_ctrl: 0.000 +/- 0.000
2025-11-20 21:55:08 INFO    |  step: 42092544, eval/episode_reward_dist: 0.000 +/- 0.000
2025-11-20 21:55:08 INFO    |  step: 42092544, eval/episode_reward_near: 0.000 +/- 0.000
2025-11-20 21:55:08 INFO    |  step: 42092544, eval/episode_reward_survive: 0.000 +/- 0.000
2025-11-20 21:55:08 INFO    |  step: 42092544, eval/episode_success_hard: 0.000 +/- 0.000
2025-11-20 21:55:38 INFO    |  actor input shape: (10000, 31)
2025-11-20 21:55:38 INFO    |  encoder input shape: (10000, 37)
2025-11-20 21:55:38 INFO    |  encoder input shape: (10000, 2)
2025-11-20 21:55:39 INFO    |  actor input shape: (10000, 31)
2025-11-20 21:55:39 INFO    |  encoder input shape: (10000, 37)
2025-11-20 21:55:39 INFO    |  encoder input shape: (10000, 2)
2025-11-20 21:55:39 INFO    |  actor input shape: (10000, 31)
2025-11-20 21:55:39 INFO    |  encoder input shape: (10000, 37)
2025-11-20 21:55:39 INFO    |  encoder input shape: (10000, 2)
2025-11-20 21:55:39 INFO    |  Plotted visualizations at env step 42584576.0
2025-11-20 21:55:44 INFO    |  step: 42584576
2025-11-20 21:55:46 INFO    |  actor input shape: (1, 31)
2025-11-20 21:56:14 INFO    |  step: 42584576, training/sps: 15668.809 +/- 0.000
2025-11-20 21:56:14 INFO    |  step: 42584576, training/actor_loss: 3.564 +/- 0.000
2025-11-20 21:56:14 INFO    |  step: 42584576, training/adaptive_mixing_raw: 0.470 +/- 0.000
2025-11-20 21:56:14 INFO    |  step: 42584576, training/adaptive_mixing_smoothed: 0.470 +/- 0.000
2025-11-20 21:56:14 INFO    |  step: 42584576, training/alpha_loss: -0.000 +/- 0.000
2025-11-20 21:56:14 INFO    |  step: 42584576, training/critic_loss: 3.836 +/- 0.000
2025-11-20 21:56:14 INFO    |  step: 42584576, training/entropy: -4.001 +/- 0.000
2025-11-20 21:56:14 INFO    |  step: 42584576, training/env_grad_mean_norm: 0.579 +/- 0.000
2025-11-20 21:56:14 INFO    |  step: 42584576, training/env_grad_trvar: 57.176 +/- 0.000
2025-11-20 21:56:14 INFO    |  step: 42584576, training/env_rb_bias_squared: 1.160 +/- 0.000
2025-11-20 21:56:14 INFO    |  step: 42584576, training/log_alpha: -4.573 +/- 0.000
2025-11-20 21:56:14 INFO    |  step: 42584576, training/num_env_samples: 191.693 +/- 0.000
2025-11-20 21:56:14 INFO    |  step: 42584576, training/num_rb_samples: 64.307 +/- 0.000
2025-11-20 21:56:14 INFO    |  step: 42584576, training/rb_grad_mean_norm: 0.927 +/- 0.000
2025-11-20 21:56:14 INFO    |  step: 42584576, training/rb_grad_trvar: 53.129 +/- 0.000
2025-11-20 21:56:14 INFO    |  step: 42584576, eval/episode_reward: 190.551 +/- 0.000
2025-11-20 21:56:14 INFO    |  step: 42584576, eval/episode_success: 190.551 +/- 0.000
2025-11-20 21:56:14 INFO    |  step: 42584576, eval/episode_success_easy: 287.363 +/- 0.000
2025-11-20 21:56:14 INFO    |  step: 42584576, eval/episode_dist: 3294.973 +/- 0.000
2025-11-20 21:56:14 INFO    |  step: 42584576, eval/episode_success_any: 0.309 +/- 0.000
2025-11-20 21:56:14 INFO    |  step: 42584576, eval/episode_reward_ctrl: 0.000 +/- 0.000
2025-11-20 21:56:14 INFO    |  step: 42584576, eval/episode_reward_dist: 0.000 +/- 0.000
2025-11-20 21:56:14 INFO    |  step: 42584576, eval/episode_reward_near: 0.000 +/- 0.000
2025-11-20 21:56:14 INFO    |  step: 42584576, eval/episode_reward_survive: 0.000 +/- 0.000
2025-11-20 21:56:14 INFO    |  step: 42584576, eval/episode_success_hard: 0.000 +/- 0.000
2025-11-20 21:56:45 INFO    |  actor input shape: (10000, 31)
2025-11-20 21:56:45 INFO    |  encoder input shape: (10000, 37)
2025-11-20 21:56:45 INFO    |  encoder input shape: (10000, 2)
2025-11-20 21:56:45 INFO    |  actor input shape: (10000, 31)
2025-11-20 21:56:45 INFO    |  encoder input shape: (10000, 37)
2025-11-20 21:56:45 INFO    |  encoder input shape: (10000, 2)
2025-11-20 21:56:46 INFO    |  actor input shape: (10000, 31)
2025-11-20 21:56:46 INFO    |  encoder input shape: (10000, 37)
2025-11-20 21:56:46 INFO    |  encoder input shape: (10000, 2)
2025-11-20 21:56:46 INFO    |  Plotted visualizations at env step 43076608.0
2025-11-20 21:56:51 INFO    |  step: 43076608
2025-11-20 21:56:51 INFO    |  step: 43076608, training/sps: 15621.158 +/- 0.000
2025-11-20 21:56:51 INFO    |  step: 43076608, training/actor_loss: 3.559 +/- 0.000
2025-11-20 21:56:51 INFO    |  step: 43076608, training/adaptive_mixing_raw: 0.378 +/- 0.000
2025-11-20 21:56:51 INFO    |  step: 43076608, training/adaptive_mixing_smoothed: 0.378 +/- 0.000
2025-11-20 21:56:51 INFO    |  step: 43076608, training/alpha_loss: 0.000 +/- 0.000
2025-11-20 21:56:51 INFO    |  step: 43076608, training/critic_loss: 3.834 +/- 0.000
2025-11-20 21:56:51 INFO    |  step: 43076608, training/entropy: -3.999 +/- 0.000
2025-11-20 21:56:51 INFO    |  step: 43076608, training/env_grad_mean_norm: 0.578 +/- 0.000
2025-11-20 21:56:51 INFO    |  step: 43076608, training/env_grad_trvar: 56.745 +/- 0.000
2025-11-20 21:56:51 INFO    |  step: 43076608, training/env_rb_bias_squared: 1.157 +/- 0.000
2025-11-20 21:56:51 INFO    |  step: 43076608, training/log_alpha: -4.582 +/- 0.000
2025-11-20 21:56:51 INFO    |  step: 43076608, training/num_env_samples: 192.971 +/- 0.000
2025-11-20 21:56:51 INFO    |  step: 43076608, training/num_rb_samples: 63.029 +/- 0.000
2025-11-20 21:56:51 INFO    |  step: 43076608, training/rb_grad_mean_norm: 0.927 +/- 0.000
2025-11-20 21:56:51 INFO    |  step: 43076608, training/rb_grad_trvar: 52.058 +/- 0.000
2025-11-20 21:56:51 INFO    |  step: 43076608, eval/episode_reward: 195.621 +/- 0.000
2025-11-20 21:56:51 INFO    |  step: 43076608, eval/episode_success: 195.621 +/- 0.000
2025-11-20 21:56:51 INFO    |  step: 43076608, eval/episode_success_easy: 296.137 +/- 0.000
2025-11-20 21:56:51 INFO    |  step: 43076608, eval/episode_dist: 3974.056 +/- 0.000
2025-11-20 21:56:51 INFO    |  step: 43076608, eval/episode_success_any: 0.344 +/- 0.000
2025-11-20 21:56:51 INFO    |  step: 43076608, eval/episode_reward_ctrl: 0.000 +/- 0.000
2025-11-20 21:56:51 INFO    |  step: 43076608, eval/episode_reward_dist: 0.000 +/- 0.000
2025-11-20 21:56:51 INFO    |  step: 43076608, eval/episode_reward_near: 0.000 +/- 0.000
2025-11-20 21:56:51 INFO    |  step: 43076608, eval/episode_reward_survive: 0.000 +/- 0.000
2025-11-20 21:56:51 INFO    |  step: 43076608, eval/episode_success_hard: 0.000 +/- 0.000
2025-11-20 21:57:22 INFO    |  actor input shape: (10000, 31)
2025-11-20 21:57:22 INFO    |  encoder input shape: (10000, 37)
2025-11-20 21:57:22 INFO    |  encoder input shape: (10000, 2)
2025-11-20 21:57:22 INFO    |  actor input shape: (10000, 31)
2025-11-20 21:57:22 INFO    |  encoder input shape: (10000, 37)
2025-11-20 21:57:22 INFO    |  encoder input shape: (10000, 2)
2025-11-20 21:57:22 INFO    |  actor input shape: (10000, 31)
2025-11-20 21:57:22 INFO    |  encoder input shape: (10000, 37)
2025-11-20 21:57:22 INFO    |  encoder input shape: (10000, 2)
2025-11-20 21:57:22 INFO    |  Plotted visualizations at env step 43568640.0
2025-11-20 21:57:27 INFO    |  step: 43568640
2025-11-20 21:57:27 INFO    |  step: 43568640, training/sps: 15531.688 +/- 0.000
2025-11-20 21:57:27 INFO    |  step: 43568640, training/actor_loss: 3.569 +/- 0.000
2025-11-20 21:57:27 INFO    |  step: 43568640, training/adaptive_mixing_raw: 0.254 +/- 0.000
2025-11-20 21:57:27 INFO    |  step: 43568640, training/adaptive_mixing_smoothed: 0.254 +/- 0.000
2025-11-20 21:57:27 INFO    |  step: 43568640, training/alpha_loss: 0.000 +/- 0.000
2025-11-20 21:57:27 INFO    |  step: 43568640, training/critic_loss: 3.850 +/- 0.000
2025-11-20 21:57:27 INFO    |  step: 43568640, training/entropy: -4.000 +/- 0.000
2025-11-20 21:57:27 INFO    |  step: 43568640, training/env_grad_mean_norm: 0.581 +/- 0.000
2025-11-20 21:57:27 INFO    |  step: 43568640, training/env_grad_trvar: 57.558 +/- 0.000
2025-11-20 21:57:27 INFO    |  step: 43568640, training/env_rb_bias_squared: 1.153 +/- 0.000
2025-11-20 21:57:27 INFO    |  step: 43568640, training/log_alpha: -4.587 +/- 0.000
2025-11-20 21:57:27 INFO    |  step: 43568640, training/num_env_samples: 192.726 +/- 0.000
2025-11-20 21:57:27 INFO    |  step: 43568640, training/num_rb_samples: 63.274 +/- 0.000
2025-11-20 21:57:27 INFO    |  step: 43568640, training/rb_grad_mean_norm: 0.922 +/- 0.000
2025-11-20 21:57:27 INFO    |  step: 43568640, training/rb_grad_trvar: 51.719 +/- 0.000
2025-11-20 21:57:27 INFO    |  step: 43568640, eval/episode_reward: 237.840 +/- 0.000
2025-11-20 21:57:27 INFO    |  step: 43568640, eval/episode_success: 237.840 +/- 0.000
2025-11-20 21:57:27 INFO    |  step: 43568640, eval/episode_success_easy: 343.578 +/- 0.000
2025-11-20 21:57:27 INFO    |  step: 43568640, eval/episode_dist: 3616.507 +/- 0.000
2025-11-20 21:57:27 INFO    |  step: 43568640, eval/episode_success_any: 0.371 +/- 0.000
2025-11-20 21:57:27 INFO    |  step: 43568640, eval/episode_reward_ctrl: 0.000 +/- 0.000
2025-11-20 21:57:27 INFO    |  step: 43568640, eval/episode_reward_dist: 0.000 +/- 0.000
2025-11-20 21:57:27 INFO    |  step: 43568640, eval/episode_reward_near: 0.000 +/- 0.000
2025-11-20 21:57:27 INFO    |  step: 43568640, eval/episode_reward_survive: 0.000 +/- 0.000
2025-11-20 21:57:27 INFO    |  step: 43568640, eval/episode_success_hard: 0.000 +/- 0.000
2025-11-20 21:57:58 INFO    |  actor input shape: (10000, 31)
2025-11-20 21:57:58 INFO    |  encoder input shape: (10000, 37)
2025-11-20 21:57:58 INFO    |  encoder input shape: (10000, 2)
2025-11-20 21:57:58 INFO    |  actor input shape: (10000, 31)
2025-11-20 21:57:58 INFO    |  encoder input shape: (10000, 37)
2025-11-20 21:57:58 INFO    |  encoder input shape: (10000, 2)
2025-11-20 21:57:59 INFO    |  actor input shape: (10000, 31)
2025-11-20 21:57:59 INFO    |  encoder input shape: (10000, 37)
2025-11-20 21:57:59 INFO    |  encoder input shape: (10000, 2)
2025-11-20 21:57:59 INFO    |  Plotted visualizations at env step 44060672.0
2025-11-20 21:58:04 INFO    |  step: 44060672
2025-11-20 21:58:04 INFO    |  step: 44060672, training/sps: 15466.161 +/- 0.000
2025-11-20 21:58:04 INFO    |  step: 44060672, training/actor_loss: 3.574 +/- 0.000
2025-11-20 21:58:04 INFO    |  step: 44060672, training/adaptive_mixing_raw: 0.226 +/- 0.000
2025-11-20 21:58:04 INFO    |  step: 44060672, training/adaptive_mixing_smoothed: 0.226 +/- 0.000
2025-11-20 21:58:04 INFO    |  step: 44060672, training/alpha_loss: 0.000 +/- 0.000
2025-11-20 21:58:04 INFO    |  step: 44060672, training/critic_loss: 3.860 +/- 0.000
2025-11-20 21:58:04 INFO    |  step: 44060672, training/entropy: -4.000 +/- 0.000
2025-11-20 21:58:04 INFO    |  step: 44060672, training/env_grad_mean_norm: 0.576 +/- 0.000
2025-11-20 21:58:04 INFO    |  step: 44060672, training/env_grad_trvar: 56.357 +/- 0.000
2025-11-20 21:58:04 INFO    |  step: 44060672, training/env_rb_bias_squared: 1.132 +/- 0.000
2025-11-20 21:58:04 INFO    |  step: 44060672, training/log_alpha: -4.587 +/- 0.000
2025-11-20 21:58:04 INFO    |  step: 44060672, training/num_env_samples: 192.421 +/- 0.000
2025-11-20 21:58:04 INFO    |  step: 44060672, training/num_rb_samples: 63.579 +/- 0.000
2025-11-20 21:58:04 INFO    |  step: 44060672, training/rb_grad_mean_norm: 0.914 +/- 0.000
2025-11-20 21:58:04 INFO    |  step: 44060672, training/rb_grad_trvar: 51.034 +/- 0.000
2025-11-20 21:58:04 INFO    |  step: 44060672, eval/episode_reward: 248.969 +/- 0.000
2025-11-20 21:58:04 INFO    |  step: 44060672, eval/episode_success: 248.969 +/- 0.000
2025-11-20 21:58:04 INFO    |  step: 44060672, eval/episode_success_easy: 339.863 +/- 0.000
2025-11-20 21:58:04 INFO    |  step: 44060672, eval/episode_dist: 3663.938 +/- 0.000
2025-11-20 21:58:04 INFO    |  step: 44060672, eval/episode_success_any: 0.402 +/- 0.000
2025-11-20 21:58:04 INFO    |  step: 44060672, eval/episode_reward_ctrl: 0.000 +/- 0.000
2025-11-20 21:58:04 INFO    |  step: 44060672, eval/episode_reward_dist: 0.000 +/- 0.000
2025-11-20 21:58:04 INFO    |  step: 44060672, eval/episode_reward_near: 0.000 +/- 0.000
2025-11-20 21:58:04 INFO    |  step: 44060672, eval/episode_reward_survive: 0.000 +/- 0.000
2025-11-20 21:58:04 INFO    |  step: 44060672, eval/episode_success_hard: 0.000 +/- 0.000
2025-11-20 21:58:35 INFO    |  actor input shape: (10000, 31)
2025-11-20 21:58:35 INFO    |  encoder input shape: (10000, 37)
2025-11-20 21:58:35 INFO    |  encoder input shape: (10000, 2)
2025-11-20 21:58:35 INFO    |  actor input shape: (10000, 31)
2025-11-20 21:58:35 INFO    |  encoder input shape: (10000, 37)
2025-11-20 21:58:35 INFO    |  encoder input shape: (10000, 2)
2025-11-20 21:58:35 INFO    |  actor input shape: (10000, 31)
2025-11-20 21:58:35 INFO    |  encoder input shape: (10000, 37)
2025-11-20 21:58:35 INFO    |  encoder input shape: (10000, 2)
2025-11-20 21:58:36 INFO    |  Plotted visualizations at env step 44552704.0
2025-11-20 21:58:40 INFO    |  step: 44552704
2025-11-20 21:58:40 INFO    |  step: 44552704, training/sps: 15509.094 +/- 0.000
2025-11-20 21:58:40 INFO    |  step: 44552704, training/actor_loss: 3.567 +/- 0.000
2025-11-20 21:58:40 INFO    |  step: 44552704, training/adaptive_mixing_raw: 0.277 +/- 0.000
2025-11-20 21:58:40 INFO    |  step: 44552704, training/adaptive_mixing_smoothed: 0.277 +/- 0.000
2025-11-20 21:58:40 INFO    |  step: 44552704, training/alpha_loss: -0.000 +/- 0.000
2025-11-20 21:58:40 INFO    |  step: 44552704, training/critic_loss: 3.851 +/- 0.000
2025-11-20 21:58:40 INFO    |  step: 44552704, training/entropy: -4.000 +/- 0.000
2025-11-20 21:58:40 INFO    |  step: 44552704, training/env_grad_mean_norm: 0.581 +/- 0.000
2025-11-20 21:58:40 INFO    |  step: 44552704, training/env_grad_trvar: 57.243 +/- 0.000
2025-11-20 21:58:40 INFO    |  step: 44552704, training/env_rb_bias_squared: 1.149 +/- 0.000
2025-11-20 21:58:40 INFO    |  step: 44552704, training/log_alpha: -4.601 +/- 0.000
2025-11-20 21:58:40 INFO    |  step: 44552704, training/num_env_samples: 192.355 +/- 0.000
2025-11-20 21:58:40 INFO    |  step: 44552704, training/num_rb_samples: 63.645 +/- 0.000
2025-11-20 21:58:40 INFO    |  step: 44552704, training/rb_grad_mean_norm: 0.921 +/- 0.000
2025-11-20 21:58:40 INFO    |  step: 44552704, training/rb_grad_trvar: 51.793 +/- 0.000
2025-11-20 21:58:40 INFO    |  step: 44552704, eval/episode_reward: 179.141 +/- 0.000
2025-11-20 21:58:40 INFO    |  step: 44552704, eval/episode_success: 179.141 +/- 0.000
2025-11-20 21:58:40 INFO    |  step: 44552704, eval/episode_success_easy: 265.992 +/- 0.000
2025-11-20 21:58:40 INFO    |  step: 44552704, eval/episode_dist: 3807.015 +/- 0.000
2025-11-20 21:58:40 INFO    |  step: 44552704, eval/episode_success_any: 0.309 +/- 0.000
2025-11-20 21:58:40 INFO    |  step: 44552704, eval/episode_reward_ctrl: 0.000 +/- 0.000
2025-11-20 21:58:40 INFO    |  step: 44552704, eval/episode_reward_dist: 0.000 +/- 0.000
2025-11-20 21:58:40 INFO    |  step: 44552704, eval/episode_reward_near: 0.000 +/- 0.000
2025-11-20 21:58:40 INFO    |  step: 44552704, eval/episode_reward_survive: 0.000 +/- 0.000
2025-11-20 21:58:40 INFO    |  step: 44552704, eval/episode_success_hard: 0.000 +/- 0.000
2025-11-20 21:59:11 INFO    |  actor input shape: (10000, 31)
2025-11-20 21:59:11 INFO    |  encoder input shape: (10000, 37)
2025-11-20 21:59:11 INFO    |  encoder input shape: (10000, 2)
2025-11-20 21:59:12 INFO    |  actor input shape: (10000, 31)
2025-11-20 21:59:12 INFO    |  encoder input shape: (10000, 37)
2025-11-20 21:59:12 INFO    |  encoder input shape: (10000, 2)
2025-11-20 21:59:12 INFO    |  actor input shape: (10000, 31)
2025-11-20 21:59:12 INFO    |  encoder input shape: (10000, 37)
2025-11-20 21:59:12 INFO    |  encoder input shape: (10000, 2)
2025-11-20 21:59:12 INFO    |  Plotted visualizations at env step 45044736.0
2025-11-20 21:59:17 INFO    |  step: 45044736
2025-11-20 21:59:19 INFO    |  actor input shape: (1, 31)
2025-11-20 21:59:47 INFO    |  step: 45044736, training/sps: 15522.998 +/- 0.000
2025-11-20 21:59:47 INFO    |  step: 45044736, training/actor_loss: 3.577 +/- 0.000
2025-11-20 21:59:47 INFO    |  step: 45044736, training/adaptive_mixing_raw: 0.435 +/- 0.000
2025-11-20 21:59:47 INFO    |  step: 45044736, training/adaptive_mixing_smoothed: 0.435 +/- 0.000
2025-11-20 21:59:47 INFO    |  step: 45044736, training/alpha_loss: 0.000 +/- 0.000
2025-11-20 21:59:47 INFO    |  step: 45044736, training/critic_loss: 3.859 +/- 0.000
2025-11-20 21:59:47 INFO    |  step: 45044736, training/entropy: -4.000 +/- 0.000
2025-11-20 21:59:47 INFO    |  step: 45044736, training/env_grad_mean_norm: 0.580 +/- 0.000
2025-11-20 21:59:47 INFO    |  step: 45044736, training/env_grad_trvar: 57.026 +/- 0.000
2025-11-20 21:59:47 INFO    |  step: 45044736, training/env_rb_bias_squared: 1.139 +/- 0.000
2025-11-20 21:59:47 INFO    |  step: 45044736, training/log_alpha: -4.603 +/- 0.000
2025-11-20 21:59:47 INFO    |  step: 45044736, training/num_env_samples: 192.106 +/- 0.000
2025-11-20 21:59:47 INFO    |  step: 45044736, training/num_rb_samples: 63.894 +/- 0.000
2025-11-20 21:59:47 INFO    |  step: 45044736, training/rb_grad_mean_norm: 0.917 +/- 0.000
2025-11-20 21:59:47 INFO    |  step: 45044736, training/rb_grad_trvar: 51.640 +/- 0.000
2025-11-20 21:59:47 INFO    |  step: 45044736, eval/episode_reward: 213.477 +/- 0.000
2025-11-20 21:59:47 INFO    |  step: 45044736, eval/episode_success: 213.477 +/- 0.000
2025-11-20 21:59:47 INFO    |  step: 45044736, eval/episode_success_easy: 312.449 +/- 0.000
2025-11-20 21:59:47 INFO    |  step: 45044736, eval/episode_dist: 3490.884 +/- 0.000
2025-11-20 21:59:47 INFO    |  step: 45044736, eval/episode_success_any: 0.387 +/- 0.000
2025-11-20 21:59:47 INFO    |  step: 45044736, eval/episode_reward_ctrl: 0.000 +/- 0.000
2025-11-20 21:59:47 INFO    |  step: 45044736, eval/episode_reward_dist: 0.000 +/- 0.000
2025-11-20 21:59:47 INFO    |  step: 45044736, eval/episode_reward_near: 0.000 +/- 0.000
2025-11-20 21:59:47 INFO    |  step: 45044736, eval/episode_reward_survive: 0.000 +/- 0.000
2025-11-20 21:59:47 INFO    |  step: 45044736, eval/episode_success_hard: 0.000 +/- 0.000
2025-11-20 22:00:18 INFO    |  actor input shape: (10000, 31)
2025-11-20 22:00:18 INFO    |  encoder input shape: (10000, 37)
2025-11-20 22:00:18 INFO    |  encoder input shape: (10000, 2)
2025-11-20 22:00:19 INFO    |  actor input shape: (10000, 31)
2025-11-20 22:00:19 INFO    |  encoder input shape: (10000, 37)
2025-11-20 22:00:19 INFO    |  encoder input shape: (10000, 2)
2025-11-20 22:00:19 INFO    |  actor input shape: (10000, 31)
2025-11-20 22:00:19 INFO    |  encoder input shape: (10000, 37)
2025-11-20 22:00:19 INFO    |  encoder input shape: (10000, 2)
2025-11-20 22:00:19 INFO    |  Plotted visualizations at env step 45536768.0
2025-11-20 22:00:24 INFO    |  step: 45536768
2025-11-20 22:00:24 INFO    |  step: 45536768, training/sps: 15482.031 +/- 0.000
2025-11-20 22:00:24 INFO    |  step: 45536768, training/actor_loss: 3.559 +/- 0.000
2025-11-20 22:00:24 INFO    |  step: 45536768, training/adaptive_mixing_raw: 0.186 +/- 0.000
2025-11-20 22:00:24 INFO    |  step: 45536768, training/adaptive_mixing_smoothed: 0.186 +/- 0.000
2025-11-20 22:00:24 INFO    |  step: 45536768, training/alpha_loss: -0.000 +/- 0.000
2025-11-20 22:00:24 INFO    |  step: 45536768, training/critic_loss: 3.841 +/- 0.000
2025-11-20 22:00:24 INFO    |  step: 45536768, training/entropy: -4.000 +/- 0.000
2025-11-20 22:00:24 INFO    |  step: 45536768, training/env_grad_mean_norm: 0.580 +/- 0.000
2025-11-20 22:00:24 INFO    |  step: 45536768, training/env_grad_trvar: 57.156 +/- 0.000
2025-11-20 22:00:24 INFO    |  step: 45536768, training/env_rb_bias_squared: 1.155 +/- 0.000
2025-11-20 22:00:24 INFO    |  step: 45536768, training/log_alpha: -4.610 +/- 0.000
2025-11-20 22:00:24 INFO    |  step: 45536768, training/num_env_samples: 192.898 +/- 0.000
2025-11-20 22:00:24 INFO    |  step: 45536768, training/num_rb_samples: 63.102 +/- 0.000
2025-11-20 22:00:24 INFO    |  step: 45536768, training/rb_grad_mean_norm: 0.926 +/- 0.000
2025-11-20 22:00:24 INFO    |  step: 45536768, training/rb_grad_trvar: 51.877 +/- 0.000
2025-11-20 22:00:24 INFO    |  step: 45536768, eval/episode_reward: 186.344 +/- 0.000
2025-11-20 22:00:24 INFO    |  step: 45536768, eval/episode_success: 186.344 +/- 0.000
2025-11-20 22:00:24 INFO    |  step: 45536768, eval/episode_success_easy: 304.891 +/- 0.000
2025-11-20 22:00:24 INFO    |  step: 45536768, eval/episode_dist: 4035.317 +/- 0.000
2025-11-20 22:00:24 INFO    |  step: 45536768, eval/episode_success_any: 0.359 +/- 0.000
2025-11-20 22:00:24 INFO    |  step: 45536768, eval/episode_reward_ctrl: 0.000 +/- 0.000
2025-11-20 22:00:24 INFO    |  step: 45536768, eval/episode_reward_dist: 0.000 +/- 0.000
2025-11-20 22:00:24 INFO    |  step: 45536768, eval/episode_reward_near: 0.000 +/- 0.000
2025-11-20 22:00:24 INFO    |  step: 45536768, eval/episode_reward_survive: 0.000 +/- 0.000
2025-11-20 22:00:24 INFO    |  step: 45536768, eval/episode_success_hard: 0.000 +/- 0.000
2025-11-20 22:00:55 INFO    |  actor input shape: (10000, 31)
2025-11-20 22:00:55 INFO    |  encoder input shape: (10000, 37)
2025-11-20 22:00:55 INFO    |  encoder input shape: (10000, 2)
2025-11-20 22:00:55 INFO    |  actor input shape: (10000, 31)
2025-11-20 22:00:55 INFO    |  encoder input shape: (10000, 37)
2025-11-20 22:00:55 INFO    |  encoder input shape: (10000, 2)
2025-11-20 22:00:55 INFO    |  actor input shape: (10000, 31)
2025-11-20 22:00:55 INFO    |  encoder input shape: (10000, 37)
2025-11-20 22:00:55 INFO    |  encoder input shape: (10000, 2)
2025-11-20 22:00:55 INFO    |  Plotted visualizations at env step 46028800.0
2025-11-20 22:01:00 INFO    |  step: 46028800
2025-11-20 22:01:00 INFO    |  step: 46028800, training/sps: 15638.048 +/- 0.000
2025-11-20 22:01:00 INFO    |  step: 46028800, training/actor_loss: 3.551 +/- 0.000
2025-11-20 22:01:00 INFO    |  step: 46028800, training/adaptive_mixing_raw: 0.194 +/- 0.000
2025-11-20 22:01:00 INFO    |  step: 46028800, training/adaptive_mixing_smoothed: 0.194 +/- 0.000
2025-11-20 22:01:00 INFO    |  step: 46028800, training/alpha_loss: 0.000 +/- 0.000
2025-11-20 22:01:00 INFO    |  step: 46028800, training/critic_loss: 3.825 +/- 0.000
2025-11-20 22:01:00 INFO    |  step: 46028800, training/entropy: -4.000 +/- 0.000
2025-11-20 22:01:00 INFO    |  step: 46028800, training/env_grad_mean_norm: 0.581 +/- 0.000
2025-11-20 22:01:00 INFO    |  step: 46028800, training/env_grad_trvar: 57.137 +/- 0.000
2025-11-20 22:01:00 INFO    |  step: 46028800, training/env_rb_bias_squared: 1.140 +/- 0.000
2025-11-20 22:01:00 INFO    |  step: 46028800, training/log_alpha: -4.599 +/- 0.000
2025-11-20 22:01:00 INFO    |  step: 46028800, training/num_env_samples: 192.202 +/- 0.000
2025-11-20 22:01:00 INFO    |  step: 46028800, training/num_rb_samples: 63.798 +/- 0.000
2025-11-20 22:01:00 INFO    |  step: 46028800, training/rb_grad_mean_norm: 0.917 +/- 0.000
2025-11-20 22:01:00 INFO    |  step: 46028800, training/rb_grad_trvar: 51.547 +/- 0.000
2025-11-20 22:01:00 INFO    |  step: 46028800, eval/episode_reward: 225.590 +/- 0.000
2025-11-20 22:01:00 INFO    |  step: 46028800, eval/episode_success: 225.590 +/- 0.000
2025-11-20 22:01:00 INFO    |  step: 46028800, eval/episode_success_easy: 339.664 +/- 0.000
2025-11-20 22:01:00 INFO    |  step: 46028800, eval/episode_dist: 3896.261 +/- 0.000
2025-11-20 22:01:00 INFO    |  step: 46028800, eval/episode_success_any: 0.363 +/- 0.000
2025-11-20 22:01:00 INFO    |  step: 46028800, eval/episode_reward_ctrl: 0.000 +/- 0.000
2025-11-20 22:01:00 INFO    |  step: 46028800, eval/episode_reward_dist: 0.000 +/- 0.000
2025-11-20 22:01:00 INFO    |  step: 46028800, eval/episode_reward_near: 0.000 +/- 0.000
2025-11-20 22:01:00 INFO    |  step: 46028800, eval/episode_reward_survive: 0.000 +/- 0.000
2025-11-20 22:01:00 INFO    |  step: 46028800, eval/episode_success_hard: 0.000 +/- 0.000
2025-11-20 22:01:31 INFO    |  actor input shape: (10000, 31)
2025-11-20 22:01:31 INFO    |  encoder input shape: (10000, 37)
2025-11-20 22:01:31 INFO    |  encoder input shape: (10000, 2)
2025-11-20 22:01:31 INFO    |  actor input shape: (10000, 31)
2025-11-20 22:01:31 INFO    |  encoder input shape: (10000, 37)
2025-11-20 22:01:31 INFO    |  encoder input shape: (10000, 2)
2025-11-20 22:01:32 INFO    |  actor input shape: (10000, 31)
2025-11-20 22:01:32 INFO    |  encoder input shape: (10000, 37)
2025-11-20 22:01:32 INFO    |  encoder input shape: (10000, 2)
2025-11-20 22:01:32 INFO    |  Plotted visualizations at env step 46520832.0
2025-11-20 22:01:37 INFO    |  step: 46520832
2025-11-20 22:01:37 INFO    |  step: 46520832, training/sps: 15541.426 +/- 0.000
2025-11-20 22:01:37 INFO    |  step: 46520832, training/actor_loss: 3.543 +/- 0.000
2025-11-20 22:01:37 INFO    |  step: 46520832, training/adaptive_mixing_raw: 0.258 +/- 0.000
2025-11-20 22:01:37 INFO    |  step: 46520832, training/adaptive_mixing_smoothed: 0.258 +/- 0.000
2025-11-20 22:01:37 INFO    |  step: 46520832, training/alpha_loss: -0.000 +/- 0.000
2025-11-20 22:01:37 INFO    |  step: 46520832, training/critic_loss: 3.810 +/- 0.000
2025-11-20 22:01:37 INFO    |  step: 46520832, training/entropy: -4.002 +/- 0.000
2025-11-20 22:01:37 INFO    |  step: 46520832, training/env_grad_mean_norm: 0.577 +/- 0.000
2025-11-20 22:01:37 INFO    |  step: 46520832, training/env_grad_trvar: 56.341 +/- 0.000
2025-11-20 22:01:37 INFO    |  step: 46520832, training/env_rb_bias_squared: 1.127 +/- 0.000
2025-11-20 22:01:37 INFO    |  step: 46520832, training/log_alpha: -4.584 +/- 0.000
2025-11-20 22:01:37 INFO    |  step: 46520832, training/num_env_samples: 192.414 +/- 0.000
2025-11-20 22:01:37 INFO    |  step: 46520832, training/num_rb_samples: 63.586 +/- 0.000
2025-11-20 22:01:37 INFO    |  step: 46520832, training/rb_grad_mean_norm: 0.912 +/- 0.000
2025-11-20 22:01:37 INFO    |  step: 46520832, training/rb_grad_trvar: 50.790 +/- 0.000
2025-11-20 22:01:37 INFO    |  step: 46520832, eval/episode_reward: 230.199 +/- 0.000
2025-11-20 22:01:37 INFO    |  step: 46520832, eval/episode_success: 230.199 +/- 0.000
2025-11-20 22:01:37 INFO    |  step: 46520832, eval/episode_success_easy: 328.492 +/- 0.000
2025-11-20 22:01:37 INFO    |  step: 46520832, eval/episode_dist: 3055.923 +/- 0.000
2025-11-20 22:01:37 INFO    |  step: 46520832, eval/episode_success_any: 0.391 +/- 0.000
2025-11-20 22:01:37 INFO    |  step: 46520832, eval/episode_reward_ctrl: 0.000 +/- 0.000
2025-11-20 22:01:37 INFO    |  step: 46520832, eval/episode_reward_dist: 0.000 +/- 0.000
2025-11-20 22:01:37 INFO    |  step: 46520832, eval/episode_reward_near: 0.000 +/- 0.000
2025-11-20 22:01:37 INFO    |  step: 46520832, eval/episode_reward_survive: 0.000 +/- 0.000
2025-11-20 22:01:37 INFO    |  step: 46520832, eval/episode_success_hard: 0.000 +/- 0.000
2025-11-20 22:02:08 INFO    |  actor input shape: (10000, 31)
2025-11-20 22:02:08 INFO    |  encoder input shape: (10000, 37)
2025-11-20 22:02:08 INFO    |  encoder input shape: (10000, 2)
2025-11-20 22:02:08 INFO    |  actor input shape: (10000, 31)
2025-11-20 22:02:08 INFO    |  encoder input shape: (10000, 37)
2025-11-20 22:02:08 INFO    |  encoder input shape: (10000, 2)
2025-11-20 22:02:08 INFO    |  actor input shape: (10000, 31)
2025-11-20 22:02:08 INFO    |  encoder input shape: (10000, 37)
2025-11-20 22:02:08 INFO    |  encoder input shape: (10000, 2)
2025-11-20 22:02:08 INFO    |  Plotted visualizations at env step 47012864.0
2025-11-20 22:02:13 INFO    |  step: 47012864
2025-11-20 22:02:13 INFO    |  step: 47012864, training/sps: 15592.434 +/- 0.000
2025-11-20 22:02:13 INFO    |  step: 47012864, training/actor_loss: 3.531 +/- 0.000
2025-11-20 22:02:13 INFO    |  step: 47012864, training/adaptive_mixing_raw: 0.251 +/- 0.000
2025-11-20 22:02:13 INFO    |  step: 47012864, training/adaptive_mixing_smoothed: 0.251 +/- 0.000
2025-11-20 22:02:13 INFO    |  step: 47012864, training/alpha_loss: 0.000 +/- 0.000
2025-11-20 22:02:13 INFO    |  step: 47012864, training/critic_loss: 3.796 +/- 0.000
2025-11-20 22:02:13 INFO    |  step: 47012864, training/entropy: -3.998 +/- 0.000
2025-11-20 22:02:13 INFO    |  step: 47012864, training/env_grad_mean_norm: 0.582 +/- 0.000
2025-11-20 22:02:13 INFO    |  step: 47012864, training/env_grad_trvar: 57.187 +/- 0.000
2025-11-20 22:02:13 INFO    |  step: 47012864, training/env_rb_bias_squared: 1.128 +/- 0.000
2025-11-20 22:02:13 INFO    |  step: 47012864, training/log_alpha: -4.586 +/- 0.000
2025-11-20 22:02:13 INFO    |  step: 47012864, training/num_env_samples: 192.311 +/- 0.000
2025-11-20 22:02:13 INFO    |  step: 47012864, training/num_rb_samples: 63.689 +/- 0.000
2025-11-20 22:02:13 INFO    |  step: 47012864, training/rb_grad_mean_norm: 0.910 +/- 0.000
2025-11-20 22:02:13 INFO    |  step: 47012864, training/rb_grad_trvar: 50.636 +/- 0.000
2025-11-20 22:02:13 INFO    |  step: 47012864, eval/episode_reward: 248.727 +/- 0.000
2025-11-20 22:02:13 INFO    |  step: 47012864, eval/episode_success: 248.727 +/- 0.000
2025-11-20 22:02:13 INFO    |  step: 47012864, eval/episode_success_easy: 354.637 +/- 0.000
2025-11-20 22:02:13 INFO    |  step: 47012864, eval/episode_dist: 3677.037 +/- 0.000
2025-11-20 22:02:13 INFO    |  step: 47012864, eval/episode_success_any: 0.410 +/- 0.000
2025-11-20 22:02:13 INFO    |  step: 47012864, eval/episode_reward_ctrl: 0.000 +/- 0.000
2025-11-20 22:02:13 INFO    |  step: 47012864, eval/episode_reward_dist: 0.000 +/- 0.000
2025-11-20 22:02:13 INFO    |  step: 47012864, eval/episode_reward_near: 0.000 +/- 0.000
2025-11-20 22:02:13 INFO    |  step: 47012864, eval/episode_reward_survive: 0.000 +/- 0.000
2025-11-20 22:02:13 INFO    |  step: 47012864, eval/episode_success_hard: 0.000 +/- 0.000
2025-11-20 22:02:44 INFO    |  actor input shape: (10000, 31)
2025-11-20 22:02:44 INFO    |  encoder input shape: (10000, 37)
2025-11-20 22:02:44 INFO    |  encoder input shape: (10000, 2)
2025-11-20 22:02:44 INFO    |  actor input shape: (10000, 31)
2025-11-20 22:02:44 INFO    |  encoder input shape: (10000, 37)
2025-11-20 22:02:44 INFO    |  encoder input shape: (10000, 2)
2025-11-20 22:02:45 INFO    |  actor input shape: (10000, 31)
2025-11-20 22:02:45 INFO    |  encoder input shape: (10000, 37)
2025-11-20 22:02:45 INFO    |  encoder input shape: (10000, 2)
2025-11-20 22:02:45 INFO    |  Plotted visualizations at env step 47504896.0
2025-11-20 22:02:50 INFO    |  step: 47504896
2025-11-20 22:02:51 INFO    |  actor input shape: (1, 31)
2025-11-20 22:03:21 INFO    |  step: 47504896, training/sps: 15534.411 +/- 0.000
2025-11-20 22:03:21 INFO    |  step: 47504896, training/actor_loss: 3.530 +/- 0.000
2025-11-20 22:03:21 INFO    |  step: 47504896, training/adaptive_mixing_raw: 0.320 +/- 0.000
2025-11-20 22:03:21 INFO    |  step: 47504896, training/adaptive_mixing_smoothed: 0.320 +/- 0.000
2025-11-20 22:03:21 INFO    |  step: 47504896, training/alpha_loss: -0.000 +/- 0.000
2025-11-20 22:03:21 INFO    |  step: 47504896, training/critic_loss: 3.791 +/- 0.000
2025-11-20 22:03:21 INFO    |  step: 47504896, training/entropy: -4.002 +/- 0.000
2025-11-20 22:03:21 INFO    |  step: 47504896, training/env_grad_mean_norm: 0.572 +/- 0.000
2025-11-20 22:03:21 INFO    |  step: 47504896, training/env_grad_trvar: 55.440 +/- 0.000
2025-11-20 22:03:21 INFO    |  step: 47504896, training/env_rb_bias_squared: 1.090 +/- 0.000
2025-11-20 22:03:21 INFO    |  step: 47504896, training/log_alpha: -4.594 +/- 0.000
2025-11-20 22:03:21 INFO    |  step: 47504896, training/num_env_samples: 191.763 +/- 0.000
2025-11-20 22:03:21 INFO    |  step: 47504896, training/num_rb_samples: 64.237 +/- 0.000
2025-11-20 22:03:21 INFO    |  step: 47504896, training/rb_grad_mean_norm: 0.894 +/- 0.000
2025-11-20 22:03:21 INFO    |  step: 47504896, training/rb_grad_trvar: 49.288 +/- 0.000
2025-11-20 22:03:21 INFO    |  step: 47504896, eval/episode_reward: 194.445 +/- 0.000
2025-11-20 22:03:21 INFO    |  step: 47504896, eval/episode_success: 194.445 +/- 0.000
2025-11-20 22:03:21 INFO    |  step: 47504896, eval/episode_success_easy: 308.121 +/- 0.000
2025-11-20 22:03:21 INFO    |  step: 47504896, eval/episode_dist: 3224.889 +/- 0.000
2025-11-20 22:03:21 INFO    |  step: 47504896, eval/episode_success_any: 0.355 +/- 0.000
2025-11-20 22:03:21 INFO    |  step: 47504896, eval/episode_reward_ctrl: 0.000 +/- 0.000
2025-11-20 22:03:21 INFO    |  step: 47504896, eval/episode_reward_dist: 0.000 +/- 0.000
2025-11-20 22:03:21 INFO    |  step: 47504896, eval/episode_reward_near: 0.000 +/- 0.000
2025-11-20 22:03:21 INFO    |  step: 47504896, eval/episode_reward_survive: 0.000 +/- 0.000
2025-11-20 22:03:21 INFO    |  step: 47504896, eval/episode_success_hard: 0.000 +/- 0.000
2025-11-20 22:03:52 INFO    |  actor input shape: (10000, 31)
2025-11-20 22:03:52 INFO    |  encoder input shape: (10000, 37)
2025-11-20 22:03:52 INFO    |  encoder input shape: (10000, 2)
2025-11-20 22:03:52 INFO    |  actor input shape: (10000, 31)
2025-11-20 22:03:52 INFO    |  encoder input shape: (10000, 37)
2025-11-20 22:03:52 INFO    |  encoder input shape: (10000, 2)
2025-11-20 22:03:52 INFO    |  actor input shape: (10000, 31)
2025-11-20 22:03:52 INFO    |  encoder input shape: (10000, 37)
2025-11-20 22:03:52 INFO    |  encoder input shape: (10000, 2)
2025-11-20 22:03:52 INFO    |  Plotted visualizations at env step 47996928.0
2025-11-20 22:03:57 INFO    |  step: 47996928
2025-11-20 22:03:57 INFO    |  step: 47996928, training/sps: 15480.713 +/- 0.000
2025-11-20 22:03:57 INFO    |  step: 47996928, training/actor_loss: 3.524 +/- 0.000
2025-11-20 22:03:57 INFO    |  step: 47996928, training/adaptive_mixing_raw: 0.258 +/- 0.000
2025-11-20 22:03:57 INFO    |  step: 47996928, training/adaptive_mixing_smoothed: 0.258 +/- 0.000
2025-11-20 22:03:57 INFO    |  step: 47996928, training/alpha_loss: 0.000 +/- 0.000
2025-11-20 22:03:57 INFO    |  step: 47996928, training/critic_loss: 3.782 +/- 0.000
2025-11-20 22:03:57 INFO    |  step: 47996928, training/entropy: -3.999 +/- 0.000
2025-11-20 22:03:57 INFO    |  step: 47996928, training/env_grad_mean_norm: 0.567 +/- 0.000
2025-11-20 22:03:57 INFO    |  step: 47996928, training/env_grad_trvar: 54.769 +/- 0.000
2025-11-20 22:03:57 INFO    |  step: 47996928, training/env_rb_bias_squared: 1.099 +/- 0.000
2025-11-20 22:03:57 INFO    |  step: 47996928, training/log_alpha: -4.591 +/- 0.000
2025-11-20 22:03:57 INFO    |  step: 47996928, training/num_env_samples: 192.762 +/- 0.000
2025-11-20 22:03:57 INFO    |  step: 47996928, training/num_rb_samples: 63.238 +/- 0.000
2025-11-20 22:03:57 INFO    |  step: 47996928, training/rb_grad_mean_norm: 0.901 +/- 0.000
2025-11-20 22:03:57 INFO    |  step: 47996928, training/rb_grad_trvar: 49.313 +/- 0.000
2025-11-20 22:03:57 INFO    |  step: 47996928, eval/episode_reward: 239.523 +/- 0.000
2025-11-20 22:03:57 INFO    |  step: 47996928, eval/episode_success: 239.523 +/- 0.000
2025-11-20 22:03:57 INFO    |  step: 47996928, eval/episode_success_easy: 376.945 +/- 0.000
2025-11-20 22:03:57 INFO    |  step: 47996928, eval/episode_dist: 2797.899 +/- 0.000
2025-11-20 22:03:57 INFO    |  step: 47996928, eval/episode_success_any: 0.438 +/- 0.000
2025-11-20 22:03:57 INFO    |  step: 47996928, eval/episode_reward_ctrl: 0.000 +/- 0.000
2025-11-20 22:03:57 INFO    |  step: 47996928, eval/episode_reward_dist: 0.000 +/- 0.000
2025-11-20 22:03:57 INFO    |  step: 47996928, eval/episode_reward_near: 0.000 +/- 0.000
2025-11-20 22:03:57 INFO    |  step: 47996928, eval/episode_reward_survive: 0.000 +/- 0.000
2025-11-20 22:03:57 INFO    |  step: 47996928, eval/episode_success_hard: 0.000 +/- 0.000
2025-11-20 22:04:29 INFO    |  actor input shape: (10000, 31)
2025-11-20 22:04:29 INFO    |  encoder input shape: (10000, 37)
2025-11-20 22:04:29 INFO    |  encoder input shape: (10000, 2)
2025-11-20 22:04:29 INFO    |  actor input shape: (10000, 31)
2025-11-20 22:04:29 INFO    |  encoder input shape: (10000, 37)
2025-11-20 22:04:29 INFO    |  encoder input shape: (10000, 2)
2025-11-20 22:04:29 INFO    |  actor input shape: (10000, 31)
2025-11-20 22:04:29 INFO    |  encoder input shape: (10000, 37)
2025-11-20 22:04:29 INFO    |  encoder input shape: (10000, 2)
2025-11-20 22:04:29 INFO    |  Plotted visualizations at env step 48488960.0
2025-11-20 22:04:34 INFO    |  step: 48488960
2025-11-20 22:04:34 INFO    |  step: 48488960, training/sps: 15327.505 +/- 0.000
2025-11-20 22:04:34 INFO    |  step: 48488960, training/actor_loss: 3.522 +/- 0.000
2025-11-20 22:04:34 INFO    |  step: 48488960, training/adaptive_mixing_raw: 0.260 +/- 0.000
2025-11-20 22:04:34 INFO    |  step: 48488960, training/adaptive_mixing_smoothed: 0.260 +/- 0.000
2025-11-20 22:04:34 INFO    |  step: 48488960, training/alpha_loss: 0.000 +/- 0.000
2025-11-20 22:04:34 INFO    |  step: 48488960, training/critic_loss: 3.778 +/- 0.000
2025-11-20 22:04:34 INFO    |  step: 48488960, training/entropy: -4.000 +/- 0.000
2025-11-20 22:04:34 INFO    |  step: 48488960, training/env_grad_mean_norm: 0.565 +/- 0.000
2025-11-20 22:04:34 INFO    |  step: 48488960, training/env_grad_trvar: 54.293 +/- 0.000
2025-11-20 22:04:34 INFO    |  step: 48488960, training/env_rb_bias_squared: 1.086 +/- 0.000
2025-11-20 22:04:34 INFO    |  step: 48488960, training/log_alpha: -4.596 +/- 0.000
2025-11-20 22:04:34 INFO    |  step: 48488960, training/num_env_samples: 192.535 +/- 0.000
2025-11-20 22:04:34 INFO    |  step: 48488960, training/num_rb_samples: 63.465 +/- 0.000
2025-11-20 22:04:34 INFO    |  step: 48488960, training/rb_grad_mean_norm: 0.895 +/- 0.000
2025-11-20 22:04:34 INFO    |  step: 48488960, training/rb_grad_trvar: 48.806 +/- 0.000
2025-11-20 22:04:34 INFO    |  step: 48488960, eval/episode_reward: 161.961 +/- 0.000
2025-11-20 22:04:34 INFO    |  step: 48488960, eval/episode_success: 161.961 +/- 0.000
2025-11-20 22:04:34 INFO    |  step: 48488960, eval/episode_success_easy: 279.660 +/- 0.000
2025-11-20 22:04:34 INFO    |  step: 48488960, eval/episode_dist: 3534.445 +/- 0.000
2025-11-20 22:04:34 INFO    |  step: 48488960, eval/episode_success_any: 0.277 +/- 0.000
2025-11-20 22:04:34 INFO    |  step: 48488960, eval/episode_reward_ctrl: 0.000 +/- 0.000
2025-11-20 22:04:34 INFO    |  step: 48488960, eval/episode_reward_dist: 0.000 +/- 0.000
2025-11-20 22:04:34 INFO    |  step: 48488960, eval/episode_reward_near: 0.000 +/- 0.000
2025-11-20 22:04:34 INFO    |  step: 48488960, eval/episode_reward_survive: 0.000 +/- 0.000
2025-11-20 22:04:34 INFO    |  step: 48488960, eval/episode_success_hard: 0.000 +/- 0.000
2025-11-20 22:05:05 INFO    |  actor input shape: (10000, 31)
2025-11-20 22:05:05 INFO    |  encoder input shape: (10000, 37)
2025-11-20 22:05:05 INFO    |  encoder input shape: (10000, 2)
2025-11-20 22:05:05 INFO    |  actor input shape: (10000, 31)
2025-11-20 22:05:05 INFO    |  encoder input shape: (10000, 37)
2025-11-20 22:05:05 INFO    |  encoder input shape: (10000, 2)
2025-11-20 22:05:06 INFO    |  actor input shape: (10000, 31)
2025-11-20 22:05:06 INFO    |  encoder input shape: (10000, 37)
2025-11-20 22:05:06 INFO    |  encoder input shape: (10000, 2)
2025-11-20 22:05:06 INFO    |  Plotted visualizations at env step 48980992.0
2025-11-20 22:05:11 INFO    |  step: 48980992
2025-11-20 22:05:11 INFO    |  step: 48980992, training/sps: 15463.272 +/- 0.000
2025-11-20 22:05:11 INFO    |  step: 48980992, training/actor_loss: 3.521 +/- 0.000
2025-11-20 22:05:11 INFO    |  step: 48980992, training/adaptive_mixing_raw: 0.407 +/- 0.000
2025-11-20 22:05:11 INFO    |  step: 48980992, training/adaptive_mixing_smoothed: 0.407 +/- 0.000
2025-11-20 22:05:11 INFO    |  step: 48980992, training/alpha_loss: -0.000 +/- 0.000
2025-11-20 22:05:11 INFO    |  step: 48980992, training/critic_loss: 3.780 +/- 0.000
2025-11-20 22:05:11 INFO    |  step: 48980992, training/entropy: -4.000 +/- 0.000
2025-11-20 22:05:11 INFO    |  step: 48980992, training/env_grad_mean_norm: 0.563 +/- 0.000
2025-11-20 22:05:11 INFO    |  step: 48980992, training/env_grad_trvar: 53.663 +/- 0.000
2025-11-20 22:05:11 INFO    |  step: 48980992, training/env_rb_bias_squared: 1.063 +/- 0.000
2025-11-20 22:05:11 INFO    |  step: 48980992, training/log_alpha: -4.593 +/- 0.000
2025-11-20 22:05:11 INFO    |  step: 48980992, training/num_env_samples: 191.778 +/- 0.000
2025-11-20 22:05:11 INFO    |  step: 48980992, training/num_rb_samples: 64.222 +/- 0.000
2025-11-20 22:05:11 INFO    |  step: 48980992, training/rb_grad_mean_norm: 0.884 +/- 0.000
2025-11-20 22:05:11 INFO    |  step: 48980992, training/rb_grad_trvar: 48.231 +/- 0.000
2025-11-20 22:05:11 INFO    |  step: 48980992, eval/episode_reward: 150.000 +/- 0.000
2025-11-20 22:05:11 INFO    |  step: 48980992, eval/episode_success: 150.000 +/- 0.000
2025-11-20 22:05:11 INFO    |  step: 48980992, eval/episode_success_easy: 259.145 +/- 0.000
2025-11-20 22:05:11 INFO    |  step: 48980992, eval/episode_dist: 3900.257 +/- 0.000
2025-11-20 22:05:11 INFO    |  step: 48980992, eval/episode_success_any: 0.266 +/- 0.000
2025-11-20 22:05:11 INFO    |  step: 48980992, eval/episode_reward_ctrl: 0.000 +/- 0.000
2025-11-20 22:05:11 INFO    |  step: 48980992, eval/episode_reward_dist: 0.000 +/- 0.000
2025-11-20 22:05:11 INFO    |  step: 48980992, eval/episode_reward_near: 0.000 +/- 0.000
2025-11-20 22:05:11 INFO    |  step: 48980992, eval/episode_reward_survive: 0.000 +/- 0.000
2025-11-20 22:05:11 INFO    |  step: 48980992, eval/episode_success_hard: 0.000 +/- 0.000
2025-11-20 22:05:42 INFO    |  actor input shape: (10000, 31)
2025-11-20 22:05:42 INFO    |  encoder input shape: (10000, 37)
2025-11-20 22:05:42 INFO    |  encoder input shape: (10000, 2)
2025-11-20 22:05:42 INFO    |  actor input shape: (10000, 31)
2025-11-20 22:05:42 INFO    |  encoder input shape: (10000, 37)
2025-11-20 22:05:42 INFO    |  encoder input shape: (10000, 2)
2025-11-20 22:05:42 INFO    |  actor input shape: (10000, 31)
2025-11-20 22:05:43 INFO    |  encoder input shape: (10000, 37)
2025-11-20 22:05:43 INFO    |  encoder input shape: (10000, 2)
2025-11-20 22:05:43 INFO    |  Plotted visualizations at env step 49473024.0
2025-11-20 22:05:48 INFO    |  step: 49473024
2025-11-20 22:05:48 INFO    |  step: 49473024, training/sps: 15373.561 +/- 0.000
2025-11-20 22:05:48 INFO    |  step: 49473024, training/actor_loss: 3.527 +/- 0.000
2025-11-20 22:05:48 INFO    |  step: 49473024, training/adaptive_mixing_raw: 0.341 +/- 0.000
2025-11-20 22:05:48 INFO    |  step: 49473024, training/adaptive_mixing_smoothed: 0.341 +/- 0.000
2025-11-20 22:05:48 INFO    |  step: 49473024, training/alpha_loss: -0.000 +/- 0.000
2025-11-20 22:05:48 INFO    |  step: 49473024, training/critic_loss: 3.788 +/- 0.000
2025-11-20 22:05:48 INFO    |  step: 49473024, training/entropy: -4.000 +/- 0.000
2025-11-20 22:05:48 INFO    |  step: 49473024, training/env_grad_mean_norm: 0.565 +/- 0.000
2025-11-20 22:05:48 INFO    |  step: 49473024, training/env_grad_trvar: 53.814 +/- 0.000
2025-11-20 22:05:48 INFO    |  step: 49473024, training/env_rb_bias_squared: 1.069 +/- 0.000
2025-11-20 22:05:48 INFO    |  step: 49473024, training/log_alpha: -4.587 +/- 0.000
2025-11-20 22:05:48 INFO    |  step: 49473024, training/num_env_samples: 191.362 +/- 0.000
2025-11-20 22:05:48 INFO    |  step: 49473024, training/num_rb_samples: 64.638 +/- 0.000
2025-11-20 22:05:48 INFO    |  step: 49473024, training/rb_grad_mean_norm: 0.886 +/- 0.000
2025-11-20 22:05:48 INFO    |  step: 49473024, training/rb_grad_trvar: 48.679 +/- 0.000
2025-11-20 22:05:48 INFO    |  step: 49473024, eval/episode_reward: 203.836 +/- 0.000
2025-11-20 22:05:48 INFO    |  step: 49473024, eval/episode_success: 203.836 +/- 0.000
2025-11-20 22:05:48 INFO    |  step: 49473024, eval/episode_success_easy: 379.961 +/- 0.000
2025-11-20 22:05:48 INFO    |  step: 49473024, eval/episode_dist: 3881.591 +/- 0.000
2025-11-20 22:05:48 INFO    |  step: 49473024, eval/episode_success_any: 0.320 +/- 0.000
2025-11-20 22:05:48 INFO    |  step: 49473024, eval/episode_reward_ctrl: 0.000 +/- 0.000
2025-11-20 22:05:48 INFO    |  step: 49473024, eval/episode_reward_dist: 0.000 +/- 0.000
2025-11-20 22:05:48 INFO    |  step: 49473024, eval/episode_reward_near: 0.000 +/- 0.000
2025-11-20 22:05:48 INFO    |  step: 49473024, eval/episode_reward_survive: 0.000 +/- 0.000
2025-11-20 22:05:48 INFO    |  step: 49473024, eval/episode_success_hard: 0.000 +/- 0.000
2025-11-20 22:06:18 INFO    |  actor input shape: (10000, 31)
2025-11-20 22:06:18 INFO    |  encoder input shape: (10000, 37)
2025-11-20 22:06:18 INFO    |  encoder input shape: (10000, 2)
2025-11-20 22:06:19 INFO    |  actor input shape: (10000, 31)
2025-11-20 22:06:19 INFO    |  encoder input shape: (10000, 37)
2025-11-20 22:06:19 INFO    |  encoder input shape: (10000, 2)
2025-11-20 22:06:19 INFO    |  actor input shape: (10000, 31)
2025-11-20 22:06:19 INFO    |  encoder input shape: (10000, 37)
2025-11-20 22:06:19 INFO    |  encoder input shape: (10000, 2)
2025-11-20 22:06:19 INFO    |  Plotted visualizations at env step 49965056.0
2025-11-20 22:06:24 INFO    |  step: 49965056
2025-11-20 22:06:26 INFO    |  actor input shape: (1, 31)
2025-11-20 22:06:55 INFO    |  step: 49965056, training/sps: 15548.566 +/- 0.000
2025-11-20 22:06:55 INFO    |  step: 49965056, training/actor_loss: 3.524 +/- 0.000
2025-11-20 22:06:55 INFO    |  step: 49965056, training/adaptive_mixing_raw: 0.288 +/- 0.000
2025-11-20 22:06:55 INFO    |  step: 49965056, training/adaptive_mixing_smoothed: 0.288 +/- 0.000
2025-11-20 22:06:55 INFO    |  step: 49965056, training/alpha_loss: 0.000 +/- 0.000
2025-11-20 22:06:55 INFO    |  step: 49965056, training/critic_loss: 3.788 +/- 0.000
2025-11-20 22:06:55 INFO    |  step: 49965056, training/entropy: -3.999 +/- 0.000
2025-11-20 22:06:55 INFO    |  step: 49965056, training/env_grad_mean_norm: 0.558 +/- 0.000
2025-11-20 22:06:55 INFO    |  step: 49965056, training/env_grad_trvar: 52.550 +/- 0.000
2025-11-20 22:06:55 INFO    |  step: 49965056, training/env_rb_bias_squared: 1.056 +/- 0.000
2025-11-20 22:06:55 INFO    |  step: 49965056, training/log_alpha: -4.592 +/- 0.000
2025-11-20 22:06:55 INFO    |  step: 49965056, training/num_env_samples: 191.864 +/- 0.000
2025-11-20 22:06:55 INFO    |  step: 49965056, training/num_rb_samples: 64.136 +/- 0.000
2025-11-20 22:06:55 INFO    |  step: 49965056, training/rb_grad_mean_norm: 0.883 +/- 0.000
2025-11-20 22:06:55 INFO    |  step: 49965056, training/rb_grad_trvar: 48.070 +/- 0.000
2025-11-20 22:06:55 INFO    |  step: 49965056, eval/episode_reward: 207.121 +/- 0.000
2025-11-20 22:06:55 INFO    |  step: 49965056, eval/episode_success: 207.121 +/- 0.000
2025-11-20 22:06:55 INFO    |  step: 49965056, eval/episode_success_easy: 314.223 +/- 0.000
2025-11-20 22:06:55 INFO    |  step: 49965056, eval/episode_dist: 3772.325 +/- 0.000
2025-11-20 22:06:55 INFO    |  step: 49965056, eval/episode_success_any: 0.367 +/- 0.000
2025-11-20 22:06:55 INFO    |  step: 49965056, eval/episode_reward_ctrl: 0.000 +/- 0.000
2025-11-20 22:06:55 INFO    |  step: 49965056, eval/episode_reward_dist: 0.000 +/- 0.000
2025-11-20 22:06:55 INFO    |  step: 49965056, eval/episode_reward_near: 0.000 +/- 0.000
2025-11-20 22:06:55 INFO    |  step: 49965056, eval/episode_reward_survive: 0.000 +/- 0.000
2025-11-20 22:06:55 INFO    |  step: 49965056, eval/episode_success_hard: 0.000 +/- 0.000
2025-11-20 22:07:26 INFO    |  actor input shape: (10000, 31)
2025-11-20 22:07:26 INFO    |  encoder input shape: (10000, 37)
2025-11-20 22:07:26 INFO    |  encoder input shape: (10000, 2)
2025-11-20 22:07:26 INFO    |  actor input shape: (10000, 31)
2025-11-20 22:07:26 INFO    |  encoder input shape: (10000, 37)
2025-11-20 22:07:26 INFO    |  encoder input shape: (10000, 2)
2025-11-20 22:07:26 INFO    |  actor input shape: (10000, 31)
2025-11-20 22:07:26 INFO    |  encoder input shape: (10000, 37)
2025-11-20 22:07:26 INFO    |  encoder input shape: (10000, 2)
2025-11-20 22:07:27 INFO    |  Plotted visualizations at env step 50457088.0
2025-11-20 22:07:31 INFO    |  step: 50457088
2025-11-20 22:07:31 INFO    |  step: 50457088, training/sps: 15547.174 +/- 0.000
2025-11-20 22:07:31 INFO    |  step: 50457088, training/actor_loss: 3.535 +/- 0.000
2025-11-20 22:07:31 INFO    |  step: 50457088, training/adaptive_mixing_raw: 0.427 +/- 0.000
2025-11-20 22:07:31 INFO    |  step: 50457088, training/adaptive_mixing_smoothed: 0.427 +/- 0.000
2025-11-20 22:07:31 INFO    |  step: 50457088, training/alpha_loss: -0.000 +/- 0.000
2025-11-20 22:07:31 INFO    |  step: 50457088, training/critic_loss: 3.802 +/- 0.000
2025-11-20 22:07:31 INFO    |  step: 50457088, training/entropy: -4.001 +/- 0.000
2025-11-20 22:07:31 INFO    |  step: 50457088, training/env_grad_mean_norm: 0.561 +/- 0.000
2025-11-20 22:07:31 INFO    |  step: 50457088, training/env_grad_trvar: 52.930 +/- 0.000
2025-11-20 22:07:31 INFO    |  step: 50457088, training/env_rb_bias_squared: 1.059 +/- 0.000
2025-11-20 22:07:31 INFO    |  step: 50457088, training/log_alpha: -4.592 +/- 0.000
2025-11-20 22:07:31 INFO    |  step: 50457088, training/num_env_samples: 191.718 +/- 0.000
2025-11-20 22:07:31 INFO    |  step: 50457088, training/num_rb_samples: 64.282 +/- 0.000
2025-11-20 22:07:31 INFO    |  step: 50457088, training/rb_grad_mean_norm: 0.883 +/- 0.000
2025-11-20 22:07:31 INFO    |  step: 50457088, training/rb_grad_trvar: 48.133 +/- 0.000
2025-11-20 22:07:31 INFO    |  step: 50457088, eval/episode_reward: 180.734 +/- 0.000
2025-11-20 22:07:32 INFO    |  step: 50457088, eval/episode_success: 180.734 +/- 0.000
2025-11-20 22:07:32 INFO    |  step: 50457088, eval/episode_success_easy: 292.090 +/- 0.000
2025-11-20 22:07:32 INFO    |  step: 50457088, eval/episode_dist: 3886.186 +/- 0.000
2025-11-20 22:07:32 INFO    |  step: 50457088, eval/episode_success_any: 0.316 +/- 0.000
2025-11-20 22:07:32 INFO    |  step: 50457088, eval/episode_reward_ctrl: 0.000 +/- 0.000
2025-11-20 22:07:32 INFO    |  step: 50457088, eval/episode_reward_dist: 0.000 +/- 0.000
2025-11-20 22:07:32 INFO    |  step: 50457088, eval/episode_reward_near: 0.000 +/- 0.000
2025-11-20 22:07:32 INFO    |  step: 50457088, eval/episode_reward_survive: 0.000 +/- 0.000
2025-11-20 22:07:32 INFO    |  step: 50457088, eval/episode_success_hard: 0.000 +/- 0.000
2025-11-20 22:08:02 INFO    |  actor input shape: (10000, 31)
2025-11-20 22:08:02 INFO    |  encoder input shape: (10000, 37)
2025-11-20 22:08:02 INFO    |  encoder input shape: (10000, 2)
2025-11-20 22:08:03 INFO    |  actor input shape: (10000, 31)
2025-11-20 22:08:03 INFO    |  encoder input shape: (10000, 37)
2025-11-20 22:08:03 INFO    |  encoder input shape: (10000, 2)
2025-11-20 22:08:03 INFO    |  actor input shape: (10000, 31)
2025-11-20 22:08:03 INFO    |  encoder input shape: (10000, 37)
2025-11-20 22:08:03 INFO    |  encoder input shape: (10000, 2)
2025-11-20 22:08:03 INFO    |  Plotted visualizations at env step 50949120.0
2025-11-20 22:08:08 INFO    |  step: 50949120
2025-11-20 22:08:08 INFO    |  step: 50949120, training/sps: 15569.920 +/- 0.000
2025-11-20 22:08:08 INFO    |  step: 50949120, training/actor_loss: 3.534 +/- 0.000
2025-11-20 22:08:08 INFO    |  step: 50949120, training/adaptive_mixing_raw: 0.258 +/- 0.000
2025-11-20 22:08:08 INFO    |  step: 50949120, training/adaptive_mixing_smoothed: 0.258 +/- 0.000
2025-11-20 22:08:08 INFO    |  step: 50949120, training/alpha_loss: 0.000 +/- 0.000
2025-11-20 22:08:08 INFO    |  step: 50949120, training/critic_loss: 3.808 +/- 0.000
2025-11-20 22:08:08 INFO    |  step: 50949120, training/entropy: -4.000 +/- 0.000
2025-11-20 22:08:08 INFO    |  step: 50949120, training/env_grad_mean_norm: 0.566 +/- 0.000
2025-11-20 22:08:08 INFO    |  step: 50949120, training/env_grad_trvar: 53.441 +/- 0.000
2025-11-20 22:08:08 INFO    |  step: 50949120, training/env_rb_bias_squared: 1.087 +/- 0.000
2025-11-20 22:08:08 INFO    |  step: 50949120, training/log_alpha: -4.582 +/- 0.000
2025-11-20 22:08:08 INFO    |  step: 50949120, training/num_env_samples: 191.956 +/- 0.000
2025-11-20 22:08:08 INFO    |  step: 50949120, training/num_rb_samples: 64.044 +/- 0.000
2025-11-20 22:08:08 INFO    |  step: 50949120, training/rb_grad_mean_norm: 0.897 +/- 0.000
2025-11-20 22:08:08 INFO    |  step: 50949120, training/rb_grad_trvar: 49.572 +/- 0.000
2025-11-20 22:08:08 INFO    |  step: 50949120, eval/episode_reward: 240.543 +/- 0.000
2025-11-20 22:08:08 INFO    |  step: 50949120, eval/episode_success: 240.543 +/- 0.000
2025-11-20 22:08:08 INFO    |  step: 50949120, eval/episode_success_easy: 374.348 +/- 0.000
2025-11-20 22:08:08 INFO    |  step: 50949120, eval/episode_dist: 3636.950 +/- 0.000
2025-11-20 22:08:08 INFO    |  step: 50949120, eval/episode_success_any: 0.391 +/- 0.000
2025-11-20 22:08:08 INFO    |  step: 50949120, eval/episode_reward_ctrl: 0.000 +/- 0.000
2025-11-20 22:08:08 INFO    |  step: 50949120, eval/episode_reward_dist: 0.000 +/- 0.000
2025-11-20 22:08:08 INFO    |  step: 50949120, eval/episode_reward_near: 0.000 +/- 0.000
2025-11-20 22:08:08 INFO    |  step: 50949120, eval/episode_reward_survive: 0.000 +/- 0.000
2025-11-20 22:08:08 INFO    |  step: 50949120, eval/episode_success_hard: 0.000 +/- 0.000
2025-11-20 22:08:39 INFO    |  actor input shape: (10000, 31)
2025-11-20 22:08:39 INFO    |  encoder input shape: (10000, 37)
2025-11-20 22:08:39 INFO    |  encoder input shape: (10000, 2)
2025-11-20 22:08:39 INFO    |  actor input shape: (10000, 31)
2025-11-20 22:08:39 INFO    |  encoder input shape: (10000, 37)
2025-11-20 22:08:39 INFO    |  encoder input shape: (10000, 2)
2025-11-20 22:08:39 INFO    |  actor input shape: (10000, 31)
2025-11-20 22:08:39 INFO    |  encoder input shape: (10000, 37)
2025-11-20 22:08:39 INFO    |  encoder input shape: (10000, 2)
2025-11-20 22:08:40 INFO    |  Plotted visualizations at env step 51441152.0
2025-11-20 22:08:44 INFO    |  step: 51441152
2025-11-20 22:08:44 INFO    |  step: 51441152, training/sps: 15578.355 +/- 0.000
2025-11-20 22:08:44 INFO    |  step: 51441152, training/actor_loss: 3.547 +/- 0.000
2025-11-20 22:08:44 INFO    |  step: 51441152, training/adaptive_mixing_raw: 0.339 +/- 0.000
2025-11-20 22:08:44 INFO    |  step: 51441152, training/adaptive_mixing_smoothed: 0.339 +/- 0.000
2025-11-20 22:08:44 INFO    |  step: 51441152, training/alpha_loss: -0.000 +/- 0.000
2025-11-20 22:08:44 INFO    |  step: 51441152, training/critic_loss: 3.818 +/- 0.000
2025-11-20 22:08:44 INFO    |  step: 51441152, training/entropy: -4.001 +/- 0.000
2025-11-20 22:08:44 INFO    |  step: 51441152, training/env_grad_mean_norm: 0.563 +/- 0.000
2025-11-20 22:08:44 INFO    |  step: 51441152, training/env_grad_trvar: 53.056 +/- 0.000
2025-11-20 22:08:44 INFO    |  step: 51441152, training/env_rb_bias_squared: 1.086 +/- 0.000
2025-11-20 22:08:44 INFO    |  step: 51441152, training/log_alpha: -4.598 +/- 0.000
2025-11-20 22:08:44 INFO    |  step: 51441152, training/num_env_samples: 191.963 +/- 0.000
2025-11-20 22:08:44 INFO    |  step: 51441152, training/num_rb_samples: 64.037 +/- 0.000
2025-11-20 22:08:44 INFO    |  step: 51441152, training/rb_grad_mean_norm: 0.896 +/- 0.000
2025-11-20 22:08:44 INFO    |  step: 51441152, training/rb_grad_trvar: 49.560 +/- 0.000
2025-11-20 22:08:44 INFO    |  step: 51441152, eval/episode_reward: 237.773 +/- 0.000
2025-11-20 22:08:44 INFO    |  step: 51441152, eval/episode_success: 237.773 +/- 0.000
2025-11-20 22:08:44 INFO    |  step: 51441152, eval/episode_success_easy: 347.082 +/- 0.000
2025-11-20 22:08:44 INFO    |  step: 51441152, eval/episode_dist: 3555.079 +/- 0.000
2025-11-20 22:08:44 INFO    |  step: 51441152, eval/episode_success_any: 0.395 +/- 0.000
2025-11-20 22:08:44 INFO    |  step: 51441152, eval/episode_reward_ctrl: 0.000 +/- 0.000
2025-11-20 22:08:44 INFO    |  step: 51441152, eval/episode_reward_dist: 0.000 +/- 0.000
2025-11-20 22:08:44 INFO    |  step: 51441152, eval/episode_reward_near: 0.000 +/- 0.000
2025-11-20 22:08:44 INFO    |  step: 51441152, eval/episode_reward_survive: 0.000 +/- 0.000
2025-11-20 22:08:44 INFO    |  step: 51441152, eval/episode_success_hard: 0.000 +/- 0.000
2025-11-20 22:09:15 INFO    |  actor input shape: (10000, 31)
2025-11-20 22:09:15 INFO    |  encoder input shape: (10000, 37)
2025-11-20 22:09:15 INFO    |  encoder input shape: (10000, 2)
2025-11-20 22:09:15 INFO    |  actor input shape: (10000, 31)
2025-11-20 22:09:15 INFO    |  encoder input shape: (10000, 37)
2025-11-20 22:09:15 INFO    |  encoder input shape: (10000, 2)
2025-11-20 22:09:16 INFO    |  actor input shape: (10000, 31)
2025-11-20 22:09:16 INFO    |  encoder input shape: (10000, 37)
2025-11-20 22:09:16 INFO    |  encoder input shape: (10000, 2)
2025-11-20 22:09:16 INFO    |  Plotted visualizations at env step 51933184.0
2025-11-20 22:09:21 INFO    |  step: 51933184
2025-11-20 22:09:21 INFO    |  step: 51933184, training/sps: 15597.557 +/- 0.000
2025-11-20 22:09:21 INFO    |  step: 51933184, training/actor_loss: 3.546 +/- 0.000
2025-11-20 22:09:21 INFO    |  step: 51933184, training/adaptive_mixing_raw: 0.459 +/- 0.000
2025-11-20 22:09:21 INFO    |  step: 51933184, training/adaptive_mixing_smoothed: 0.459 +/- 0.000
2025-11-20 22:09:21 INFO    |  step: 51933184, training/alpha_loss: 0.000 +/- 0.000
2025-11-20 22:09:21 INFO    |  step: 51933184, training/critic_loss: 3.813 +/- 0.000
2025-11-20 22:09:21 INFO    |  step: 51933184, training/entropy: -3.999 +/- 0.000
2025-11-20 22:09:21 INFO    |  step: 51933184, training/env_grad_mean_norm: 0.563 +/- 0.000
2025-11-20 22:09:21 INFO    |  step: 51933184, training/env_grad_trvar: 53.352 +/- 0.000
2025-11-20 22:09:21 INFO    |  step: 51933184, training/env_rb_bias_squared: 1.094 +/- 0.000
2025-11-20 22:09:21 INFO    |  step: 51933184, training/log_alpha: -4.596 +/- 0.000
2025-11-20 22:09:21 INFO    |  step: 51933184, training/num_env_samples: 192.708 +/- 0.000
2025-11-20 22:09:21 INFO    |  step: 51933184, training/num_rb_samples: 63.292 +/- 0.000
2025-11-20 22:09:21 INFO    |  step: 51933184, training/rb_grad_mean_norm: 0.901 +/- 0.000
2025-11-20 22:09:21 INFO    |  step: 51933184, training/rb_grad_trvar: 49.392 +/- 0.000
2025-11-20 22:09:21 INFO    |  step: 51933184, eval/episode_reward: 276.461 +/- 0.000
2025-11-20 22:09:21 INFO    |  step: 51933184, eval/episode_success: 276.461 +/- 0.000
2025-11-20 22:09:21 INFO    |  step: 51933184, eval/episode_success_easy: 397.375 +/- 0.000
2025-11-20 22:09:21 INFO    |  step: 51933184, eval/episode_dist: 3204.852 +/- 0.000
2025-11-20 22:09:21 INFO    |  step: 51933184, eval/episode_success_any: 0.449 +/- 0.000
2025-11-20 22:09:21 INFO    |  step: 51933184, eval/episode_reward_ctrl: 0.000 +/- 0.000
2025-11-20 22:09:21 INFO    |  step: 51933184, eval/episode_reward_dist: 0.000 +/- 0.000
2025-11-20 22:09:21 INFO    |  step: 51933184, eval/episode_reward_near: 0.000 +/- 0.000
2025-11-20 22:09:21 INFO    |  step: 51933184, eval/episode_reward_survive: 0.000 +/- 0.000
2025-11-20 22:09:21 INFO    |  step: 51933184, eval/episode_success_hard: 0.000 +/- 0.000
2025-11-20 22:09:52 INFO    |  actor input shape: (10000, 31)
2025-11-20 22:09:52 INFO    |  encoder input shape: (10000, 37)
2025-11-20 22:09:52 INFO    |  encoder input shape: (10000, 2)
2025-11-20 22:09:52 INFO    |  actor input shape: (10000, 31)
2025-11-20 22:09:52 INFO    |  encoder input shape: (10000, 37)
2025-11-20 22:09:52 INFO    |  encoder input shape: (10000, 2)
2025-11-20 22:09:52 INFO    |  actor input shape: (10000, 31)
2025-11-20 22:09:52 INFO    |  encoder input shape: (10000, 37)
2025-11-20 22:09:52 INFO    |  encoder input shape: (10000, 2)
2025-11-20 22:09:52 INFO    |  Plotted visualizations at env step 52425216.0
2025-11-20 22:09:57 INFO    |  step: 52425216
2025-11-20 22:09:59 INFO    |  actor input shape: (1, 31)
2025-11-20 22:10:27 INFO    |  step: 52425216, training/sps: 15522.013 +/- 0.000
2025-11-20 22:10:27 INFO    |  step: 52425216, training/actor_loss: 3.557 +/- 0.000
2025-11-20 22:10:27 INFO    |  step: 52425216, training/adaptive_mixing_raw: 0.293 +/- 0.000
2025-11-20 22:10:27 INFO    |  step: 52425216, training/adaptive_mixing_smoothed: 0.293 +/- 0.000
2025-11-20 22:10:28 INFO    |  step: 52425216, training/alpha_loss: 0.000 +/- 0.000
2025-11-20 22:10:28 INFO    |  step: 52425216, training/critic_loss: 3.820 +/- 0.000
2025-11-20 22:10:28 INFO    |  step: 52425216, training/entropy: -4.000 +/- 0.000
2025-11-20 22:10:28 INFO    |  step: 52425216, training/env_grad_mean_norm: 0.566 +/- 0.000
2025-11-20 22:10:28 INFO    |  step: 52425216, training/env_grad_trvar: 53.968 +/- 0.000
2025-11-20 22:10:28 INFO    |  step: 52425216, training/env_rb_bias_squared: 1.109 +/- 0.000
2025-11-20 22:10:28 INFO    |  step: 52425216, training/log_alpha: -4.601 +/- 0.000
2025-11-20 22:10:28 INFO    |  step: 52425216, training/num_env_samples: 192.342 +/- 0.000
2025-11-20 22:10:28 INFO    |  step: 52425216, training/num_rb_samples: 63.658 +/- 0.000
2025-11-20 22:10:28 INFO    |  step: 52425216, training/rb_grad_mean_norm: 0.907 +/- 0.000
2025-11-20 22:10:28 INFO    |  step: 52425216, training/rb_grad_trvar: 50.437 +/- 0.000
2025-11-20 22:10:28 INFO    |  step: 52425216, eval/episode_reward: 192.543 +/- 0.000
2025-11-20 22:10:28 INFO    |  step: 52425216, eval/episode_success: 192.543 +/- 0.000
2025-11-20 22:10:28 INFO    |  step: 52425216, eval/episode_success_easy: 319.621 +/- 0.000
2025-11-20 22:10:28 INFO    |  step: 52425216, eval/episode_dist: 3957.256 +/- 0.000
2025-11-20 22:10:28 INFO    |  step: 52425216, eval/episode_success_any: 0.367 +/- 0.000
2025-11-20 22:10:28 INFO    |  step: 52425216, eval/episode_reward_ctrl: 0.000 +/- 0.000
2025-11-20 22:10:28 INFO    |  step: 52425216, eval/episode_reward_dist: 0.000 +/- 0.000
2025-11-20 22:10:28 INFO    |  step: 52425216, eval/episode_reward_near: 0.000 +/- 0.000
2025-11-20 22:10:28 INFO    |  step: 52425216, eval/episode_reward_survive: 0.000 +/- 0.000
2025-11-20 22:10:28 INFO    |  step: 52425216, eval/episode_success_hard: 0.000 +/- 0.000
2025-11-20 22:10:58 INFO    |  actor input shape: (10000, 31)
2025-11-20 22:10:58 INFO    |  encoder input shape: (10000, 37)
2025-11-20 22:10:58 INFO    |  encoder input shape: (10000, 2)
2025-11-20 22:10:59 INFO    |  actor input shape: (10000, 31)
2025-11-20 22:10:59 INFO    |  encoder input shape: (10000, 37)
2025-11-20 22:10:59 INFO    |  encoder input shape: (10000, 2)
2025-11-20 22:10:59 INFO    |  actor input shape: (10000, 31)
2025-11-20 22:10:59 INFO    |  encoder input shape: (10000, 37)
2025-11-20 22:10:59 INFO    |  encoder input shape: (10000, 2)
2025-11-20 22:10:59 INFO    |  Plotted visualizations at env step 52917248.0
2025-11-20 22:11:04 INFO    |  step: 52917248
2025-11-20 22:11:04 INFO    |  step: 52917248, training/sps: 15537.482 +/- 0.000
2025-11-20 22:11:04 INFO    |  step: 52917248, training/actor_loss: 3.563 +/- 0.000
2025-11-20 22:11:04 INFO    |  step: 52917248, training/adaptive_mixing_raw: 0.331 +/- 0.000
2025-11-20 22:11:04 INFO    |  step: 52917248, training/adaptive_mixing_smoothed: 0.331 +/- 0.000
2025-11-20 22:11:04 INFO    |  step: 52917248, training/alpha_loss: 0.000 +/- 0.000
2025-11-20 22:11:04 INFO    |  step: 52917248, training/critic_loss: 3.827 +/- 0.000
2025-11-20 22:11:04 INFO    |  step: 52917248, training/entropy: -3.999 +/- 0.000
2025-11-20 22:11:04 INFO    |  step: 52917248, training/env_grad_mean_norm: 0.571 +/- 0.000
2025-11-20 22:11:04 INFO    |  step: 52917248, training/env_grad_trvar: 54.696 +/- 0.000
2025-11-20 22:11:04 INFO    |  step: 52917248, training/env_rb_bias_squared: 1.111 +/- 0.000
2025-11-20 22:11:04 INFO    |  step: 52917248, training/log_alpha: -4.599 +/- 0.000
2025-11-20 22:11:04 INFO    |  step: 52917248, training/num_env_samples: 191.676 +/- 0.000
2025-11-20 22:11:04 INFO    |  step: 52917248, training/num_rb_samples: 64.324 +/- 0.000
2025-11-20 22:11:04 INFO    |  step: 52917248, training/rb_grad_mean_norm: 0.906 +/- 0.000
2025-11-20 22:11:04 INFO    |  step: 52917248, training/rb_grad_trvar: 50.809 +/- 0.000
2025-11-20 22:11:04 INFO    |  step: 52917248, eval/episode_reward: 195.082 +/- 0.000
2025-11-20 22:11:04 INFO    |  step: 52917248, eval/episode_success: 195.082 +/- 0.000
2025-11-20 22:11:04 INFO    |  step: 52917248, eval/episode_success_easy: 298.141 +/- 0.000
2025-11-20 22:11:04 INFO    |  step: 52917248, eval/episode_dist: 4111.666 +/- 0.000
2025-11-20 22:11:04 INFO    |  step: 52917248, eval/episode_success_any: 0.363 +/- 0.000
2025-11-20 22:11:04 INFO    |  step: 52917248, eval/episode_reward_ctrl: 0.000 +/- 0.000
2025-11-20 22:11:04 INFO    |  step: 52917248, eval/episode_reward_dist: 0.000 +/- 0.000
2025-11-20 22:11:04 INFO    |  step: 52917248, eval/episode_reward_near: 0.000 +/- 0.000
2025-11-20 22:11:04 INFO    |  step: 52917248, eval/episode_reward_survive: 0.000 +/- 0.000
2025-11-20 22:11:04 INFO    |  step: 52917248, eval/episode_success_hard: 0.000 +/- 0.000
2025-11-20 22:11:35 INFO    |  actor input shape: (10000, 31)
2025-11-20 22:11:35 INFO    |  encoder input shape: (10000, 37)
2025-11-20 22:11:35 INFO    |  encoder input shape: (10000, 2)
2025-11-20 22:11:35 INFO    |  actor input shape: (10000, 31)
2025-11-20 22:11:35 INFO    |  encoder input shape: (10000, 37)
2025-11-20 22:11:35 INFO    |  encoder input shape: (10000, 2)
2025-11-20 22:11:36 INFO    |  actor input shape: (10000, 31)
2025-11-20 22:11:36 INFO    |  encoder input shape: (10000, 37)
2025-11-20 22:11:36 INFO    |  encoder input shape: (10000, 2)
2025-11-20 22:11:36 INFO    |  Plotted visualizations at env step 53409280.0
2025-11-20 22:11:41 INFO    |  step: 53409280
2025-11-20 22:11:41 INFO    |  step: 53409280, training/sps: 15465.980 +/- 0.000
2025-11-20 22:11:41 INFO    |  step: 53409280, training/actor_loss: 3.553 +/- 0.000
2025-11-20 22:11:41 INFO    |  step: 53409280, training/adaptive_mixing_raw: 0.266 +/- 0.000
2025-11-20 22:11:41 INFO    |  step: 53409280, training/adaptive_mixing_smoothed: 0.266 +/- 0.000
2025-11-20 22:11:41 INFO    |  step: 53409280, training/alpha_loss: -0.000 +/- 0.000
2025-11-20 22:11:41 INFO    |  step: 53409280, training/critic_loss: 3.811 +/- 0.000
2025-11-20 22:11:41 INFO    |  step: 53409280, training/entropy: -4.001 +/- 0.000
2025-11-20 22:11:41 INFO    |  step: 53409280, training/env_grad_mean_norm: 0.565 +/- 0.000
2025-11-20 22:11:41 INFO    |  step: 53409280, training/env_grad_trvar: 53.978 +/- 0.000
2025-11-20 22:11:41 INFO    |  step: 53409280, training/env_rb_bias_squared: 1.100 +/- 0.000
2025-11-20 22:11:41 INFO    |  step: 53409280, training/log_alpha: -4.609 +/- 0.000
2025-11-20 22:11:41 INFO    |  step: 53409280, training/num_env_samples: 192.133 +/- 0.000
2025-11-20 22:11:41 INFO    |  step: 53409280, training/num_rb_samples: 63.867 +/- 0.000
2025-11-20 22:11:41 INFO    |  step: 53409280, training/rb_grad_mean_norm: 0.903 +/- 0.000
2025-11-20 22:11:41 INFO    |  step: 53409280, training/rb_grad_trvar: 50.136 +/- 0.000
2025-11-20 22:11:41 INFO    |  step: 53409280, eval/episode_reward: 195.566 +/- 0.000
2025-11-20 22:11:41 INFO    |  step: 53409280, eval/episode_success: 195.566 +/- 0.000
2025-11-20 22:11:41 INFO    |  step: 53409280, eval/episode_success_easy: 296.652 +/- 0.000
2025-11-20 22:11:41 INFO    |  step: 53409280, eval/episode_dist: 3689.822 +/- 0.000
2025-11-20 22:11:41 INFO    |  step: 53409280, eval/episode_success_any: 0.375 +/- 0.000
2025-11-20 22:11:41 INFO    |  step: 53409280, eval/episode_reward_ctrl: 0.000 +/- 0.000
2025-11-20 22:11:41 INFO    |  step: 53409280, eval/episode_reward_dist: 0.000 +/- 0.000
2025-11-20 22:11:41 INFO    |  step: 53409280, eval/episode_reward_near: 0.000 +/- 0.000
2025-11-20 22:11:41 INFO    |  step: 53409280, eval/episode_reward_survive: 0.000 +/- 0.000
2025-11-20 22:11:41 INFO    |  step: 53409280, eval/episode_success_hard: 0.000 +/- 0.000
2025-11-20 22:12:12 INFO    |  actor input shape: (10000, 31)
2025-11-20 22:12:12 INFO    |  encoder input shape: (10000, 37)
2025-11-20 22:12:12 INFO    |  encoder input shape: (10000, 2)
2025-11-20 22:12:12 INFO    |  actor input shape: (10000, 31)
2025-11-20 22:12:12 INFO    |  encoder input shape: (10000, 37)
2025-11-20 22:12:12 INFO    |  encoder input shape: (10000, 2)
2025-11-20 22:12:12 INFO    |  actor input shape: (10000, 31)
2025-11-20 22:12:12 INFO    |  encoder input shape: (10000, 37)
2025-11-20 22:12:12 INFO    |  encoder input shape: (10000, 2)
2025-11-20 22:12:12 INFO    |  Plotted visualizations at env step 53901312.0
2025-11-20 22:12:17 INFO    |  step: 53901312
2025-11-20 22:12:17 INFO    |  step: 53901312, training/sps: 15472.995 +/- 0.000
2025-11-20 22:12:17 INFO    |  step: 53901312, training/actor_loss: 3.556 +/- 0.000
2025-11-20 22:12:17 INFO    |  step: 53901312, training/adaptive_mixing_raw: 0.355 +/- 0.000
2025-11-20 22:12:17 INFO    |  step: 53901312, training/adaptive_mixing_smoothed: 0.355 +/- 0.000
2025-11-20 22:12:17 INFO    |  step: 53901312, training/alpha_loss: 0.000 +/- 0.000
2025-11-20 22:12:17 INFO    |  step: 53901312, training/critic_loss: 3.809 +/- 0.000
2025-11-20 22:12:17 INFO    |  step: 53901312, training/entropy: -4.000 +/- 0.000
2025-11-20 22:12:17 INFO    |  step: 53901312, training/env_grad_mean_norm: 0.562 +/- 0.000
2025-11-20 22:12:17 INFO    |  step: 53901312, training/env_grad_trvar: 53.232 +/- 0.000
2025-11-20 22:12:17 INFO    |  step: 53901312, training/env_rb_bias_squared: 1.089 +/- 0.000
2025-11-20 22:12:17 INFO    |  step: 53901312, training/log_alpha: -4.609 +/- 0.000
2025-11-20 22:12:17 INFO    |  step: 53901312, training/num_env_samples: 192.194 +/- 0.000
2025-11-20 22:12:17 INFO    |  step: 53901312, training/num_rb_samples: 63.806 +/- 0.000
2025-11-20 22:12:17 INFO    |  step: 53901312, training/rb_grad_mean_norm: 0.898 +/- 0.000
2025-11-20 22:12:17 INFO    |  step: 53901312, training/rb_grad_trvar: 49.492 +/- 0.000
2025-11-20 22:12:17 INFO    |  step: 53901312, eval/episode_reward: 241.395 +/- 0.000
2025-11-20 22:12:17 INFO    |  step: 53901312, eval/episode_success: 241.395 +/- 0.000
2025-11-20 22:12:17 INFO    |  step: 53901312, eval/episode_success_easy: 347.164 +/- 0.000
2025-11-20 22:12:17 INFO    |  step: 53901312, eval/episode_dist: 3987.725 +/- 0.000
2025-11-20 22:12:17 INFO    |  step: 53901312, eval/episode_success_any: 0.395 +/- 0.000
2025-11-20 22:12:17 INFO    |  step: 53901312, eval/episode_reward_ctrl: 0.000 +/- 0.000
2025-11-20 22:12:17 INFO    |  step: 53901312, eval/episode_reward_dist: 0.000 +/- 0.000
2025-11-20 22:12:17 INFO    |  step: 53901312, eval/episode_reward_near: 0.000 +/- 0.000
2025-11-20 22:12:17 INFO    |  step: 53901312, eval/episode_reward_survive: 0.000 +/- 0.000
2025-11-20 22:12:17 INFO    |  step: 53901312, eval/episode_success_hard: 0.000 +/- 0.000
2025-11-20 22:12:49 INFO    |  actor input shape: (10000, 31)
2025-11-20 22:12:49 INFO    |  encoder input shape: (10000, 37)
2025-11-20 22:12:49 INFO    |  encoder input shape: (10000, 2)
2025-11-20 22:12:49 INFO    |  actor input shape: (10000, 31)
2025-11-20 22:12:49 INFO    |  encoder input shape: (10000, 37)
2025-11-20 22:12:49 INFO    |  encoder input shape: (10000, 2)
2025-11-20 22:12:49 INFO    |  actor input shape: (10000, 31)
2025-11-20 22:12:49 INFO    |  encoder input shape: (10000, 37)
2025-11-20 22:12:49 INFO    |  encoder input shape: (10000, 2)
2025-11-20 22:12:49 INFO    |  Plotted visualizations at env step 54393344.0
2025-11-20 22:12:54 INFO    |  step: 54393344
2025-11-20 22:12:54 INFO    |  step: 54393344, training/sps: 15385.420 +/- 0.000
2025-11-20 22:12:54 INFO    |  step: 54393344, training/actor_loss: 3.564 +/- 0.000
2025-11-20 22:12:54 INFO    |  step: 54393344, training/adaptive_mixing_raw: 0.360 +/- 0.000
2025-11-20 22:12:54 INFO    |  step: 54393344, training/adaptive_mixing_smoothed: 0.360 +/- 0.000
2025-11-20 22:12:54 INFO    |  step: 54393344, training/alpha_loss: 0.000 +/- 0.000
2025-11-20 22:12:54 INFO    |  step: 54393344, training/critic_loss: 3.815 +/- 0.000
2025-11-20 22:12:54 INFO    |  step: 54393344, training/entropy: -3.999 +/- 0.000
2025-11-20 22:12:54 INFO    |  step: 54393344, training/env_grad_mean_norm: 0.560 +/- 0.000
2025-11-20 22:12:54 INFO    |  step: 54393344, training/env_grad_trvar: 53.092 +/- 0.000
2025-11-20 22:12:54 INFO    |  step: 54393344, training/env_rb_bias_squared: 1.090 +/- 0.000
2025-11-20 22:12:54 INFO    |  step: 54393344, training/log_alpha: -4.615 +/- 0.000
2025-11-20 22:12:54 INFO    |  step: 54393344, training/num_env_samples: 192.081 +/- 0.000
2025-11-20 22:12:54 INFO    |  step: 54393344, training/num_rb_samples: 63.919 +/- 0.000
2025-11-20 22:12:54 INFO    |  step: 54393344, training/rb_grad_mean_norm: 0.899 +/- 0.000
2025-11-20 22:12:54 INFO    |  step: 54393344, training/rb_grad_trvar: 49.781 +/- 0.000
2025-11-20 22:12:54 INFO    |  step: 54393344, eval/episode_reward: 262.105 +/- 0.000
2025-11-20 22:12:54 INFO    |  step: 54393344, eval/episode_success: 262.105 +/- 0.000
2025-11-20 22:12:54 INFO    |  step: 54393344, eval/episode_success_easy: 390.309 +/- 0.000
2025-11-20 22:12:54 INFO    |  step: 54393344, eval/episode_dist: 3390.126 +/- 0.000
2025-11-20 22:12:54 INFO    |  step: 54393344, eval/episode_success_any: 0.414 +/- 0.000
2025-11-20 22:12:54 INFO    |  step: 54393344, eval/episode_reward_ctrl: 0.000 +/- 0.000
2025-11-20 22:12:54 INFO    |  step: 54393344, eval/episode_reward_dist: 0.000 +/- 0.000
2025-11-20 22:12:54 INFO    |  step: 54393344, eval/episode_reward_near: 0.000 +/- 0.000
2025-11-20 22:12:54 INFO    |  step: 54393344, eval/episode_reward_survive: 0.000 +/- 0.000
2025-11-20 22:12:54 INFO    |  step: 54393344, eval/episode_success_hard: 0.000 +/- 0.000
2025-11-20 22:13:25 INFO    |  actor input shape: (10000, 31)
2025-11-20 22:13:25 INFO    |  encoder input shape: (10000, 37)
2025-11-20 22:13:25 INFO    |  encoder input shape: (10000, 2)
2025-11-20 22:13:25 INFO    |  actor input shape: (10000, 31)
2025-11-20 22:13:25 INFO    |  encoder input shape: (10000, 37)
2025-11-20 22:13:25 INFO    |  encoder input shape: (10000, 2)
2025-11-20 22:13:26 INFO    |  actor input shape: (10000, 31)
2025-11-20 22:13:26 INFO    |  encoder input shape: (10000, 37)
2025-11-20 22:13:26 INFO    |  encoder input shape: (10000, 2)
2025-11-20 22:13:26 INFO    |  Plotted visualizations at env step 54885376.0
2025-11-20 22:13:31 INFO    |  step: 54885376
2025-11-20 22:13:32 INFO    |  actor input shape: (1, 31)
2025-11-20 22:14:01 INFO    |  step: 54885376, training/sps: 15429.470 +/- 0.000
2025-11-20 22:14:01 INFO    |  step: 54885376, training/actor_loss: 3.560 +/- 0.000
2025-11-20 22:14:01 INFO    |  step: 54885376, training/adaptive_mixing_raw: 0.478 +/- 0.000
2025-11-20 22:14:01 INFO    |  step: 54885376, training/adaptive_mixing_smoothed: 0.478 +/- 0.000
2025-11-20 22:14:01 INFO    |  step: 54885376, training/alpha_loss: -0.000 +/- 0.000
2025-11-20 22:14:01 INFO    |  step: 54885376, training/critic_loss: 3.810 +/- 0.000
2025-11-20 22:14:01 INFO    |  step: 54885376, training/entropy: -4.000 +/- 0.000
2025-11-20 22:14:01 INFO    |  step: 54885376, training/env_grad_mean_norm: 0.560 +/- 0.000
2025-11-20 22:14:01 INFO    |  step: 54885376, training/env_grad_trvar: 53.736 +/- 0.000
2025-11-20 22:14:01 INFO    |  step: 54885376, training/env_rb_bias_squared: 1.120 +/- 0.000
2025-11-20 22:14:01 INFO    |  step: 54885376, training/log_alpha: -4.621 +/- 0.000
2025-11-20 22:14:01 INFO    |  step: 54885376, training/num_env_samples: 193.467 +/- 0.000
2025-11-20 22:14:01 INFO    |  step: 54885376, training/num_rb_samples: 62.533 +/- 0.000
2025-11-20 22:14:01 INFO    |  step: 54885376, training/rb_grad_mean_norm: 0.915 +/- 0.000
2025-11-20 22:14:01 INFO    |  step: 54885376, training/rb_grad_trvar: 50.475 +/- 0.000
2025-11-20 22:14:01 INFO    |  step: 54885376, eval/episode_reward: 250.898 +/- 0.000
2025-11-20 22:14:01 INFO    |  step: 54885376, eval/episode_success: 250.898 +/- 0.000
2025-11-20 22:14:01 INFO    |  step: 54885376, eval/episode_success_easy: 322.820 +/- 0.000
2025-11-20 22:14:01 INFO    |  step: 54885376, eval/episode_dist: 4118.224 +/- 0.000
2025-11-20 22:14:01 INFO    |  step: 54885376, eval/episode_success_any: 0.406 +/- 0.000
2025-11-20 22:14:01 INFO    |  step: 54885376, eval/episode_reward_ctrl: 0.000 +/- 0.000
2025-11-20 22:14:01 INFO    |  step: 54885376, eval/episode_reward_dist: 0.000 +/- 0.000
2025-11-20 22:14:01 INFO    |  step: 54885376, eval/episode_reward_near: 0.000 +/- 0.000
2025-11-20 22:14:01 INFO    |  step: 54885376, eval/episode_reward_survive: 0.000 +/- 0.000
2025-11-20 22:14:01 INFO    |  step: 54885376, eval/episode_success_hard: 0.000 +/- 0.000
2025-11-20 22:14:32 INFO    |  actor input shape: (10000, 31)
2025-11-20 22:14:32 INFO    |  encoder input shape: (10000, 37)
2025-11-20 22:14:32 INFO    |  encoder input shape: (10000, 2)
2025-11-20 22:14:32 INFO    |  actor input shape: (10000, 31)
2025-11-20 22:14:32 INFO    |  encoder input shape: (10000, 37)
2025-11-20 22:14:32 INFO    |  encoder input shape: (10000, 2)
2025-11-20 22:14:32 INFO    |  actor input shape: (10000, 31)
2025-11-20 22:14:32 INFO    |  encoder input shape: (10000, 37)
2025-11-20 22:14:32 INFO    |  encoder input shape: (10000, 2)
2025-11-20 22:14:33 INFO    |  Plotted visualizations at env step 55377408.0
2025-11-20 22:14:37 INFO    |  step: 55377408
2025-11-20 22:14:37 INFO    |  step: 55377408, training/sps: 15362.974 +/- 0.000
2025-11-20 22:14:37 INFO    |  step: 55377408, training/actor_loss: 3.555 +/- 0.000
2025-11-20 22:14:37 INFO    |  step: 55377408, training/adaptive_mixing_raw: 0.431 +/- 0.000
2025-11-20 22:14:37 INFO    |  step: 55377408, training/adaptive_mixing_smoothed: 0.431 +/- 0.000
2025-11-20 22:14:37 INFO    |  step: 55377408, training/alpha_loss: 0.000 +/- 0.000
2025-11-20 22:14:37 INFO    |  step: 55377408, training/critic_loss: 3.803 +/- 0.000
2025-11-20 22:14:37 INFO    |  step: 55377408, training/entropy: -4.000 +/- 0.000
2025-11-20 22:14:37 INFO    |  step: 55377408, training/env_grad_mean_norm: 0.560 +/- 0.000
2025-11-20 22:14:37 INFO    |  step: 55377408, training/env_grad_trvar: 53.760 +/- 0.000
2025-11-20 22:14:37 INFO    |  step: 55377408, training/env_rb_bias_squared: 1.135 +/- 0.000
2025-11-20 22:14:37 INFO    |  step: 55377408, training/log_alpha: -4.617 +/- 0.000
2025-11-20 22:14:37 INFO    |  step: 55377408, training/num_env_samples: 193.357 +/- 0.000
2025-11-20 22:14:37 INFO    |  step: 55377408, training/num_rb_samples: 62.643 +/- 0.000
2025-11-20 22:14:37 INFO    |  step: 55377408, training/rb_grad_mean_norm: 0.921 +/- 0.000
2025-11-20 22:14:37 INFO    |  step: 55377408, training/rb_grad_trvar: 51.421 +/- 0.000
2025-11-20 22:14:37 INFO    |  step: 55377408, eval/episode_reward: 242.188 +/- 0.000
2025-11-20 22:14:37 INFO    |  step: 55377408, eval/episode_success: 242.188 +/- 0.000
2025-11-20 22:14:37 INFO    |  step: 55377408, eval/episode_success_easy: 324.289 +/- 0.000
2025-11-20 22:14:37 INFO    |  step: 55377408, eval/episode_dist: 3321.419 +/- 0.000
2025-11-20 22:14:37 INFO    |  step: 55377408, eval/episode_success_any: 0.414 +/- 0.000
2025-11-20 22:14:37 INFO    |  step: 55377408, eval/episode_reward_ctrl: 0.000 +/- 0.000
2025-11-20 22:14:38 INFO    |  step: 55377408, eval/episode_reward_dist: 0.000 +/- 0.000
2025-11-20 22:14:38 INFO    |  step: 55377408, eval/episode_reward_near: 0.000 +/- 0.000
2025-11-20 22:14:38 INFO    |  step: 55377408, eval/episode_reward_survive: 0.000 +/- 0.000
2025-11-20 22:14:38 INFO    |  step: 55377408, eval/episode_success_hard: 0.000 +/- 0.000
2025-11-20 22:15:09 INFO    |  actor input shape: (10000, 31)
2025-11-20 22:15:09 INFO    |  encoder input shape: (10000, 37)
2025-11-20 22:15:09 INFO    |  encoder input shape: (10000, 2)
2025-11-20 22:15:09 INFO    |  actor input shape: (10000, 31)
2025-11-20 22:15:09 INFO    |  encoder input shape: (10000, 37)
2025-11-20 22:15:09 INFO    |  encoder input shape: (10000, 2)
2025-11-20 22:15:09 INFO    |  actor input shape: (10000, 31)
2025-11-20 22:15:09 INFO    |  encoder input shape: (10000, 37)
2025-11-20 22:15:09 INFO    |  encoder input shape: (10000, 2)
2025-11-20 22:15:10 INFO    |  Plotted visualizations at env step 55869440.0
2025-11-20 22:15:14 INFO    |  step: 55869440
2025-11-20 22:15:14 INFO    |  step: 55869440, training/sps: 15368.551 +/- 0.000
2025-11-20 22:15:14 INFO    |  step: 55869440, training/actor_loss: 3.557 +/- 0.000
2025-11-20 22:15:14 INFO    |  step: 55869440, training/adaptive_mixing_raw: 0.464 +/- 0.000
2025-11-20 22:15:14 INFO    |  step: 55869440, training/adaptive_mixing_smoothed: 0.464 +/- 0.000
2025-11-20 22:15:14 INFO    |  step: 55869440, training/alpha_loss: -0.000 +/- 0.000
2025-11-20 22:15:14 INFO    |  step: 55869440, training/critic_loss: 3.812 +/- 0.000
2025-11-20 22:15:14 INFO    |  step: 55869440, training/entropy: -4.001 +/- 0.000
2025-11-20 22:15:14 INFO    |  step: 55869440, training/env_grad_mean_norm: 0.565 +/- 0.000
2025-11-20 22:15:14 INFO    |  step: 55869440, training/env_grad_trvar: 54.487 +/- 0.000
2025-11-20 22:15:14 INFO    |  step: 55869440, training/env_rb_bias_squared: 1.142 +/- 0.000
2025-11-20 22:15:14 INFO    |  step: 55869440, training/log_alpha: -4.610 +/- 0.000
2025-11-20 22:15:14 INFO    |  step: 55869440, training/num_env_samples: 192.633 +/- 0.000
2025-11-20 22:15:14 INFO    |  step: 55869440, training/num_rb_samples: 63.367 +/- 0.000
2025-11-20 22:15:14 INFO    |  step: 55869440, training/rb_grad_mean_norm: 0.923 +/- 0.000
2025-11-20 22:15:14 INFO    |  step: 55869440, training/rb_grad_trvar: 52.117 +/- 0.000
2025-11-20 22:15:14 INFO    |  step: 55869440, eval/episode_reward: 253.320 +/- 0.000
2025-11-20 22:15:14 INFO    |  step: 55869440, eval/episode_success: 253.320 +/- 0.000
2025-11-20 22:15:14 INFO    |  step: 55869440, eval/episode_success_easy: 358.062 +/- 0.000
2025-11-20 22:15:14 INFO    |  step: 55869440, eval/episode_dist: 4323.973 +/- 0.000
2025-11-20 22:15:14 INFO    |  step: 55869440, eval/episode_success_any: 0.434 +/- 0.000
2025-11-20 22:15:14 INFO    |  step: 55869440, eval/episode_reward_ctrl: 0.000 +/- 0.000
2025-11-20 22:15:14 INFO    |  step: 55869440, eval/episode_reward_dist: 0.000 +/- 0.000
2025-11-20 22:15:14 INFO    |  step: 55869440, eval/episode_reward_near: 0.000 +/- 0.000
2025-11-20 22:15:14 INFO    |  step: 55869440, eval/episode_reward_survive: 0.000 +/- 0.000
2025-11-20 22:15:14 INFO    |  step: 55869440, eval/episode_success_hard: 0.000 +/- 0.000
2025-11-20 22:15:45 INFO    |  actor input shape: (10000, 31)
2025-11-20 22:15:45 INFO    |  encoder input shape: (10000, 37)
2025-11-20 22:15:45 INFO    |  encoder input shape: (10000, 2)
2025-11-20 22:15:46 INFO    |  actor input shape: (10000, 31)
2025-11-20 22:15:46 INFO    |  encoder input shape: (10000, 37)
2025-11-20 22:15:46 INFO    |  encoder input shape: (10000, 2)
2025-11-20 22:15:46 INFO    |  actor input shape: (10000, 31)
2025-11-20 22:15:46 INFO    |  encoder input shape: (10000, 37)
2025-11-20 22:15:46 INFO    |  encoder input shape: (10000, 2)
2025-11-20 22:15:46 INFO    |  Plotted visualizations at env step 56361472.0
2025-11-20 22:15:51 INFO    |  step: 56361472
2025-11-20 22:15:51 INFO    |  step: 56361472, training/sps: 15456.531 +/- 0.000
2025-11-20 22:15:51 INFO    |  step: 56361472, training/actor_loss: 3.561 +/- 0.000
2025-11-20 22:15:51 INFO    |  step: 56361472, training/adaptive_mixing_raw: 0.331 +/- 0.000
2025-11-20 22:15:51 INFO    |  step: 56361472, training/adaptive_mixing_smoothed: 0.331 +/- 0.000
2025-11-20 22:15:51 INFO    |  step: 56361472, training/alpha_loss: 0.000 +/- 0.000
2025-11-20 22:15:51 INFO    |  step: 56361472, training/critic_loss: 3.824 +/- 0.000
2025-11-20 22:15:51 INFO    |  step: 56361472, training/entropy: -4.000 +/- 0.000
2025-11-20 22:15:51 INFO    |  step: 56361472, training/env_grad_mean_norm: 0.571 +/- 0.000
2025-11-20 22:15:51 INFO    |  step: 56361472, training/env_grad_trvar: 55.962 +/- 0.000
2025-11-20 22:15:51 INFO    |  step: 56361472, training/env_rb_bias_squared: 1.171 +/- 0.000
2025-11-20 22:15:51 INFO    |  step: 56361472, training/log_alpha: -4.590 +/- 0.000
2025-11-20 22:15:51 INFO    |  step: 56361472, training/num_env_samples: 193.251 +/- 0.000
2025-11-20 22:15:51 INFO    |  step: 56361472, training/num_rb_samples: 62.749 +/- 0.000
2025-11-20 22:15:51 INFO    |  step: 56361472, training/rb_grad_mean_norm: 0.934 +/- 0.000
2025-11-20 22:15:51 INFO    |  step: 56361472, training/rb_grad_trvar: 52.871 +/- 0.000
2025-11-20 22:15:51 INFO    |  step: 56361472, eval/episode_reward: 272.227 +/- 0.000
2025-11-20 22:15:51 INFO    |  step: 56361472, eval/episode_success: 272.227 +/- 0.000
2025-11-20 22:15:51 INFO    |  step: 56361472, eval/episode_success_easy: 352.504 +/- 0.000
2025-11-20 22:15:51 INFO    |  step: 56361472, eval/episode_dist: 3670.840 +/- 0.000
2025-11-20 22:15:51 INFO    |  step: 56361472, eval/episode_success_any: 0.441 +/- 0.000
2025-11-20 22:15:51 INFO    |  step: 56361472, eval/episode_reward_ctrl: 0.000 +/- 0.000
2025-11-20 22:15:51 INFO    |  step: 56361472, eval/episode_reward_dist: 0.000 +/- 0.000
2025-11-20 22:15:51 INFO    |  step: 56361472, eval/episode_reward_near: 0.000 +/- 0.000
2025-11-20 22:15:51 INFO    |  step: 56361472, eval/episode_reward_survive: 0.000 +/- 0.000
2025-11-20 22:15:51 INFO    |  step: 56361472, eval/episode_success_hard: 0.000 +/- 0.000
2025-11-20 22:16:22 INFO    |  actor input shape: (10000, 31)
2025-11-20 22:16:22 INFO    |  encoder input shape: (10000, 37)
2025-11-20 22:16:22 INFO    |  encoder input shape: (10000, 2)
2025-11-20 22:16:22 INFO    |  actor input shape: (10000, 31)
2025-11-20 22:16:23 INFO    |  encoder input shape: (10000, 37)
2025-11-20 22:16:23 INFO    |  encoder input shape: (10000, 2)
2025-11-20 22:16:23 INFO    |  actor input shape: (10000, 31)
2025-11-20 22:16:23 INFO    |  encoder input shape: (10000, 37)
2025-11-20 22:16:23 INFO    |  encoder input shape: (10000, 2)
2025-11-20 22:16:23 INFO    |  Plotted visualizations at env step 56853504.0
2025-11-20 22:16:28 INFO    |  step: 56853504
2025-11-20 22:16:28 INFO    |  step: 56853504, training/sps: 15371.486 +/- 0.000
2025-11-20 22:16:28 INFO    |  step: 56853504, training/actor_loss: 3.562 +/- 0.000
2025-11-20 22:16:28 INFO    |  step: 56853504, training/adaptive_mixing_raw: 0.231 +/- 0.000
2025-11-20 22:16:28 INFO    |  step: 56853504, training/adaptive_mixing_smoothed: 0.231 +/- 0.000
2025-11-20 22:16:28 INFO    |  step: 56853504, training/alpha_loss: 0.000 +/- 0.000
2025-11-20 22:16:28 INFO    |  step: 56853504, training/critic_loss: 3.830 +/- 0.000
2025-11-20 22:16:28 INFO    |  step: 56853504, training/entropy: -4.000 +/- 0.000
2025-11-20 22:16:28 INFO    |  step: 56853504, training/env_grad_mean_norm: 0.577 +/- 0.000
2025-11-20 22:16:28 INFO    |  step: 56853504, training/env_grad_trvar: 56.424 +/- 0.000
2025-11-20 22:16:28 INFO    |  step: 56853504, training/env_rb_bias_squared: 1.164 +/- 0.000
2025-11-20 22:16:28 INFO    |  step: 56853504, training/log_alpha: -4.587 +/- 0.000
2025-11-20 22:16:28 INFO    |  step: 56853504, training/num_env_samples: 192.521 +/- 0.000
2025-11-20 22:16:28 INFO    |  step: 56853504, training/num_rb_samples: 63.479 +/- 0.000
2025-11-20 22:16:28 INFO    |  step: 56853504, training/rb_grad_mean_norm: 0.928 +/- 0.000
2025-11-20 22:16:28 INFO    |  step: 56853504, training/rb_grad_trvar: 52.860 +/- 0.000
2025-11-20 22:16:28 INFO    |  step: 56853504, eval/episode_reward: 269.906 +/- 0.000
2025-11-20 22:16:28 INFO    |  step: 56853504, eval/episode_success: 269.906 +/- 0.000
2025-11-20 22:16:28 INFO    |  step: 56853504, eval/episode_success_easy: 376.598 +/- 0.000
2025-11-20 22:16:28 INFO    |  step: 56853504, eval/episode_dist: 3505.673 +/- 0.000
2025-11-20 22:16:28 INFO    |  step: 56853504, eval/episode_success_any: 0.449 +/- 0.000
2025-11-20 22:16:28 INFO    |  step: 56853504, eval/episode_reward_ctrl: 0.000 +/- 0.000
2025-11-20 22:16:28 INFO    |  step: 56853504, eval/episode_reward_dist: 0.000 +/- 0.000
2025-11-20 22:16:28 INFO    |  step: 56853504, eval/episode_reward_near: 0.000 +/- 0.000
2025-11-20 22:16:28 INFO    |  step: 56853504, eval/episode_reward_survive: 0.000 +/- 0.000
2025-11-20 22:16:28 INFO    |  step: 56853504, eval/episode_success_hard: 0.000 +/- 0.000
2025-11-20 22:16:59 INFO    |  actor input shape: (10000, 31)
2025-11-20 22:16:59 INFO    |  encoder input shape: (10000, 37)
2025-11-20 22:16:59 INFO    |  encoder input shape: (10000, 2)
2025-11-20 22:16:59 INFO    |  actor input shape: (10000, 31)
2025-11-20 22:16:59 INFO    |  encoder input shape: (10000, 37)
2025-11-20 22:16:59 INFO    |  encoder input shape: (10000, 2)
2025-11-20 22:17:00 INFO    |  actor input shape: (10000, 31)
2025-11-20 22:17:00 INFO    |  encoder input shape: (10000, 37)
2025-11-20 22:17:00 INFO    |  encoder input shape: (10000, 2)
2025-11-20 22:17:00 INFO    |  Plotted visualizations at env step 57345536.0
2025-11-20 22:17:05 INFO    |  step: 57345536
2025-11-20 22:17:06 INFO    |  actor input shape: (1, 31)
2025-11-20 22:17:34 INFO    |  step: 57345536, training/sps: 15362.123 +/- 0.000
2025-11-20 22:17:34 INFO    |  step: 57345536, training/actor_loss: 3.569 +/- 0.000
2025-11-20 22:17:34 INFO    |  step: 57345536, training/adaptive_mixing_raw: 0.322 +/- 0.000
2025-11-20 22:17:34 INFO    |  step: 57345536, training/adaptive_mixing_smoothed: 0.322 +/- 0.000
2025-11-20 22:17:34 INFO    |  step: 57345536, training/alpha_loss: -0.000 +/- 0.000
2025-11-20 22:17:34 INFO    |  step: 57345536, training/critic_loss: 3.831 +/- 0.000
2025-11-20 22:17:34 INFO    |  step: 57345536, training/entropy: -4.000 +/- 0.000
2025-11-20 22:17:34 INFO    |  step: 57345536, training/env_grad_mean_norm: 0.580 +/- 0.000
2025-11-20 22:17:34 INFO    |  step: 57345536, training/env_grad_trvar: 56.742 +/- 0.000
2025-11-20 22:17:34 INFO    |  step: 57345536, training/env_rb_bias_squared: 1.148 +/- 0.000
2025-11-20 22:17:34 INFO    |  step: 57345536, training/log_alpha: -4.584 +/- 0.000
2025-11-20 22:17:34 INFO    |  step: 57345536, training/num_env_samples: 191.722 +/- 0.000
2025-11-20 22:17:34 INFO    |  step: 57345536, training/num_rb_samples: 64.278 +/- 0.000
2025-11-20 22:17:34 INFO    |  step: 57345536, training/rb_grad_mean_norm: 0.918 +/- 0.000
2025-11-20 22:17:34 INFO    |  step: 57345536, training/rb_grad_trvar: 52.322 +/- 0.000
2025-11-20 22:17:34 INFO    |  step: 57345536, eval/episode_reward: 240.633 +/- 0.000
2025-11-20 22:17:34 INFO    |  step: 57345536, eval/episode_success: 240.633 +/- 0.000
2025-11-20 22:17:34 INFO    |  step: 57345536, eval/episode_success_easy: 312.938 +/- 0.000
2025-11-20 22:17:34 INFO    |  step: 57345536, eval/episode_dist: 4634.109 +/- 0.000
2025-11-20 22:17:34 INFO    |  step: 57345536, eval/episode_success_any: 0.383 +/- 0.000
2025-11-20 22:17:34 INFO    |  step: 57345536, eval/episode_reward_ctrl: 0.000 +/- 0.000
2025-11-20 22:17:34 INFO    |  step: 57345536, eval/episode_reward_dist: 0.000 +/- 0.000
2025-11-20 22:17:34 INFO    |  step: 57345536, eval/episode_reward_near: 0.000 +/- 0.000
2025-11-20 22:17:34 INFO    |  step: 57345536, eval/episode_reward_survive: 0.000 +/- 0.000
2025-11-20 22:17:34 INFO    |  step: 57345536, eval/episode_success_hard: 0.000 +/- 0.000
2025-11-20 22:18:05 INFO    |  actor input shape: (10000, 31)
2025-11-20 22:18:05 INFO    |  encoder input shape: (10000, 37)
2025-11-20 22:18:05 INFO    |  encoder input shape: (10000, 2)
2025-11-20 22:18:06 INFO    |  actor input shape: (10000, 31)
2025-11-20 22:18:06 INFO    |  encoder input shape: (10000, 37)
2025-11-20 22:18:06 INFO    |  encoder input shape: (10000, 2)
2025-11-20 22:18:06 INFO    |  actor input shape: (10000, 31)
2025-11-20 22:18:06 INFO    |  encoder input shape: (10000, 37)
2025-11-20 22:18:06 INFO    |  encoder input shape: (10000, 2)
2025-11-20 22:18:06 INFO    |  Plotted visualizations at env step 57837568.0
2025-11-20 22:18:11 INFO    |  step: 57837568
2025-11-20 22:18:11 INFO    |  step: 57837568, training/sps: 15363.212 +/- 0.000
2025-11-20 22:18:11 INFO    |  step: 57837568, training/actor_loss: 3.565 +/- 0.000
2025-11-20 22:18:11 INFO    |  step: 57837568, training/adaptive_mixing_raw: 0.226 +/- 0.000
2025-11-20 22:18:11 INFO    |  step: 57837568, training/adaptive_mixing_smoothed: 0.226 +/- 0.000
2025-11-20 22:18:11 INFO    |  step: 57837568, training/alpha_loss: 0.000 +/- 0.000
2025-11-20 22:18:11 INFO    |  step: 57837568, training/critic_loss: 3.833 +/- 0.000
2025-11-20 22:18:11 INFO    |  step: 57837568, training/entropy: -3.999 +/- 0.000
2025-11-20 22:18:11 INFO    |  step: 57837568, training/env_grad_mean_norm: 0.593 +/- 0.000
2025-11-20 22:18:11 INFO    |  step: 57837568, training/env_grad_trvar: 58.858 +/- 0.000
2025-11-20 22:18:11 INFO    |  step: 57837568, training/env_rb_bias_squared: 1.177 +/- 0.000
2025-11-20 22:18:11 INFO    |  step: 57837568, training/log_alpha: -4.585 +/- 0.000
2025-11-20 22:18:11 INFO    |  step: 57837568, training/num_env_samples: 191.545 +/- 0.000
2025-11-20 22:18:11 INFO    |  step: 57837568, training/num_rb_samples: 64.455 +/- 0.000
2025-11-20 22:18:11 INFO    |  step: 57837568, training/rb_grad_mean_norm: 0.929 +/- 0.000
2025-11-20 22:18:11 INFO    |  step: 57837568, training/rb_grad_trvar: 53.584 +/- 0.000
2025-11-20 22:18:11 INFO    |  step: 57837568, eval/episode_reward: 339.508 +/- 0.000
2025-11-20 22:18:11 INFO    |  step: 57837568, eval/episode_success: 339.508 +/- 0.000
2025-11-20 22:18:11 INFO    |  step: 57837568, eval/episode_success_easy: 421.289 +/- 0.000
2025-11-20 22:18:11 INFO    |  step: 57837568, eval/episode_dist: 3594.702 +/- 0.000
2025-11-20 22:18:11 INFO    |  step: 57837568, eval/episode_success_any: 0.500 +/- 0.000
2025-11-20 22:18:11 INFO    |  step: 57837568, eval/episode_reward_ctrl: 0.000 +/- 0.000
2025-11-20 22:18:11 INFO    |  step: 57837568, eval/episode_reward_dist: 0.000 +/- 0.000
2025-11-20 22:18:11 INFO    |  step: 57837568, eval/episode_reward_near: 0.000 +/- 0.000
2025-11-20 22:18:11 INFO    |  step: 57837568, eval/episode_reward_survive: 0.000 +/- 0.000
2025-11-20 22:18:11 INFO    |  step: 57837568, eval/episode_success_hard: 0.000 +/- 0.000
2025-11-20 22:18:42 INFO    |  actor input shape: (10000, 31)
2025-11-20 22:18:42 INFO    |  encoder input shape: (10000, 37)
2025-11-20 22:18:42 INFO    |  encoder input shape: (10000, 2)
2025-11-20 22:18:42 INFO    |  actor input shape: (10000, 31)
2025-11-20 22:18:42 INFO    |  encoder input shape: (10000, 37)
2025-11-20 22:18:42 INFO    |  encoder input shape: (10000, 2)
2025-11-20 22:18:42 INFO    |  actor input shape: (10000, 31)
2025-11-20 22:18:42 INFO    |  encoder input shape: (10000, 37)
2025-11-20 22:18:42 INFO    |  encoder input shape: (10000, 2)
2025-11-20 22:18:43 INFO    |  Plotted visualizations at env step 58329600.0
2025-11-20 22:18:47 INFO    |  step: 58329600
2025-11-20 22:18:47 INFO    |  step: 58329600, training/sps: 15487.688 +/- 0.000
2025-11-20 22:18:47 INFO    |  step: 58329600, training/actor_loss: 3.550 +/- 0.000
2025-11-20 22:18:47 INFO    |  step: 58329600, training/adaptive_mixing_raw: 0.165 +/- 0.000
2025-11-20 22:18:47 INFO    |  step: 58329600, training/adaptive_mixing_smoothed: 0.165 +/- 0.000
2025-11-20 22:18:47 INFO    |  step: 58329600, training/alpha_loss: -0.000 +/- 0.000
2025-11-20 22:18:47 INFO    |  step: 58329600, training/critic_loss: 3.812 +/- 0.000
2025-11-20 22:18:47 INFO    |  step: 58329600, training/entropy: -4.001 +/- 0.000
2025-11-20 22:18:47 INFO    |  step: 58329600, training/env_grad_mean_norm: 0.597 +/- 0.000
2025-11-20 22:18:47 INFO    |  step: 58329600, training/env_grad_trvar: 59.655 +/- 0.000
2025-11-20 22:18:47 INFO    |  step: 58329600, training/env_rb_bias_squared: 1.195 +/- 0.000
2025-11-20 22:18:47 INFO    |  step: 58329600, training/log_alpha: -4.585 +/- 0.000
2025-11-20 22:18:47 INFO    |  step: 58329600, training/num_env_samples: 192.060 +/- 0.000
2025-11-20 22:18:47 INFO    |  step: 58329600, training/num_rb_samples: 63.940 +/- 0.000
2025-11-20 22:18:47 INFO    |  step: 58329600, training/rb_grad_mean_norm: 0.937 +/- 0.000
2025-11-20 22:18:47 INFO    |  step: 58329600, training/rb_grad_trvar: 54.004 +/- 0.000
2025-11-20 22:18:47 INFO    |  step: 58329600, eval/episode_reward: 203.719 +/- 0.000
2025-11-20 22:18:47 INFO    |  step: 58329600, eval/episode_success: 203.719 +/- 0.000
2025-11-20 22:18:47 INFO    |  step: 58329600, eval/episode_success_easy: 257.863 +/- 0.000
2025-11-20 22:18:47 INFO    |  step: 58329600, eval/episode_dist: 4779.173 +/- 0.000
2025-11-20 22:18:47 INFO    |  step: 58329600, eval/episode_success_any: 0.301 +/- 0.000
2025-11-20 22:18:47 INFO    |  step: 58329600, eval/episode_reward_ctrl: 0.000 +/- 0.000
2025-11-20 22:18:47 INFO    |  step: 58329600, eval/episode_reward_dist: 0.000 +/- 0.000
2025-11-20 22:18:47 INFO    |  step: 58329600, eval/episode_reward_near: 0.000 +/- 0.000
2025-11-20 22:18:47 INFO    |  step: 58329600, eval/episode_reward_survive: 0.000 +/- 0.000
2025-11-20 22:18:47 INFO    |  step: 58329600, eval/episode_success_hard: 0.000 +/- 0.000
2025-11-20 22:19:18 INFO    |  actor input shape: (10000, 31)
2025-11-20 22:19:18 INFO    |  encoder input shape: (10000, 37)
2025-11-20 22:19:18 INFO    |  encoder input shape: (10000, 2)
2025-11-20 22:19:18 INFO    |  actor input shape: (10000, 31)
2025-11-20 22:19:18 INFO    |  encoder input shape: (10000, 37)
2025-11-20 22:19:18 INFO    |  encoder input shape: (10000, 2)
2025-11-20 22:19:19 INFO    |  actor input shape: (10000, 31)
2025-11-20 22:19:19 INFO    |  encoder input shape: (10000, 37)
2025-11-20 22:19:19 INFO    |  encoder input shape: (10000, 2)
2025-11-20 22:19:19 INFO    |  Plotted visualizations at env step 58821632.0
2025-11-20 22:19:24 INFO    |  step: 58821632
2025-11-20 22:19:24 INFO    |  step: 58821632, training/sps: 15696.896 +/- 0.000
2025-11-20 22:19:24 INFO    |  step: 58821632, training/actor_loss: 3.533 +/- 0.000
2025-11-20 22:19:24 INFO    |  step: 58821632, training/adaptive_mixing_raw: 0.391 +/- 0.000
2025-11-20 22:19:24 INFO    |  step: 58821632, training/adaptive_mixing_smoothed: 0.391 +/- 0.000
2025-11-20 22:19:24 INFO    |  step: 58821632, training/alpha_loss: -0.000 +/- 0.000
2025-11-20 22:19:24 INFO    |  step: 58821632, training/critic_loss: 3.800 +/- 0.000
2025-11-20 22:19:24 INFO    |  step: 58821632, training/entropy: -4.000 +/- 0.000
2025-11-20 22:19:24 INFO    |  step: 58821632, training/env_grad_mean_norm: 0.604 +/- 0.000
2025-11-20 22:19:24 INFO    |  step: 58821632, training/env_grad_trvar: 60.401 +/- 0.000
2025-11-20 22:19:24 INFO    |  step: 58821632, training/env_rb_bias_squared: 1.210 +/- 0.000
2025-11-20 22:19:24 INFO    |  step: 58821632, training/log_alpha: -4.575 +/- 0.000
2025-11-20 22:19:24 INFO    |  step: 58821632, training/num_env_samples: 192.170 +/- 0.000
2025-11-20 22:19:24 INFO    |  step: 58821632, training/num_rb_samples: 63.830 +/- 0.000
2025-11-20 22:19:24 INFO    |  step: 58821632, training/rb_grad_mean_norm: 0.942 +/- 0.000
2025-11-20 22:19:24 INFO    |  step: 58821632, training/rb_grad_trvar: 54.496 +/- 0.000
2025-11-20 22:19:24 INFO    |  step: 58821632, eval/episode_reward: 177.484 +/- 0.000
2025-11-20 22:19:24 INFO    |  step: 58821632, eval/episode_success: 177.484 +/- 0.000
2025-11-20 22:19:24 INFO    |  step: 58821632, eval/episode_success_easy: 280.676 +/- 0.000
2025-11-20 22:19:24 INFO    |  step: 58821632, eval/episode_dist: 4581.651 +/- 0.000
2025-11-20 22:19:24 INFO    |  step: 58821632, eval/episode_success_any: 0.363 +/- 0.000
2025-11-20 22:19:24 INFO    |  step: 58821632, eval/episode_reward_ctrl: 0.000 +/- 0.000
2025-11-20 22:19:24 INFO    |  step: 58821632, eval/episode_reward_dist: 0.000 +/- 0.000
2025-11-20 22:19:24 INFO    |  step: 58821632, eval/episode_reward_near: 0.000 +/- 0.000
2025-11-20 22:19:24 INFO    |  step: 58821632, eval/episode_reward_survive: 0.000 +/- 0.000
2025-11-20 22:19:24 INFO    |  step: 58821632, eval/episode_success_hard: 0.000 +/- 0.000
2025-11-20 22:19:54 INFO    |  actor input shape: (10000, 31)
2025-11-20 22:19:54 INFO    |  encoder input shape: (10000, 37)
2025-11-20 22:19:54 INFO    |  encoder input shape: (10000, 2)
2025-11-20 22:19:54 INFO    |  actor input shape: (10000, 31)
2025-11-20 22:19:54 INFO    |  encoder input shape: (10000, 37)
2025-11-20 22:19:54 INFO    |  encoder input shape: (10000, 2)
2025-11-20 22:19:55 INFO    |  actor input shape: (10000, 31)
2025-11-20 22:19:55 INFO    |  encoder input shape: (10000, 37)
2025-11-20 22:19:55 INFO    |  encoder input shape: (10000, 2)
2025-11-20 22:19:55 INFO    |  Plotted visualizations at env step 59313664.0
2025-11-20 22:20:00 INFO    |  step: 59313664
2025-11-20 22:20:00 INFO    |  step: 59313664, training/sps: 15768.665 +/- 0.000
2025-11-20 22:20:00 INFO    |  step: 59313664, training/actor_loss: 3.533 +/- 0.000
2025-11-20 22:20:00 INFO    |  step: 59313664, training/adaptive_mixing_raw: 0.233 +/- 0.000
2025-11-20 22:20:00 INFO    |  step: 59313664, training/adaptive_mixing_smoothed: 0.233 +/- 0.000
2025-11-20 22:20:00 INFO    |  step: 59313664, training/alpha_loss: 0.000 +/- 0.000
2025-11-20 22:20:00 INFO    |  step: 59313664, training/critic_loss: 3.798 +/- 0.000
2025-11-20 22:20:00 INFO    |  step: 59313664, training/entropy: -4.000 +/- 0.000
2025-11-20 22:20:00 INFO    |  step: 59313664, training/env_grad_mean_norm: 0.609 +/- 0.000
2025-11-20 22:20:00 INFO    |  step: 59313664, training/env_grad_trvar: 61.312 +/- 0.000
2025-11-20 22:20:00 INFO    |  step: 59313664, training/env_rb_bias_squared: 1.207 +/- 0.000
2025-11-20 22:20:00 INFO    |  step: 59313664, training/log_alpha: -4.580 +/- 0.000
2025-11-20 22:20:00 INFO    |  step: 59313664, training/num_env_samples: 191.444 +/- 0.000
2025-11-20 22:20:00 INFO    |  step: 59313664, training/num_rb_samples: 64.556 +/- 0.000
2025-11-20 22:20:00 INFO    |  step: 59313664, training/rb_grad_mean_norm: 0.937 +/- 0.000
2025-11-20 22:20:00 INFO    |  step: 59313664, training/rb_grad_trvar: 54.576 +/- 0.000
2025-11-20 22:20:00 INFO    |  step: 59313664, eval/episode_reward: 231.402 +/- 0.000
2025-11-20 22:20:00 INFO    |  step: 59313664, eval/episode_success: 231.402 +/- 0.000
2025-11-20 22:20:00 INFO    |  step: 59313664, eval/episode_success_easy: 377.586 +/- 0.000
2025-11-20 22:20:00 INFO    |  step: 59313664, eval/episode_dist: 4194.611 +/- 0.000
2025-11-20 22:20:00 INFO    |  step: 59313664, eval/episode_success_any: 0.418 +/- 0.000
2025-11-20 22:20:00 INFO    |  step: 59313664, eval/episode_reward_ctrl: 0.000 +/- 0.000
2025-11-20 22:20:00 INFO    |  step: 59313664, eval/episode_reward_dist: 0.000 +/- 0.000
2025-11-20 22:20:00 INFO    |  step: 59313664, eval/episode_reward_near: 0.000 +/- 0.000
2025-11-20 22:20:00 INFO    |  step: 59313664, eval/episode_reward_survive: 0.000 +/- 0.000
2025-11-20 22:20:00 INFO    |  step: 59313664, eval/episode_success_hard: 0.000 +/- 0.000
2025-11-20 22:20:30 INFO    |  actor input shape: (10000, 31)
2025-11-20 22:20:30 INFO    |  encoder input shape: (10000, 37)
2025-11-20 22:20:30 INFO    |  encoder input shape: (10000, 2)
2025-11-20 22:20:30 INFO    |  actor input shape: (10000, 31)
2025-11-20 22:20:30 INFO    |  encoder input shape: (10000, 37)
2025-11-20 22:20:30 INFO    |  encoder input shape: (10000, 2)
2025-11-20 22:20:31 INFO    |  actor input shape: (10000, 31)
2025-11-20 22:20:31 INFO    |  encoder input shape: (10000, 37)
2025-11-20 22:20:31 INFO    |  encoder input shape: (10000, 2)
2025-11-20 22:20:31 INFO    |  Plotted visualizations at env step 59805696.0
2025-11-20 22:20:36 INFO    |  step: 59805696
2025-11-20 22:20:37 INFO    |  actor input shape: (1, 31)
2025-11-20 22:21:06 INFO    |  step: 59805696, training/sps: 15706.565 +/- 0.000
2025-11-20 22:21:06 INFO    |  step: 59805696, training/actor_loss: 3.518 +/- 0.000
2025-11-20 22:21:06 INFO    |  step: 59805696, training/adaptive_mixing_raw: 0.220 +/- 0.000
2025-11-20 22:21:06 INFO    |  step: 59805696, training/adaptive_mixing_smoothed: 0.220 +/- 0.000
2025-11-20 22:21:06 INFO    |  step: 59805696, training/alpha_loss: -0.000 +/- 0.000
2025-11-20 22:21:06 INFO    |  step: 59805696, training/critic_loss: 3.777 +/- 0.000
2025-11-20 22:21:06 INFO    |  step: 59805696, training/entropy: -4.001 +/- 0.000
2025-11-20 22:21:06 INFO    |  step: 59805696, training/env_grad_mean_norm: 0.610 +/- 0.000
2025-11-20 22:21:06 INFO    |  step: 59805696, training/env_grad_trvar: 61.243 +/- 0.000
2025-11-20 22:21:06 INFO    |  step: 59805696, training/env_rb_bias_squared: 1.208 +/- 0.000
2025-11-20 22:21:06 INFO    |  step: 59805696, training/log_alpha: -4.572 +/- 0.000
2025-11-20 22:21:06 INFO    |  step: 59805696, training/num_env_samples: 191.741 +/- 0.000
2025-11-20 22:21:06 INFO    |  step: 59805696, training/num_rb_samples: 64.259 +/- 0.000
2025-11-20 22:21:06 INFO    |  step: 59805696, training/rb_grad_mean_norm: 0.934 +/- 0.000
2025-11-20 22:21:06 INFO    |  step: 59805696, training/rb_grad_trvar: 54.347 +/- 0.000
2025-11-20 22:21:06 INFO    |  step: 59805696, eval/episode_reward: 199.297 +/- 0.000
2025-11-20 22:21:06 INFO    |  step: 59805696, eval/episode_success: 199.297 +/- 0.000
2025-11-20 22:21:06 INFO    |  step: 59805696, eval/episode_success_easy: 291.098 +/- 0.000
2025-11-20 22:21:06 INFO    |  step: 59805696, eval/episode_dist: 4623.860 +/- 0.000
2025-11-20 22:21:06 INFO    |  step: 59805696, eval/episode_success_any: 0.336 +/- 0.000
2025-11-20 22:21:06 INFO    |  step: 59805696, eval/episode_reward_ctrl: 0.000 +/- 0.000
2025-11-20 22:21:06 INFO    |  step: 59805696, eval/episode_reward_dist: 0.000 +/- 0.000
2025-11-20 22:21:06 INFO    |  step: 59805696, eval/episode_reward_near: 0.000 +/- 0.000
2025-11-20 22:21:06 INFO    |  step: 59805696, eval/episode_reward_survive: 0.000 +/- 0.000
2025-11-20 22:21:06 INFO    |  step: 59805696, eval/episode_success_hard: 0.000 +/- 0.000
2025-11-20 22:21:37 INFO    |  actor input shape: (10000, 31)
2025-11-20 22:21:37 INFO    |  encoder input shape: (10000, 37)
2025-11-20 22:21:37 INFO    |  encoder input shape: (10000, 2)
2025-11-20 22:21:37 INFO    |  actor input shape: (10000, 31)
2025-11-20 22:21:37 INFO    |  encoder input shape: (10000, 37)
2025-11-20 22:21:37 INFO    |  encoder input shape: (10000, 2)
2025-11-20 22:21:38 INFO    |  actor input shape: (10000, 31)
2025-11-20 22:21:38 INFO    |  encoder input shape: (10000, 37)
2025-11-20 22:21:38 INFO    |  encoder input shape: (10000, 2)
2025-11-20 22:21:38 INFO    |  Plotted visualizations at env step 60297728.0
2025-11-20 22:21:43 INFO    |  step: 60297728
2025-11-20 22:21:43 INFO    |  step: 60297728, training/sps: 15678.132 +/- 0.000
2025-11-20 22:21:43 INFO    |  step: 60297728, training/actor_loss: 3.510 +/- 0.000
2025-11-20 22:21:43 INFO    |  step: 60297728, training/adaptive_mixing_raw: 0.224 +/- 0.000
2025-11-20 22:21:43 INFO    |  step: 60297728, training/adaptive_mixing_smoothed: 0.224 +/- 0.000
2025-11-20 22:21:43 INFO    |  step: 60297728, training/alpha_loss: 0.000 +/- 0.000
2025-11-20 22:21:43 INFO    |  step: 60297728, training/critic_loss: 3.773 +/- 0.000
2025-11-20 22:21:43 INFO    |  step: 60297728, training/entropy: -3.999 +/- 0.000
2025-11-20 22:21:43 INFO    |  step: 60297728, training/env_grad_mean_norm: 0.614 +/- 0.000
2025-11-20 22:21:43 INFO    |  step: 60297728, training/env_grad_trvar: 62.518 +/- 0.000
2025-11-20 22:21:43 INFO    |  step: 60297728, training/env_rb_bias_squared: 1.241 +/- 0.000
2025-11-20 22:21:43 INFO    |  step: 60297728, training/log_alpha: -4.562 +/- 0.000
2025-11-20 22:21:43 INFO    |  step: 60297728, training/num_env_samples: 192.096 +/- 0.000
2025-11-20 22:21:43 INFO    |  step: 60297728, training/num_rb_samples: 63.904 +/- 0.000
2025-11-20 22:21:43 INFO    |  step: 60297728, training/rb_grad_mean_norm: 0.951 +/- 0.000
2025-11-20 22:21:43 INFO    |  step: 60297728, training/rb_grad_trvar: 55.739 +/- 0.000
2025-11-20 22:21:43 INFO    |  step: 60297728, eval/episode_reward: 232.609 +/- 0.000
2025-11-20 22:21:43 INFO    |  step: 60297728, eval/episode_success: 232.609 +/- 0.000
2025-11-20 22:21:43 INFO    |  step: 60297728, eval/episode_success_easy: 322.074 +/- 0.000
2025-11-20 22:21:43 INFO    |  step: 60297728, eval/episode_dist: 3840.519 +/- 0.000
2025-11-20 22:21:43 INFO    |  step: 60297728, eval/episode_success_any: 0.348 +/- 0.000
2025-11-20 22:21:43 INFO    |  step: 60297728, eval/episode_reward_ctrl: 0.000 +/- 0.000
2025-11-20 22:21:43 INFO    |  step: 60297728, eval/episode_reward_dist: 0.000 +/- 0.000
2025-11-20 22:21:43 INFO    |  step: 60297728, eval/episode_reward_near: 0.000 +/- 0.000
2025-11-20 22:21:43 INFO    |  step: 60297728, eval/episode_reward_survive: 0.000 +/- 0.000
2025-11-20 22:21:43 INFO    |  step: 60297728, eval/episode_success_hard: 0.000 +/- 0.000
2025-11-20 22:22:13 INFO    |  actor input shape: (10000, 31)
2025-11-20 22:22:13 INFO    |  encoder input shape: (10000, 37)
2025-11-20 22:22:13 INFO    |  encoder input shape: (10000, 2)
2025-11-20 22:22:13 INFO    |  actor input shape: (10000, 31)
2025-11-20 22:22:13 INFO    |  encoder input shape: (10000, 37)
2025-11-20 22:22:13 INFO    |  encoder input shape: (10000, 2)
2025-11-20 22:22:13 INFO    |  actor input shape: (10000, 31)
2025-11-20 22:22:13 INFO    |  encoder input shape: (10000, 37)
2025-11-20 22:22:13 INFO    |  encoder input shape: (10000, 2)
2025-11-20 22:22:14 INFO    |  Plotted visualizations at env step 60789760.0
2025-11-20 22:22:18 INFO    |  step: 60789760
2025-11-20 22:22:18 INFO    |  step: 60789760, training/sps: 15852.675 +/- 0.000
2025-11-20 22:22:18 INFO    |  step: 60789760, training/actor_loss: 3.508 +/- 0.000
2025-11-20 22:22:18 INFO    |  step: 60789760, training/adaptive_mixing_raw: 0.289 +/- 0.000
2025-11-20 22:22:18 INFO    |  step: 60789760, training/adaptive_mixing_smoothed: 0.289 +/- 0.000
2025-11-20 22:22:18 INFO    |  step: 60789760, training/alpha_loss: 0.000 +/- 0.000
2025-11-20 22:22:18 INFO    |  step: 60789760, training/critic_loss: 3.779 +/- 0.000
2025-11-20 22:22:18 INFO    |  step: 60789760, training/entropy: -4.000 +/- 0.000
2025-11-20 22:22:18 INFO    |  step: 60789760, training/env_grad_mean_norm: 0.610 +/- 0.000
2025-11-20 22:22:18 INFO    |  step: 60789760, training/env_grad_trvar: 61.240 +/- 0.000
2025-11-20 22:22:18 INFO    |  step: 60789760, training/env_rb_bias_squared: 1.215 +/- 0.000
2025-11-20 22:22:18 INFO    |  step: 60789760, training/log_alpha: -4.561 +/- 0.000
2025-11-20 22:22:18 INFO    |  step: 60789760, training/num_env_samples: 191.653 +/- 0.000
2025-11-20 22:22:18 INFO    |  step: 60789760, training/num_rb_samples: 64.347 +/- 0.000
2025-11-20 22:22:18 INFO    |  step: 60789760, training/rb_grad_mean_norm: 0.940 +/- 0.000
2025-11-20 22:22:18 INFO    |  step: 60789760, training/rb_grad_trvar: 54.837 +/- 0.000
2025-11-20 22:22:18 INFO    |  step: 60789760, eval/episode_reward: 272.875 +/- 0.000
2025-11-20 22:22:18 INFO    |  step: 60789760, eval/episode_success: 272.875 +/- 0.000
2025-11-20 22:22:18 INFO    |  step: 60789760, eval/episode_success_easy: 334.430 +/- 0.000
2025-11-20 22:22:18 INFO    |  step: 60789760, eval/episode_dist: 3621.911 +/- 0.000
2025-11-20 22:22:18 INFO    |  step: 60789760, eval/episode_success_any: 0.434 +/- 0.000
2025-11-20 22:22:18 INFO    |  step: 60789760, eval/episode_reward_ctrl: 0.000 +/- 0.000
2025-11-20 22:22:18 INFO    |  step: 60789760, eval/episode_reward_dist: 0.000 +/- 0.000
2025-11-20 22:22:18 INFO    |  step: 60789760, eval/episode_reward_near: 0.000 +/- 0.000
2025-11-20 22:22:18 INFO    |  step: 60789760, eval/episode_reward_survive: 0.000 +/- 0.000
2025-11-20 22:22:18 INFO    |  step: 60789760, eval/episode_success_hard: 0.000 +/- 0.000
2025-11-20 22:22:49 INFO    |  actor input shape: (10000, 31)
2025-11-20 22:22:49 INFO    |  encoder input shape: (10000, 37)
2025-11-20 22:22:49 INFO    |  encoder input shape: (10000, 2)
2025-11-20 22:22:49 INFO    |  actor input shape: (10000, 31)
2025-11-20 22:22:49 INFO    |  encoder input shape: (10000, 37)
2025-11-20 22:22:49 INFO    |  encoder input shape: (10000, 2)
2025-11-20 22:22:49 INFO    |  actor input shape: (10000, 31)
2025-11-20 22:22:49 INFO    |  encoder input shape: (10000, 37)
2025-11-20 22:22:49 INFO    |  encoder input shape: (10000, 2)
2025-11-20 22:22:50 INFO    |  Plotted visualizations at env step 61281792.0
2025-11-20 22:22:54 INFO    |  step: 61281792
2025-11-20 22:22:55 INFO    |  step: 61281792, training/sps: 15729.463 +/- 0.000
2025-11-20 22:22:55 INFO    |  step: 61281792, training/actor_loss: 3.490 +/- 0.000
2025-11-20 22:22:55 INFO    |  step: 61281792, training/adaptive_mixing_raw: 0.293 +/- 0.000
2025-11-20 22:22:55 INFO    |  step: 61281792, training/adaptive_mixing_smoothed: 0.293 +/- 0.000
2025-11-20 22:22:55 INFO    |  step: 61281792, training/alpha_loss: -0.000 +/- 0.000
2025-11-20 22:22:55 INFO    |  step: 61281792, training/critic_loss: 3.755 +/- 0.000
2025-11-20 22:22:55 INFO    |  step: 61281792, training/entropy: -4.001 +/- 0.000
2025-11-20 22:22:55 INFO    |  step: 61281792, training/env_grad_mean_norm: 0.604 +/- 0.000
2025-11-20 22:22:55 INFO    |  step: 61281792, training/env_grad_trvar: 60.260 +/- 0.000
2025-11-20 22:22:55 INFO    |  step: 61281792, training/env_rb_bias_squared: 1.190 +/- 0.000
2025-11-20 22:22:55 INFO    |  step: 61281792, training/log_alpha: -4.555 +/- 0.000
2025-11-20 22:22:55 INFO    |  step: 61281792, training/num_env_samples: 191.743 +/- 0.000
2025-11-20 22:22:55 INFO    |  step: 61281792, training/num_rb_samples: 64.257 +/- 0.000
2025-11-20 22:22:55 INFO    |  step: 61281792, training/rb_grad_mean_norm: 0.932 +/- 0.000
2025-11-20 22:22:55 INFO    |  step: 61281792, training/rb_grad_trvar: 53.613 +/- 0.000
2025-11-20 22:22:55 INFO    |  step: 61281792, eval/episode_reward: 301.844 +/- 0.000
2025-11-20 22:22:55 INFO    |  step: 61281792, eval/episode_success: 301.844 +/- 0.000
2025-11-20 22:22:55 INFO    |  step: 61281792, eval/episode_success_easy: 374.039 +/- 0.000
2025-11-20 22:22:55 INFO    |  step: 61281792, eval/episode_dist: 3079.663 +/- 0.000
2025-11-20 22:22:55 INFO    |  step: 61281792, eval/episode_success_any: 0.516 +/- 0.000
2025-11-20 22:22:55 INFO    |  step: 61281792, eval/episode_reward_ctrl: 0.000 +/- 0.000
2025-11-20 22:22:55 INFO    |  step: 61281792, eval/episode_reward_dist: 0.000 +/- 0.000
2025-11-20 22:22:55 INFO    |  step: 61281792, eval/episode_reward_near: 0.000 +/- 0.000
2025-11-20 22:22:55 INFO    |  step: 61281792, eval/episode_reward_survive: 0.000 +/- 0.000
2025-11-20 22:22:55 INFO    |  step: 61281792, eval/episode_success_hard: 0.000 +/- 0.000
2025-11-20 22:23:25 INFO    |  actor input shape: (10000, 31)
2025-11-20 22:23:25 INFO    |  encoder input shape: (10000, 37)
2025-11-20 22:23:25 INFO    |  encoder input shape: (10000, 2)
2025-11-20 22:23:25 INFO    |  actor input shape: (10000, 31)
2025-11-20 22:23:25 INFO    |  encoder input shape: (10000, 37)
2025-11-20 22:23:25 INFO    |  encoder input shape: (10000, 2)
2025-11-20 22:23:25 INFO    |  actor input shape: (10000, 31)
2025-11-20 22:23:25 INFO    |  encoder input shape: (10000, 37)
2025-11-20 22:23:25 INFO    |  encoder input shape: (10000, 2)
2025-11-20 22:23:26 INFO    |  Plotted visualizations at env step 61773824.0
2025-11-20 22:23:31 INFO    |  step: 61773824
2025-11-20 22:23:31 INFO    |  step: 61773824, training/sps: 15769.455 +/- 0.000
2025-11-20 22:23:31 INFO    |  step: 61773824, training/actor_loss: 3.464 +/- 0.000
2025-11-20 22:23:31 INFO    |  step: 61773824, training/adaptive_mixing_raw: 0.258 +/- 0.000
2025-11-20 22:23:31 INFO    |  step: 61773824, training/adaptive_mixing_smoothed: 0.258 +/- 0.000
2025-11-20 22:23:31 INFO    |  step: 61773824, training/alpha_loss: 0.000 +/- 0.000
2025-11-20 22:23:31 INFO    |  step: 61773824, training/critic_loss: 3.730 +/- 0.000
2025-11-20 22:23:31 INFO    |  step: 61773824, training/entropy: -4.000 +/- 0.000
2025-11-20 22:23:31 INFO    |  step: 61773824, training/env_grad_mean_norm: 0.608 +/- 0.000
2025-11-20 22:23:31 INFO    |  step: 61773824, training/env_grad_trvar: 61.129 +/- 0.000
2025-11-20 22:23:31 INFO    |  step: 61773824, training/env_rb_bias_squared: 1.204 +/- 0.000
2025-11-20 22:23:31 INFO    |  step: 61773824, training/log_alpha: -4.547 +/- 0.000
2025-11-20 22:23:31 INFO    |  step: 61773824, training/num_env_samples: 192.103 +/- 0.000
2025-11-20 22:23:31 INFO    |  step: 61773824, training/num_rb_samples: 63.897 +/- 0.000
2025-11-20 22:23:31 INFO    |  step: 61773824, training/rb_grad_mean_norm: 0.937 +/- 0.000
2025-11-20 22:23:31 INFO    |  step: 61773824, training/rb_grad_trvar: 53.934 +/- 0.000
2025-11-20 22:23:31 INFO    |  step: 61773824, eval/episode_reward: 207.574 +/- 0.000
2025-11-20 22:23:31 INFO    |  step: 61773824, eval/episode_success: 207.574 +/- 0.000
2025-11-20 22:23:31 INFO    |  step: 61773824, eval/episode_success_easy: 286.105 +/- 0.000
2025-11-20 22:23:31 INFO    |  step: 61773824, eval/episode_dist: 4521.845 +/- 0.000
2025-11-20 22:23:31 INFO    |  step: 61773824, eval/episode_success_any: 0.340 +/- 0.000
2025-11-20 22:23:31 INFO    |  step: 61773824, eval/episode_reward_ctrl: 0.000 +/- 0.000
2025-11-20 22:23:31 INFO    |  step: 61773824, eval/episode_reward_dist: 0.000 +/- 0.000
2025-11-20 22:23:31 INFO    |  step: 61773824, eval/episode_reward_near: 0.000 +/- 0.000
2025-11-20 22:23:31 INFO    |  step: 61773824, eval/episode_reward_survive: 0.000 +/- 0.000
2025-11-20 22:23:31 INFO    |  step: 61773824, eval/episode_success_hard: 0.000 +/- 0.000
2025-11-20 22:24:01 INFO    |  actor input shape: (10000, 31)
2025-11-20 22:24:01 INFO    |  encoder input shape: (10000, 37)
2025-11-20 22:24:01 INFO    |  encoder input shape: (10000, 2)
2025-11-20 22:24:01 INFO    |  actor input shape: (10000, 31)
2025-11-20 22:24:01 INFO    |  encoder input shape: (10000, 37)
2025-11-20 22:24:01 INFO    |  encoder input shape: (10000, 2)
2025-11-20 22:24:02 INFO    |  actor input shape: (10000, 31)
2025-11-20 22:24:02 INFO    |  encoder input shape: (10000, 37)
2025-11-20 22:24:02 INFO    |  encoder input shape: (10000, 2)
2025-11-20 22:24:02 INFO    |  Plotted visualizations at env step 62265856.0
2025-11-20 22:24:07 INFO    |  step: 62265856
2025-11-20 22:24:08 INFO    |  actor input shape: (1, 31)
2025-11-20 22:24:36 INFO    |  step: 62265856, training/sps: 15713.523 +/- 0.000
2025-11-20 22:24:36 INFO    |  step: 62265856, training/actor_loss: 3.457 +/- 0.000
2025-11-20 22:24:36 INFO    |  step: 62265856, training/adaptive_mixing_raw: 0.283 +/- 0.000
2025-11-20 22:24:36 INFO    |  step: 62265856, training/adaptive_mixing_smoothed: 0.283 +/- 0.000
2025-11-20 22:24:36 INFO    |  step: 62265856, training/alpha_loss: 0.000 +/- 0.000
2025-11-20 22:24:36 INFO    |  step: 62265856, training/critic_loss: 3.717 +/- 0.000
2025-11-20 22:24:36 INFO    |  step: 62265856, training/entropy: -4.000 +/- 0.000
2025-11-20 22:24:36 INFO    |  step: 62265856, training/env_grad_mean_norm: 0.606 +/- 0.000
2025-11-20 22:24:36 INFO    |  step: 62265856, training/env_grad_trvar: 60.468 +/- 0.000
2025-11-20 22:24:36 INFO    |  step: 62265856, training/env_rb_bias_squared: 1.173 +/- 0.000
2025-11-20 22:24:36 INFO    |  step: 62265856, training/log_alpha: -4.561 +/- 0.000
2025-11-20 22:24:36 INFO    |  step: 62265856, training/num_env_samples: 191.056 +/- 0.000
2025-11-20 22:24:36 INFO    |  step: 62265856, training/num_rb_samples: 64.944 +/- 0.000
2025-11-20 22:24:36 INFO    |  step: 62265856, training/rb_grad_mean_norm: 0.921 +/- 0.000
2025-11-20 22:24:36 INFO    |  step: 62265856, training/rb_grad_trvar: 53.061 +/- 0.000
2025-11-20 22:24:36 INFO    |  step: 62265856, eval/episode_reward: 272.871 +/- 0.000
2025-11-20 22:24:36 INFO    |  step: 62265856, eval/episode_success: 272.871 +/- 0.000
2025-11-20 22:24:36 INFO    |  step: 62265856, eval/episode_success_easy: 374.199 +/- 0.000
2025-11-20 22:24:36 INFO    |  step: 62265856, eval/episode_dist: 4473.361 +/- 0.000
2025-11-20 22:24:36 INFO    |  step: 62265856, eval/episode_success_any: 0.461 +/- 0.000
2025-11-20 22:24:36 INFO    |  step: 62265856, eval/episode_reward_ctrl: 0.000 +/- 0.000
2025-11-20 22:24:36 INFO    |  step: 62265856, eval/episode_reward_dist: 0.000 +/- 0.000
2025-11-20 22:24:36 INFO    |  step: 62265856, eval/episode_reward_near: 0.000 +/- 0.000
2025-11-20 22:24:36 INFO    |  step: 62265856, eval/episode_reward_survive: 0.000 +/- 0.000
2025-11-20 22:24:36 INFO    |  step: 62265856, eval/episode_success_hard: 0.000 +/- 0.000
2025-11-20 22:25:06 INFO    |  actor input shape: (10000, 31)
2025-11-20 22:25:06 INFO    |  encoder input shape: (10000, 37)
2025-11-20 22:25:06 INFO    |  encoder input shape: (10000, 2)
2025-11-20 22:25:06 INFO    |  actor input shape: (10000, 31)
2025-11-20 22:25:07 INFO    |  encoder input shape: (10000, 37)
2025-11-20 22:25:07 INFO    |  encoder input shape: (10000, 2)
2025-11-20 22:25:07 INFO    |  actor input shape: (10000, 31)
2025-11-20 22:25:07 INFO    |  encoder input shape: (10000, 37)
2025-11-20 22:25:07 INFO    |  encoder input shape: (10000, 2)
2025-11-20 22:25:07 INFO    |  Plotted visualizations at env step 62757888.0
2025-11-20 22:25:12 INFO    |  step: 62757888
2025-11-20 22:25:12 INFO    |  step: 62757888, training/sps: 15707.360 +/- 0.000
2025-11-20 22:25:12 INFO    |  step: 62757888, training/actor_loss: 3.451 +/- 0.000
2025-11-20 22:25:12 INFO    |  step: 62757888, training/adaptive_mixing_raw: 0.440 +/- 0.000
2025-11-20 22:25:12 INFO    |  step: 62757888, training/adaptive_mixing_smoothed: 0.440 +/- 0.000
2025-11-20 22:25:12 INFO    |  step: 62757888, training/alpha_loss: -0.000 +/- 0.000
2025-11-20 22:25:12 INFO    |  step: 62757888, training/critic_loss: 3.707 +/- 0.000
2025-11-20 22:25:12 INFO    |  step: 62757888, training/entropy: -4.001 +/- 0.000
2025-11-20 22:25:12 INFO    |  step: 62757888, training/env_grad_mean_norm: 0.607 +/- 0.000
2025-11-20 22:25:12 INFO    |  step: 62757888, training/env_grad_trvar: 60.806 +/- 0.000
2025-11-20 22:25:12 INFO    |  step: 62757888, training/env_rb_bias_squared: 1.177 +/- 0.000
2025-11-20 22:25:12 INFO    |  step: 62757888, training/log_alpha: -4.557 +/- 0.000
2025-11-20 22:25:12 INFO    |  step: 62757888, training/num_env_samples: 190.819 +/- 0.000
2025-11-20 22:25:12 INFO    |  step: 62757888, training/num_rb_samples: 65.181 +/- 0.000
2025-11-20 22:25:12 INFO    |  step: 62757888, training/rb_grad_mean_norm: 0.922 +/- 0.000
2025-11-20 22:25:12 INFO    |  step: 62757888, training/rb_grad_trvar: 53.378 +/- 0.000
2025-11-20 22:25:12 INFO    |  step: 62757888, eval/episode_reward: 209.055 +/- 0.000
2025-11-20 22:25:12 INFO    |  step: 62757888, eval/episode_success: 209.055 +/- 0.000
2025-11-20 22:25:12 INFO    |  step: 62757888, eval/episode_success_easy: 311.566 +/- 0.000
2025-11-20 22:25:12 INFO    |  step: 62757888, eval/episode_dist: 4363.378 +/- 0.000
2025-11-20 22:25:12 INFO    |  step: 62757888, eval/episode_success_any: 0.363 +/- 0.000
2025-11-20 22:25:12 INFO    |  step: 62757888, eval/episode_reward_ctrl: 0.000 +/- 0.000
2025-11-20 22:25:12 INFO    |  step: 62757888, eval/episode_reward_dist: 0.000 +/- 0.000
2025-11-20 22:25:12 INFO    |  step: 62757888, eval/episode_reward_near: 0.000 +/- 0.000
2025-11-20 22:25:12 INFO    |  step: 62757888, eval/episode_reward_survive: 0.000 +/- 0.000
2025-11-20 22:25:12 INFO    |  step: 62757888, eval/episode_success_hard: 0.000 +/- 0.000
2025-11-20 22:25:44 INFO    |  actor input shape: (10000, 31)
2025-11-20 22:25:44 INFO    |  encoder input shape: (10000, 37)
2025-11-20 22:25:44 INFO    |  encoder input shape: (10000, 2)
2025-11-20 22:25:44 INFO    |  actor input shape: (10000, 31)
2025-11-20 22:25:44 INFO    |  encoder input shape: (10000, 37)
2025-11-20 22:25:44 INFO    |  encoder input shape: (10000, 2)
2025-11-20 22:25:45 INFO    |  actor input shape: (10000, 31)
2025-11-20 22:25:45 INFO    |  encoder input shape: (10000, 37)
2025-11-20 22:25:45 INFO    |  encoder input shape: (10000, 2)
2025-11-20 22:25:45 INFO    |  Plotted visualizations at env step 63249920.0
2025-11-20 22:25:50 INFO    |  step: 63249920
2025-11-20 22:25:50 INFO    |  step: 63249920, training/sps: 14848.958 +/- 0.000
2025-11-20 22:25:50 INFO    |  step: 63249920, training/actor_loss: 3.455 +/- 0.000
2025-11-20 22:25:50 INFO    |  step: 63249920, training/adaptive_mixing_raw: 0.323 +/- 0.000
2025-11-20 22:25:50 INFO    |  step: 63249920, training/adaptive_mixing_smoothed: 0.323 +/- 0.000
2025-11-20 22:25:50 INFO    |  step: 63249920, training/alpha_loss: 0.000 +/- 0.000
2025-11-20 22:25:50 INFO    |  step: 63249920, training/critic_loss: 3.708 +/- 0.000
2025-11-20 22:25:50 INFO    |  step: 63249920, training/entropy: -3.999 +/- 0.000
2025-11-20 22:25:50 INFO    |  step: 63249920, training/env_grad_mean_norm: 0.596 +/- 0.000
2025-11-20 22:25:50 INFO    |  step: 63249920, training/env_grad_trvar: 58.516 +/- 0.000
2025-11-20 22:25:50 INFO    |  step: 63249920, training/env_rb_bias_squared: 1.135 +/- 0.000
2025-11-20 22:25:50 INFO    |  step: 63249920, training/log_alpha: -4.558 +/- 0.000
2025-11-20 22:25:50 INFO    |  step: 63249920, training/num_env_samples: 190.173 +/- 0.000
2025-11-20 22:25:50 INFO    |  step: 63249920, training/num_rb_samples: 65.827 +/- 0.000
2025-11-20 22:25:50 INFO    |  step: 63249920, training/rb_grad_mean_norm: 0.905 +/- 0.000
2025-11-20 22:25:50 INFO    |  step: 63249920, training/rb_grad_trvar: 51.946 +/- 0.000
2025-11-20 22:25:50 INFO    |  step: 63249920, eval/episode_reward: 195.008 +/- 0.000
2025-11-20 22:25:50 INFO    |  step: 63249920, eval/episode_success: 195.008 +/- 0.000
2025-11-20 22:25:50 INFO    |  step: 63249920, eval/episode_success_easy: 238.004 +/- 0.000
2025-11-20 22:25:50 INFO    |  step: 63249920, eval/episode_dist: 4266.100 +/- 0.000
2025-11-20 22:25:50 INFO    |  step: 63249920, eval/episode_success_any: 0.348 +/- 0.000
2025-11-20 22:25:50 INFO    |  step: 63249920, eval/episode_reward_ctrl: 0.000 +/- 0.000
2025-11-20 22:25:50 INFO    |  step: 63249920, eval/episode_reward_dist: 0.000 +/- 0.000
2025-11-20 22:25:50 INFO    |  step: 63249920, eval/episode_reward_near: 0.000 +/- 0.000
2025-11-20 22:25:50 INFO    |  step: 63249920, eval/episode_reward_survive: 0.000 +/- 0.000
2025-11-20 22:25:50 INFO    |  step: 63249920, eval/episode_success_hard: 0.000 +/- 0.000
2025-11-20 22:26:20 INFO    |  actor input shape: (10000, 31)
2025-11-20 22:26:20 INFO    |  encoder input shape: (10000, 37)
2025-11-20 22:26:20 INFO    |  encoder input shape: (10000, 2)
2025-11-20 22:26:20 INFO    |  actor input shape: (10000, 31)
2025-11-20 22:26:20 INFO    |  encoder input shape: (10000, 37)
2025-11-20 22:26:20 INFO    |  encoder input shape: (10000, 2)
2025-11-20 22:26:21 INFO    |  actor input shape: (10000, 31)
2025-11-20 22:26:21 INFO    |  encoder input shape: (10000, 37)
2025-11-20 22:26:21 INFO    |  encoder input shape: (10000, 2)
2025-11-20 22:26:21 INFO    |  Plotted visualizations at env step 63741952.0
2025-11-20 22:26:26 INFO    |  step: 63741952
2025-11-20 22:26:26 INFO    |  step: 63741952, training/sps: 15772.686 +/- 0.000
2025-11-20 22:26:26 INFO    |  step: 63741952, training/actor_loss: 3.450 +/- 0.000
2025-11-20 22:26:26 INFO    |  step: 63741952, training/adaptive_mixing_raw: 0.282 +/- 0.000
2025-11-20 22:26:26 INFO    |  step: 63741952, training/adaptive_mixing_smoothed: 0.282 +/- 0.000
2025-11-20 22:26:26 INFO    |  step: 63741952, training/alpha_loss: -0.000 +/- 0.000
2025-11-20 22:26:26 INFO    |  step: 63741952, training/critic_loss: 3.700 +/- 0.000
2025-11-20 22:26:26 INFO    |  step: 63741952, training/entropy: -4.000 +/- 0.000
2025-11-20 22:26:26 INFO    |  step: 63741952, training/env_grad_mean_norm: 0.590 +/- 0.000
2025-11-20 22:26:26 INFO    |  step: 63741952, training/env_grad_trvar: 57.663 +/- 0.000
2025-11-20 22:26:26 INFO    |  step: 63741952, training/env_rb_bias_squared: 1.143 +/- 0.000
2025-11-20 22:26:26 INFO    |  step: 63741952, training/log_alpha: -4.568 +/- 0.000
2025-11-20 22:26:26 INFO    |  step: 63741952, training/num_env_samples: 190.930 +/- 0.000
2025-11-20 22:26:26 INFO    |  step: 63741952, training/num_rb_samples: 65.070 +/- 0.000
2025-11-20 22:26:26 INFO    |  step: 63741952, training/rb_grad_mean_norm: 0.913 +/- 0.000
2025-11-20 22:26:26 INFO    |  step: 63741952, training/rb_grad_trvar: 52.233 +/- 0.000
2025-11-20 22:26:26 INFO    |  step: 63741952, eval/episode_reward: 214.266 +/- 0.000
2025-11-20 22:26:26 INFO    |  step: 63741952, eval/episode_success: 214.266 +/- 0.000
2025-11-20 22:26:26 INFO    |  step: 63741952, eval/episode_success_easy: 318.266 +/- 0.000
2025-11-20 22:26:26 INFO    |  step: 63741952, eval/episode_dist: 3118.994 +/- 0.000
2025-11-20 22:26:26 INFO    |  step: 63741952, eval/episode_success_any: 0.449 +/- 0.000
2025-11-20 22:26:26 INFO    |  step: 63741952, eval/episode_reward_ctrl: 0.000 +/- 0.000
2025-11-20 22:26:26 INFO    |  step: 63741952, eval/episode_reward_dist: 0.000 +/- 0.000
2025-11-20 22:26:26 INFO    |  step: 63741952, eval/episode_reward_near: 0.000 +/- 0.000
2025-11-20 22:26:26 INFO    |  step: 63741952, eval/episode_reward_survive: 0.000 +/- 0.000
2025-11-20 22:26:26 INFO    |  step: 63741952, eval/episode_success_hard: 0.000 +/- 0.000
2025-11-20 22:26:56 INFO    |  actor input shape: (10000, 31)
2025-11-20 22:26:56 INFO    |  encoder input shape: (10000, 37)
2025-11-20 22:26:56 INFO    |  encoder input shape: (10000, 2)
2025-11-20 22:26:57 INFO    |  actor input shape: (10000, 31)
2025-11-20 22:26:57 INFO    |  encoder input shape: (10000, 37)
2025-11-20 22:26:57 INFO    |  encoder input shape: (10000, 2)
2025-11-20 22:26:57 INFO    |  actor input shape: (10000, 31)
2025-11-20 22:26:57 INFO    |  encoder input shape: (10000, 37)
2025-11-20 22:26:57 INFO    |  encoder input shape: (10000, 2)
2025-11-20 22:26:57 INFO    |  Plotted visualizations at env step 64233984.0
2025-11-20 22:27:02 INFO    |  step: 64233984
2025-11-20 22:27:02 INFO    |  step: 64233984, training/sps: 15751.927 +/- 0.000
2025-11-20 22:27:02 INFO    |  step: 64233984, training/actor_loss: 3.442 +/- 0.000
2025-11-20 22:27:02 INFO    |  step: 64233984, training/adaptive_mixing_raw: 0.464 +/- 0.000
2025-11-20 22:27:02 INFO    |  step: 64233984, training/adaptive_mixing_smoothed: 0.464 +/- 0.000
2025-11-20 22:27:02 INFO    |  step: 64233984, training/alpha_loss: 0.000 +/- 0.000
2025-11-20 22:27:02 INFO    |  step: 64233984, training/critic_loss: 3.694 +/- 0.000
2025-11-20 22:27:02 INFO    |  step: 64233984, training/entropy: -4.000 +/- 0.000
2025-11-20 22:27:02 INFO    |  step: 64233984, training/env_grad_mean_norm: 0.582 +/- 0.000
2025-11-20 22:27:02 INFO    |  step: 64233984, training/env_grad_trvar: 55.899 +/- 0.000
2025-11-20 22:27:02 INFO    |  step: 64233984, training/env_rb_bias_squared: 1.141 +/- 0.000
2025-11-20 22:27:02 INFO    |  step: 64233984, training/log_alpha: -4.563 +/- 0.000
2025-11-20 22:27:02 INFO    |  step: 64233984, training/num_env_samples: 191.839 +/- 0.000
2025-11-20 22:27:02 INFO    |  step: 64233984, training/num_rb_samples: 64.161 +/- 0.000
2025-11-20 22:27:02 INFO    |  step: 64233984, training/rb_grad_mean_norm: 0.917 +/- 0.000
2025-11-20 22:27:02 INFO    |  step: 64233984, training/rb_grad_trvar: 51.980 +/- 0.000
2025-11-20 22:27:02 INFO    |  step: 64233984, eval/episode_reward: 227.871 +/- 0.000
2025-11-20 22:27:02 INFO    |  step: 64233984, eval/episode_success: 227.871 +/- 0.000
2025-11-20 22:27:02 INFO    |  step: 64233984, eval/episode_success_easy: 314.555 +/- 0.000
2025-11-20 22:27:02 INFO    |  step: 64233984, eval/episode_dist: 3672.527 +/- 0.000
2025-11-20 22:27:02 INFO    |  step: 64233984, eval/episode_success_any: 0.363 +/- 0.000
2025-11-20 22:27:02 INFO    |  step: 64233984, eval/episode_reward_ctrl: 0.000 +/- 0.000
2025-11-20 22:27:02 INFO    |  step: 64233984, eval/episode_reward_dist: 0.000 +/- 0.000
2025-11-20 22:27:02 INFO    |  step: 64233984, eval/episode_reward_near: 0.000 +/- 0.000
2025-11-20 22:27:02 INFO    |  step: 64233984, eval/episode_reward_survive: 0.000 +/- 0.000
2025-11-20 22:27:02 INFO    |  step: 64233984, eval/episode_success_hard: 0.000 +/- 0.000
2025-11-20 22:27:32 INFO    |  actor input shape: (10000, 31)
2025-11-20 22:27:32 INFO    |  encoder input shape: (10000, 37)
2025-11-20 22:27:32 INFO    |  encoder input shape: (10000, 2)
2025-11-20 22:27:33 INFO    |  actor input shape: (10000, 31)
2025-11-20 22:27:33 INFO    |  encoder input shape: (10000, 37)
2025-11-20 22:27:33 INFO    |  encoder input shape: (10000, 2)
2025-11-20 22:27:33 INFO    |  actor input shape: (10000, 31)
2025-11-20 22:27:33 INFO    |  encoder input shape: (10000, 37)
2025-11-20 22:27:33 INFO    |  encoder input shape: (10000, 2)
2025-11-20 22:27:33 INFO    |  Plotted visualizations at env step 64726016.0
2025-11-20 22:27:38 INFO    |  step: 64726016
2025-11-20 22:27:40 INFO    |  actor input shape: (1, 31)
2025-11-20 22:28:06 INFO    |  step: 64726016, training/sps: 15785.267 +/- 0.000
2025-11-20 22:28:06 INFO    |  step: 64726016, training/actor_loss: 3.452 +/- 0.000
2025-11-20 22:28:06 INFO    |  step: 64726016, training/adaptive_mixing_raw: 0.387 +/- 0.000
2025-11-20 22:28:06 INFO    |  step: 64726016, training/adaptive_mixing_smoothed: 0.387 +/- 0.000
2025-11-20 22:28:06 INFO    |  step: 64726016, training/alpha_loss: 0.000 +/- 0.000
2025-11-20 22:28:06 INFO    |  step: 64726016, training/critic_loss: 3.706 +/- 0.000
2025-11-20 22:28:06 INFO    |  step: 64726016, training/entropy: -3.999 +/- 0.000
2025-11-20 22:28:06 INFO    |  step: 64726016, training/env_grad_mean_norm: 0.576 +/- 0.000
2025-11-20 22:28:06 INFO    |  step: 64726016, training/env_grad_trvar: 55.209 +/- 0.000
2025-11-20 22:28:06 INFO    |  step: 64726016, training/env_rb_bias_squared: 1.127 +/- 0.000
2025-11-20 22:28:06 INFO    |  step: 64726016, training/log_alpha: -4.568 +/- 0.000
2025-11-20 22:28:06 INFO    |  step: 64726016, training/num_env_samples: 192.266 +/- 0.000
2025-11-20 22:28:06 INFO    |  step: 64726016, training/num_rb_samples: 63.734 +/- 0.000
2025-11-20 22:28:06 INFO    |  step: 64726016, training/rb_grad_mean_norm: 0.914 +/- 0.000
2025-11-20 22:28:06 INFO    |  step: 64726016, training/rb_grad_trvar: 51.267 +/- 0.000
2025-11-20 22:28:06 INFO    |  step: 64726016, eval/episode_reward: 217.543 +/- 0.000
2025-11-20 22:28:06 INFO    |  step: 64726016, eval/episode_success: 217.543 +/- 0.000
2025-11-20 22:28:06 INFO    |  step: 64726016, eval/episode_success_easy: 307.859 +/- 0.000
2025-11-20 22:28:06 INFO    |  step: 64726016, eval/episode_dist: 3561.728 +/- 0.000
2025-11-20 22:28:06 INFO    |  step: 64726016, eval/episode_success_any: 0.336 +/- 0.000
2025-11-20 22:28:06 INFO    |  step: 64726016, eval/episode_reward_ctrl: 0.000 +/- 0.000
2025-11-20 22:28:06 INFO    |  step: 64726016, eval/episode_reward_dist: 0.000 +/- 0.000
2025-11-20 22:28:06 INFO    |  step: 64726016, eval/episode_reward_near: 0.000 +/- 0.000
2025-11-20 22:28:06 INFO    |  step: 64726016, eval/episode_reward_survive: 0.000 +/- 0.000
2025-11-20 22:28:06 INFO    |  step: 64726016, eval/episode_success_hard: 0.000 +/- 0.000
2025-11-20 22:28:36 INFO    |  actor input shape: (10000, 31)
2025-11-20 22:28:36 INFO    |  encoder input shape: (10000, 37)
2025-11-20 22:28:36 INFO    |  encoder input shape: (10000, 2)
2025-11-20 22:28:37 INFO    |  actor input shape: (10000, 31)
2025-11-20 22:28:37 INFO    |  encoder input shape: (10000, 37)
2025-11-20 22:28:37 INFO    |  encoder input shape: (10000, 2)
2025-11-20 22:28:37 INFO    |  actor input shape: (10000, 31)
2025-11-20 22:28:37 INFO    |  encoder input shape: (10000, 37)
2025-11-20 22:28:37 INFO    |  encoder input shape: (10000, 2)
2025-11-20 22:28:37 INFO    |  Plotted visualizations at env step 65218048.0
2025-11-20 22:28:42 INFO    |  step: 65218048
2025-11-20 22:28:42 INFO    |  step: 65218048, training/sps: 15701.062 +/- 0.000
2025-11-20 22:28:42 INFO    |  step: 65218048, training/actor_loss: 3.456 +/- 0.000
2025-11-20 22:28:42 INFO    |  step: 65218048, training/adaptive_mixing_raw: 0.215 +/- 0.000
2025-11-20 22:28:42 INFO    |  step: 65218048, training/adaptive_mixing_smoothed: 0.215 +/- 0.000
2025-11-20 22:28:42 INFO    |  step: 65218048, training/alpha_loss: -0.000 +/- 0.000
2025-11-20 22:28:42 INFO    |  step: 65218048, training/critic_loss: 3.712 +/- 0.000
2025-11-20 22:28:42 INFO    |  step: 65218048, training/entropy: -4.001 +/- 0.000
2025-11-20 22:28:42 INFO    |  step: 65218048, training/env_grad_mean_norm: 0.587 +/- 0.000
2025-11-20 22:28:42 INFO    |  step: 65218048, training/env_grad_trvar: 57.534 +/- 0.000
2025-11-20 22:28:42 INFO    |  step: 65218048, training/env_rb_bias_squared: 1.167 +/- 0.000
2025-11-20 22:28:42 INFO    |  step: 65218048, training/log_alpha: -4.564 +/- 0.000
2025-11-20 22:28:42 INFO    |  step: 65218048, training/num_env_samples: 192.742 +/- 0.000
2025-11-20 22:28:42 INFO    |  step: 65218048, training/num_rb_samples: 63.258 +/- 0.000
2025-11-20 22:28:42 INFO    |  step: 65218048, training/rb_grad_mean_norm: 0.928 +/- 0.000
2025-11-20 22:28:42 INFO    |  step: 65218048, training/rb_grad_trvar: 52.430 +/- 0.000
2025-11-20 22:28:42 INFO    |  step: 65218048, eval/episode_reward: 325.117 +/- 0.000
2025-11-20 22:28:42 INFO    |  step: 65218048, eval/episode_success: 325.117 +/- 0.000
2025-11-20 22:28:42 INFO    |  step: 65218048, eval/episode_success_easy: 438.062 +/- 0.000
2025-11-20 22:28:42 INFO    |  step: 65218048, eval/episode_dist: 3168.738 +/- 0.000
2025-11-20 22:28:42 INFO    |  step: 65218048, eval/episode_success_any: 0.516 +/- 0.000
2025-11-20 22:28:42 INFO    |  step: 65218048, eval/episode_reward_ctrl: 0.000 +/- 0.000
2025-11-20 22:28:42 INFO    |  step: 65218048, eval/episode_reward_dist: 0.000 +/- 0.000
2025-11-20 22:28:42 INFO    |  step: 65218048, eval/episode_reward_near: 0.000 +/- 0.000
2025-11-20 22:28:42 INFO    |  step: 65218048, eval/episode_reward_survive: 0.000 +/- 0.000
2025-11-20 22:28:42 INFO    |  step: 65218048, eval/episode_success_hard: 0.000 +/- 0.000
2025-11-20 22:29:12 INFO    |  actor input shape: (10000, 31)
2025-11-20 22:29:12 INFO    |  encoder input shape: (10000, 37)
2025-11-20 22:29:12 INFO    |  encoder input shape: (10000, 2)
2025-11-20 22:29:13 INFO    |  actor input shape: (10000, 31)
2025-11-20 22:29:13 INFO    |  encoder input shape: (10000, 37)
2025-11-20 22:29:13 INFO    |  encoder input shape: (10000, 2)
2025-11-20 22:29:13 INFO    |  actor input shape: (10000, 31)
2025-11-20 22:29:13 INFO    |  encoder input shape: (10000, 37)
2025-11-20 22:29:13 INFO    |  encoder input shape: (10000, 2)
2025-11-20 22:29:13 INFO    |  Plotted visualizations at env step 65710080.0
2025-11-20 22:29:18 INFO    |  step: 65710080
2025-11-20 22:29:18 INFO    |  step: 65710080, training/sps: 15728.354 +/- 0.000
2025-11-20 22:29:18 INFO    |  step: 65710080, training/actor_loss: 3.447 +/- 0.000
2025-11-20 22:29:18 INFO    |  step: 65710080, training/adaptive_mixing_raw: 0.377 +/- 0.000
2025-11-20 22:29:18 INFO    |  step: 65710080, training/adaptive_mixing_smoothed: 0.377 +/- 0.000
2025-11-20 22:29:18 INFO    |  step: 65710080, training/alpha_loss: 0.000 +/- 0.000
2025-11-20 22:29:18 INFO    |  step: 65710080, training/critic_loss: 3.707 +/- 0.000
2025-11-20 22:29:18 INFO    |  step: 65710080, training/entropy: -4.000 +/- 0.000
2025-11-20 22:29:18 INFO    |  step: 65710080, training/env_grad_mean_norm: 0.589 +/- 0.000
2025-11-20 22:29:18 INFO    |  step: 65710080, training/env_grad_trvar: 57.638 +/- 0.000
2025-11-20 22:29:18 INFO    |  step: 65710080, training/env_rb_bias_squared: 1.180 +/- 0.000
2025-11-20 22:29:18 INFO    |  step: 65710080, training/log_alpha: -4.562 +/- 0.000
2025-11-20 22:29:18 INFO    |  step: 65710080, training/num_env_samples: 193.073 +/- 0.000
2025-11-20 22:29:18 INFO    |  step: 65710080, training/num_rb_samples: 62.927 +/- 0.000
2025-11-20 22:29:18 INFO    |  step: 65710080, training/rb_grad_mean_norm: 0.935 +/- 0.000
2025-11-20 22:29:18 INFO    |  step: 65710080, training/rb_grad_trvar: 52.933 +/- 0.000
2025-11-20 22:29:18 INFO    |  step: 65710080, eval/episode_reward: 211.301 +/- 0.000
2025-11-20 22:29:18 INFO    |  step: 65710080, eval/episode_success: 211.301 +/- 0.000
2025-11-20 22:29:18 INFO    |  step: 65710080, eval/episode_success_easy: 299.113 +/- 0.000
2025-11-20 22:29:18 INFO    |  step: 65710080, eval/episode_dist: 4133.863 +/- 0.000
2025-11-20 22:29:18 INFO    |  step: 65710080, eval/episode_success_any: 0.332 +/- 0.000
2025-11-20 22:29:18 INFO    |  step: 65710080, eval/episode_reward_ctrl: 0.000 +/- 0.000
2025-11-20 22:29:18 INFO    |  step: 65710080, eval/episode_reward_dist: 0.000 +/- 0.000
2025-11-20 22:29:18 INFO    |  step: 65710080, eval/episode_reward_near: 0.000 +/- 0.000
2025-11-20 22:29:18 INFO    |  step: 65710080, eval/episode_reward_survive: 0.000 +/- 0.000
2025-11-20 22:29:18 INFO    |  step: 65710080, eval/episode_success_hard: 0.000 +/- 0.000
2025-11-20 22:29:49 INFO    |  actor input shape: (10000, 31)
2025-11-20 22:29:49 INFO    |  encoder input shape: (10000, 37)
2025-11-20 22:29:49 INFO    |  encoder input shape: (10000, 2)
2025-11-20 22:29:49 INFO    |  actor input shape: (10000, 31)
2025-11-20 22:29:49 INFO    |  encoder input shape: (10000, 37)
2025-11-20 22:29:49 INFO    |  encoder input shape: (10000, 2)
2025-11-20 22:29:49 INFO    |  actor input shape: (10000, 31)
2025-11-20 22:29:49 INFO    |  encoder input shape: (10000, 37)
2025-11-20 22:29:49 INFO    |  encoder input shape: (10000, 2)
2025-11-20 22:29:49 INFO    |  Plotted visualizations at env step 66202112.0
2025-11-20 22:29:54 INFO    |  step: 66202112
2025-11-20 22:29:54 INFO    |  step: 66202112, training/sps: 15686.176 +/- 0.000
2025-11-20 22:29:54 INFO    |  step: 66202112, training/actor_loss: 3.441 +/- 0.000
2025-11-20 22:29:54 INFO    |  step: 66202112, training/adaptive_mixing_raw: 0.385 +/- 0.000
2025-11-20 22:29:54 INFO    |  step: 66202112, training/adaptive_mixing_smoothed: 0.385 +/- 0.000
2025-11-20 22:29:54 INFO    |  step: 66202112, training/alpha_loss: 0.000 +/- 0.000
2025-11-20 22:29:54 INFO    |  step: 66202112, training/critic_loss: 3.698 +/- 0.000
2025-11-20 22:29:54 INFO    |  step: 66202112, training/entropy: -4.000 +/- 0.000
2025-11-20 22:29:54 INFO    |  step: 66202112, training/env_grad_mean_norm: 0.593 +/- 0.000
2025-11-20 22:29:54 INFO    |  step: 66202112, training/env_grad_trvar: 58.323 +/- 0.000
2025-11-20 22:29:54 INFO    |  step: 66202112, training/env_rb_bias_squared: 1.187 +/- 0.000
2025-11-20 22:29:54 INFO    |  step: 66202112, training/log_alpha: -4.559 +/- 0.000
2025-11-20 22:29:54 INFO    |  step: 66202112, training/num_env_samples: 192.524 +/- 0.000
2025-11-20 22:29:54 INFO    |  step: 66202112, training/num_rb_samples: 63.476 +/- 0.000
2025-11-20 22:29:54 INFO    |  step: 66202112, training/rb_grad_mean_norm: 0.936 +/- 0.000
2025-11-20 22:29:54 INFO    |  step: 66202112, training/rb_grad_trvar: 53.491 +/- 0.000
2025-11-20 22:29:54 INFO    |  step: 66202112, eval/episode_reward: 263.984 +/- 0.000
2025-11-20 22:29:54 INFO    |  step: 66202112, eval/episode_success: 263.984 +/- 0.000
2025-11-20 22:29:54 INFO    |  step: 66202112, eval/episode_success_easy: 368.277 +/- 0.000
2025-11-20 22:29:54 INFO    |  step: 66202112, eval/episode_dist: 3592.424 +/- 0.000
2025-11-20 22:29:54 INFO    |  step: 66202112, eval/episode_success_any: 0.422 +/- 0.000
2025-11-20 22:29:54 INFO    |  step: 66202112, eval/episode_reward_ctrl: 0.000 +/- 0.000
2025-11-20 22:29:54 INFO    |  step: 66202112, eval/episode_reward_dist: 0.000 +/- 0.000
2025-11-20 22:29:54 INFO    |  step: 66202112, eval/episode_reward_near: 0.000 +/- 0.000
2025-11-20 22:29:54 INFO    |  step: 66202112, eval/episode_reward_survive: 0.000 +/- 0.000
2025-11-20 22:29:54 INFO    |  step: 66202112, eval/episode_success_hard: 0.000 +/- 0.000
2025-11-20 22:30:25 INFO    |  actor input shape: (10000, 31)
2025-11-20 22:30:25 INFO    |  encoder input shape: (10000, 37)
2025-11-20 22:30:25 INFO    |  encoder input shape: (10000, 2)
2025-11-20 22:30:25 INFO    |  actor input shape: (10000, 31)
2025-11-20 22:30:25 INFO    |  encoder input shape: (10000, 37)
2025-11-20 22:30:25 INFO    |  encoder input shape: (10000, 2)
2025-11-20 22:30:25 INFO    |  actor input shape: (10000, 31)
2025-11-20 22:30:25 INFO    |  encoder input shape: (10000, 37)
2025-11-20 22:30:25 INFO    |  encoder input shape: (10000, 2)
2025-11-20 22:30:25 INFO    |  Plotted visualizations at env step 66694144.0
2025-11-20 22:30:30 INFO    |  step: 66694144
2025-11-20 22:30:30 INFO    |  step: 66694144, training/sps: 15768.975 +/- 0.000
2025-11-20 22:30:30 INFO    |  step: 66694144, training/actor_loss: 3.443 +/- 0.000
2025-11-20 22:30:30 INFO    |  step: 66694144, training/adaptive_mixing_raw: 0.199 +/- 0.000
2025-11-20 22:30:30 INFO    |  step: 66694144, training/adaptive_mixing_smoothed: 0.199 +/- 0.000
2025-11-20 22:30:30 INFO    |  step: 66694144, training/alpha_loss: -0.000 +/- 0.000
2025-11-20 22:30:30 INFO    |  step: 66694144, training/critic_loss: 3.697 +/- 0.000
2025-11-20 22:30:30 INFO    |  step: 66694144, training/entropy: -4.002 +/- 0.000
2025-11-20 22:30:30 INFO    |  step: 66694144, training/env_grad_mean_norm: 0.601 +/- 0.000
2025-11-20 22:30:30 INFO    |  step: 66694144, training/env_grad_trvar: 59.240 +/- 0.000
2025-11-20 22:30:30 INFO    |  step: 66694144, training/env_rb_bias_squared: 1.185 +/- 0.000
2025-11-20 22:30:30 INFO    |  step: 66694144, training/log_alpha: -4.544 +/- 0.000
2025-11-20 22:30:30 INFO    |  step: 66694144, training/num_env_samples: 191.887 +/- 0.000
2025-11-20 22:30:30 INFO    |  step: 66694144, training/num_rb_samples: 64.113 +/- 0.000
2025-11-20 22:30:30 INFO    |  step: 66694144, training/rb_grad_mean_norm: 0.933 +/- 0.000
2025-11-20 22:30:30 INFO    |  step: 66694144, training/rb_grad_trvar: 53.640 +/- 0.000
2025-11-20 22:30:30 INFO    |  step: 66694144, eval/episode_reward: 260.340 +/- 0.000
2025-11-20 22:30:30 INFO    |  step: 66694144, eval/episode_success: 260.340 +/- 0.000
2025-11-20 22:30:30 INFO    |  step: 66694144, eval/episode_success_easy: 372.547 +/- 0.000
2025-11-20 22:30:30 INFO    |  step: 66694144, eval/episode_dist: 5030.301 +/- 0.000
2025-11-20 22:30:30 INFO    |  step: 66694144, eval/episode_success_any: 0.418 +/- 0.000
2025-11-20 22:30:30 INFO    |  step: 66694144, eval/episode_reward_ctrl: 0.000 +/- 0.000
2025-11-20 22:30:30 INFO    |  step: 66694144, eval/episode_reward_dist: 0.000 +/- 0.000
2025-11-20 22:30:30 INFO    |  step: 66694144, eval/episode_reward_near: 0.000 +/- 0.000
2025-11-20 22:30:30 INFO    |  step: 66694144, eval/episode_reward_survive: 0.000 +/- 0.000
2025-11-20 22:30:30 INFO    |  step: 66694144, eval/episode_success_hard: 0.000 +/- 0.000
2025-11-20 22:31:01 INFO    |  actor input shape: (10000, 31)
2025-11-20 22:31:01 INFO    |  encoder input shape: (10000, 37)
2025-11-20 22:31:01 INFO    |  encoder input shape: (10000, 2)
2025-11-20 22:31:01 INFO    |  actor input shape: (10000, 31)
2025-11-20 22:31:01 INFO    |  encoder input shape: (10000, 37)
2025-11-20 22:31:01 INFO    |  encoder input shape: (10000, 2)
2025-11-20 22:31:01 INFO    |  actor input shape: (10000, 31)
2025-11-20 22:31:01 INFO    |  encoder input shape: (10000, 37)
2025-11-20 22:31:01 INFO    |  encoder input shape: (10000, 2)
2025-11-20 22:31:02 INFO    |  Plotted visualizations at env step 67186176.0
2025-11-20 22:31:06 INFO    |  step: 67186176
2025-11-20 22:31:08 INFO    |  actor input shape: (1, 31)
2025-11-20 22:31:36 INFO    |  step: 67186176, training/sps: 15693.382 +/- 0.000
2025-11-20 22:31:36 INFO    |  step: 67186176, training/actor_loss: 3.431 +/- 0.000
2025-11-20 22:31:36 INFO    |  step: 67186176, training/adaptive_mixing_raw: 0.347 +/- 0.000
2025-11-20 22:31:36 INFO    |  step: 67186176, training/adaptive_mixing_smoothed: 0.347 +/- 0.000
2025-11-20 22:31:36 INFO    |  step: 67186176, training/alpha_loss: 0.000 +/- 0.000
2025-11-20 22:31:36 INFO    |  step: 67186176, training/critic_loss: 3.682 +/- 0.000
2025-11-20 22:31:36 INFO    |  step: 67186176, training/entropy: -3.999 +/- 0.000
2025-11-20 22:31:36 INFO    |  step: 67186176, training/env_grad_mean_norm: 0.601 +/- 0.000
2025-11-20 22:31:36 INFO    |  step: 67186176, training/env_grad_trvar: 59.236 +/- 0.000
2025-11-20 22:31:36 INFO    |  step: 67186176, training/env_rb_bias_squared: 1.203 +/- 0.000
2025-11-20 22:31:36 INFO    |  step: 67186176, training/log_alpha: -4.529 +/- 0.000
2025-11-20 22:31:36 INFO    |  step: 67186176, training/num_env_samples: 192.042 +/- 0.000
2025-11-20 22:31:36 INFO    |  step: 67186176, training/num_rb_samples: 63.958 +/- 0.000
2025-11-20 22:31:36 INFO    |  step: 67186176, training/rb_grad_mean_norm: 0.942 +/- 0.000
2025-11-20 22:31:36 INFO    |  step: 67186176, training/rb_grad_trvar: 54.571 +/- 0.000
2025-11-20 22:31:36 INFO    |  step: 67186176, eval/episode_reward: 296.133 +/- 0.000
2025-11-20 22:31:36 INFO    |  step: 67186176, eval/episode_success: 296.133 +/- 0.000
2025-11-20 22:31:36 INFO    |  step: 67186176, eval/episode_success_easy: 366.609 +/- 0.000
2025-11-20 22:31:36 INFO    |  step: 67186176, eval/episode_dist: 4042.030 +/- 0.000
2025-11-20 22:31:36 INFO    |  step: 67186176, eval/episode_success_any: 0.438 +/- 0.000
2025-11-20 22:31:36 INFO    |  step: 67186176, eval/episode_reward_ctrl: 0.000 +/- 0.000
2025-11-20 22:31:36 INFO    |  step: 67186176, eval/episode_reward_dist: 0.000 +/- 0.000
2025-11-20 22:31:36 INFO    |  step: 67186176, eval/episode_reward_near: 0.000 +/- 0.000
2025-11-20 22:31:36 INFO    |  step: 67186176, eval/episode_reward_survive: 0.000 +/- 0.000
2025-11-20 22:31:36 INFO    |  step: 67186176, eval/episode_success_hard: 0.000 +/- 0.000
2025-11-20 22:32:07 INFO    |  actor input shape: (10000, 31)
2025-11-20 22:32:07 INFO    |  encoder input shape: (10000, 37)
2025-11-20 22:32:07 INFO    |  encoder input shape: (10000, 2)
2025-11-20 22:32:07 INFO    |  actor input shape: (10000, 31)
2025-11-20 22:32:07 INFO    |  encoder input shape: (10000, 37)
2025-11-20 22:32:07 INFO    |  encoder input shape: (10000, 2)
2025-11-20 22:32:07 INFO    |  actor input shape: (10000, 31)
2025-11-20 22:32:07 INFO    |  encoder input shape: (10000, 37)
2025-11-20 22:32:07 INFO    |  encoder input shape: (10000, 2)
2025-11-20 22:32:08 INFO    |  Plotted visualizations at env step 67678208.0
2025-11-20 22:32:12 INFO    |  step: 67678208
2025-11-20 22:32:12 INFO    |  step: 67678208, training/sps: 15741.788 +/- 0.000
2025-11-20 22:32:12 INFO    |  step: 67678208, training/actor_loss: 3.427 +/- 0.000
2025-11-20 22:32:12 INFO    |  step: 67678208, training/adaptive_mixing_raw: 0.460 +/- 0.000
2025-11-20 22:32:12 INFO    |  step: 67678208, training/adaptive_mixing_smoothed: 0.460 +/- 0.000
2025-11-20 22:32:12 INFO    |  step: 67678208, training/alpha_loss: -0.000 +/- 0.000
2025-11-20 22:32:12 INFO    |  step: 67678208, training/critic_loss: 3.675 +/- 0.000
2025-11-20 22:32:12 INFO    |  step: 67678208, training/entropy: -4.000 +/- 0.000
2025-11-20 22:32:12 INFO    |  step: 67678208, training/env_grad_mean_norm: 0.596 +/- 0.000
2025-11-20 22:32:12 INFO    |  step: 67678208, training/env_grad_trvar: 58.355 +/- 0.000
2025-11-20 22:32:12 INFO    |  step: 67678208, training/env_rb_bias_squared: 1.213 +/- 0.000
2025-11-20 22:32:12 INFO    |  step: 67678208, training/log_alpha: -4.545 +/- 0.000
2025-11-20 22:32:12 INFO    |  step: 67678208, training/num_env_samples: 192.420 +/- 0.000
2025-11-20 22:32:12 INFO    |  step: 67678208, training/num_rb_samples: 63.580 +/- 0.000
2025-11-20 22:32:12 INFO    |  step: 67678208, training/rb_grad_mean_norm: 0.950 +/- 0.000
2025-11-20 22:32:12 INFO    |  step: 67678208, training/rb_grad_trvar: 55.195 +/- 0.000
2025-11-20 22:32:12 INFO    |  step: 67678208, eval/episode_reward: 305.672 +/- 0.000
2025-11-20 22:32:12 INFO    |  step: 67678208, eval/episode_success: 305.672 +/- 0.000
2025-11-20 22:32:12 INFO    |  step: 67678208, eval/episode_success_easy: 370.465 +/- 0.000
2025-11-20 22:32:12 INFO    |  step: 67678208, eval/episode_dist: 4403.103 +/- 0.000
2025-11-20 22:32:12 INFO    |  step: 67678208, eval/episode_success_any: 0.449 +/- 0.000
2025-11-20 22:32:12 INFO    |  step: 67678208, eval/episode_reward_ctrl: 0.000 +/- 0.000
2025-11-20 22:32:12 INFO    |  step: 67678208, eval/episode_reward_dist: 0.000 +/- 0.000
2025-11-20 22:32:12 INFO    |  step: 67678208, eval/episode_reward_near: 0.000 +/- 0.000
2025-11-20 22:32:12 INFO    |  step: 67678208, eval/episode_reward_survive: 0.000 +/- 0.000
2025-11-20 22:32:12 INFO    |  step: 67678208, eval/episode_success_hard: 0.000 +/- 0.000
2025-11-20 22:32:43 INFO    |  actor input shape: (10000, 31)
2025-11-20 22:32:43 INFO    |  encoder input shape: (10000, 37)
2025-11-20 22:32:43 INFO    |  encoder input shape: (10000, 2)
2025-11-20 22:32:43 INFO    |  actor input shape: (10000, 31)
2025-11-20 22:32:43 INFO    |  encoder input shape: (10000, 37)
2025-11-20 22:32:43 INFO    |  encoder input shape: (10000, 2)
2025-11-20 22:32:43 INFO    |  actor input shape: (10000, 31)
2025-11-20 22:32:43 INFO    |  encoder input shape: (10000, 37)
2025-11-20 22:32:43 INFO    |  encoder input shape: (10000, 2)
2025-11-20 22:32:43 INFO    |  Plotted visualizations at env step 68170240.0
2025-11-20 22:32:48 INFO    |  step: 68170240
2025-11-20 22:32:48 INFO    |  step: 68170240, training/sps: 15838.668 +/- 0.000
2025-11-20 22:32:48 INFO    |  step: 68170240, training/actor_loss: 3.431 +/- 0.000
2025-11-20 22:32:48 INFO    |  step: 68170240, training/adaptive_mixing_raw: 0.387 +/- 0.000
2025-11-20 22:32:48 INFO    |  step: 68170240, training/adaptive_mixing_smoothed: 0.387 +/- 0.000
2025-11-20 22:32:48 INFO    |  step: 68170240, training/alpha_loss: -0.000 +/- 0.000
2025-11-20 22:32:48 INFO    |  step: 68170240, training/critic_loss: 3.684 +/- 0.000
2025-11-20 22:32:48 INFO    |  step: 68170240, training/entropy: -4.002 +/- 0.000
2025-11-20 22:32:48 INFO    |  step: 68170240, training/env_grad_mean_norm: 0.598 +/- 0.000
2025-11-20 22:32:48 INFO    |  step: 68170240, training/env_grad_trvar: 58.556 +/- 0.000
2025-11-20 22:32:48 INFO    |  step: 68170240, training/env_rb_bias_squared: 1.203 +/- 0.000
2025-11-20 22:32:48 INFO    |  step: 68170240, training/log_alpha: -4.530 +/- 0.000
2025-11-20 22:32:48 INFO    |  step: 68170240, training/num_env_samples: 191.846 +/- 0.000
2025-11-20 22:32:48 INFO    |  step: 68170240, training/num_rb_samples: 64.154 +/- 0.000
2025-11-20 22:32:48 INFO    |  step: 68170240, training/rb_grad_mean_norm: 0.944 +/- 0.000
2025-11-20 22:32:48 INFO    |  step: 68170240, training/rb_grad_trvar: 54.917 +/- 0.000
2025-11-20 22:32:48 INFO    |  step: 68170240, eval/episode_reward: 244.820 +/- 0.000
2025-11-20 22:32:48 INFO    |  step: 68170240, eval/episode_success: 244.820 +/- 0.000
2025-11-20 22:32:48 INFO    |  step: 68170240, eval/episode_success_easy: 313.453 +/- 0.000
2025-11-20 22:32:48 INFO    |  step: 68170240, eval/episode_dist: 4500.999 +/- 0.000
2025-11-20 22:32:48 INFO    |  step: 68170240, eval/episode_success_any: 0.387 +/- 0.000
2025-11-20 22:32:48 INFO    |  step: 68170240, eval/episode_reward_ctrl: 0.000 +/- 0.000
2025-11-20 22:32:48 INFO    |  step: 68170240, eval/episode_reward_dist: 0.000 +/- 0.000
2025-11-20 22:32:48 INFO    |  step: 68170240, eval/episode_reward_near: 0.000 +/- 0.000
2025-11-20 22:32:48 INFO    |  step: 68170240, eval/episode_reward_survive: 0.000 +/- 0.000
2025-11-20 22:32:48 INFO    |  step: 68170240, eval/episode_success_hard: 0.000 +/- 0.000
2025-11-20 22:33:19 INFO    |  actor input shape: (10000, 31)
2025-11-20 22:33:19 INFO    |  encoder input shape: (10000, 37)
2025-11-20 22:33:19 INFO    |  encoder input shape: (10000, 2)
2025-11-20 22:33:19 INFO    |  actor input shape: (10000, 31)
2025-11-20 22:33:19 INFO    |  encoder input shape: (10000, 37)
2025-11-20 22:33:19 INFO    |  encoder input shape: (10000, 2)
2025-11-20 22:33:19 INFO    |  actor input shape: (10000, 31)
2025-11-20 22:33:19 INFO    |  encoder input shape: (10000, 37)
2025-11-20 22:33:19 INFO    |  encoder input shape: (10000, 2)
2025-11-20 22:33:19 INFO    |  Plotted visualizations at env step 68662272.0
2025-11-20 22:33:24 INFO    |  step: 68662272
2025-11-20 22:33:24 INFO    |  step: 68662272, training/sps: 15857.248 +/- 0.000
2025-11-20 22:33:24 INFO    |  step: 68662272, training/actor_loss: 3.430 +/- 0.000
2025-11-20 22:33:24 INFO    |  step: 68662272, training/adaptive_mixing_raw: 0.285 +/- 0.000
2025-11-20 22:33:24 INFO    |  step: 68662272, training/adaptive_mixing_smoothed: 0.285 +/- 0.000
2025-11-20 22:33:24 INFO    |  step: 68662272, training/alpha_loss: 0.000 +/- 0.000
2025-11-20 22:33:24 INFO    |  step: 68662272, training/critic_loss: 3.681 +/- 0.000
2025-11-20 22:33:24 INFO    |  step: 68662272, training/entropy: -3.999 +/- 0.000
2025-11-20 22:33:24 INFO    |  step: 68662272, training/env_grad_mean_norm: 0.605 +/- 0.000
2025-11-20 22:33:24 INFO    |  step: 68662272, training/env_grad_trvar: 59.860 +/- 0.000
2025-11-20 22:33:24 INFO    |  step: 68662272, training/env_rb_bias_squared: 1.234 +/- 0.000
2025-11-20 22:33:24 INFO    |  step: 68662272, training/log_alpha: -4.531 +/- 0.000
2025-11-20 22:33:24 INFO    |  step: 68662272, training/num_env_samples: 192.046 +/- 0.000
2025-11-20 22:33:24 INFO    |  step: 68662272, training/num_rb_samples: 63.954 +/- 0.000
2025-11-20 22:33:24 INFO    |  step: 68662272, training/rb_grad_mean_norm: 0.956 +/- 0.000
2025-11-20 22:33:24 INFO    |  step: 68662272, training/rb_grad_trvar: 56.212 +/- 0.000
2025-11-20 22:33:24 INFO    |  step: 68662272, eval/episode_reward: 252.082 +/- 0.000
2025-11-20 22:33:24 INFO    |  step: 68662272, eval/episode_success: 252.082 +/- 0.000
2025-11-20 22:33:24 INFO    |  step: 68662272, eval/episode_success_easy: 345.422 +/- 0.000
2025-11-20 22:33:24 INFO    |  step: 68662272, eval/episode_dist: 4570.780 +/- 0.000
2025-11-20 22:33:24 INFO    |  step: 68662272, eval/episode_success_any: 0.422 +/- 0.000
2025-11-20 22:33:24 INFO    |  step: 68662272, eval/episode_reward_ctrl: 0.000 +/- 0.000
2025-11-20 22:33:24 INFO    |  step: 68662272, eval/episode_reward_dist: 0.000 +/- 0.000
2025-11-20 22:33:24 INFO    |  step: 68662272, eval/episode_reward_near: 0.000 +/- 0.000
2025-11-20 22:33:24 INFO    |  step: 68662272, eval/episode_reward_survive: 0.000 +/- 0.000
2025-11-20 22:33:24 INFO    |  step: 68662272, eval/episode_success_hard: 0.000 +/- 0.000
2025-11-20 22:33:54 INFO    |  actor input shape: (10000, 31)
2025-11-20 22:33:54 INFO    |  encoder input shape: (10000, 37)
2025-11-20 22:33:54 INFO    |  encoder input shape: (10000, 2)
2025-11-20 22:33:55 INFO    |  actor input shape: (10000, 31)
2025-11-20 22:33:55 INFO    |  encoder input shape: (10000, 37)
2025-11-20 22:33:55 INFO    |  encoder input shape: (10000, 2)
2025-11-20 22:33:55 INFO    |  actor input shape: (10000, 31)
2025-11-20 22:33:55 INFO    |  encoder input shape: (10000, 37)
2025-11-20 22:33:55 INFO    |  encoder input shape: (10000, 2)
2025-11-20 22:33:55 INFO    |  Plotted visualizations at env step 69154304.0
2025-11-20 22:34:00 INFO    |  step: 69154304
2025-11-20 22:34:00 INFO    |  step: 69154304, training/sps: 15896.184 +/- 0.000
2025-11-20 22:34:00 INFO    |  step: 69154304, training/actor_loss: 3.428 +/- 0.000
2025-11-20 22:34:00 INFO    |  step: 69154304, training/adaptive_mixing_raw: 0.449 +/- 0.000
2025-11-20 22:34:00 INFO    |  step: 69154304, training/adaptive_mixing_smoothed: 0.449 +/- 0.000
2025-11-20 22:34:00 INFO    |  step: 69154304, training/alpha_loss: 0.000 +/- 0.000
2025-11-20 22:34:00 INFO    |  step: 69154304, training/critic_loss: 3.677 +/- 0.000
2025-11-20 22:34:00 INFO    |  step: 69154304, training/entropy: -4.000 +/- 0.000
2025-11-20 22:34:00 INFO    |  step: 69154304, training/env_grad_mean_norm: 0.607 +/- 0.000
2025-11-20 22:34:00 INFO    |  step: 69154304, training/env_grad_trvar: 60.047 +/- 0.000
2025-11-20 22:34:00 INFO    |  step: 69154304, training/env_rb_bias_squared: 1.228 +/- 0.000
2025-11-20 22:34:00 INFO    |  step: 69154304, training/log_alpha: -4.531 +/- 0.000
2025-11-20 22:34:00 INFO    |  step: 69154304, training/num_env_samples: 191.161 +/- 0.000
2025-11-20 22:34:00 INFO    |  step: 69154304, training/num_rb_samples: 64.839 +/- 0.000
2025-11-20 22:34:00 INFO    |  step: 69154304, training/rb_grad_mean_norm: 0.953 +/- 0.000
2025-11-20 22:34:00 INFO    |  step: 69154304, training/rb_grad_trvar: 56.550 +/- 0.000
2025-11-20 22:34:00 INFO    |  step: 69154304, eval/episode_reward: 278.238 +/- 0.000
2025-11-20 22:34:00 INFO    |  step: 69154304, eval/episode_success: 278.238 +/- 0.000
2025-11-20 22:34:00 INFO    |  step: 69154304, eval/episode_success_easy: 390.207 +/- 0.000
2025-11-20 22:34:00 INFO    |  step: 69154304, eval/episode_dist: 4018.346 +/- 0.000
2025-11-20 22:34:00 INFO    |  step: 69154304, eval/episode_success_any: 0.445 +/- 0.000
2025-11-20 22:34:00 INFO    |  step: 69154304, eval/episode_reward_ctrl: 0.000 +/- 0.000
2025-11-20 22:34:00 INFO    |  step: 69154304, eval/episode_reward_dist: 0.000 +/- 0.000
2025-11-20 22:34:00 INFO    |  step: 69154304, eval/episode_reward_near: 0.000 +/- 0.000
2025-11-20 22:34:00 INFO    |  step: 69154304, eval/episode_reward_survive: 0.000 +/- 0.000
2025-11-20 22:34:00 INFO    |  step: 69154304, eval/episode_success_hard: 0.000 +/- 0.000
2025-11-20 22:34:30 INFO    |  actor input shape: (10000, 31)
2025-11-20 22:34:30 INFO    |  encoder input shape: (10000, 37)
2025-11-20 22:34:30 INFO    |  encoder input shape: (10000, 2)
2025-11-20 22:34:30 INFO    |  actor input shape: (10000, 31)
2025-11-20 22:34:30 INFO    |  encoder input shape: (10000, 37)
2025-11-20 22:34:30 INFO    |  encoder input shape: (10000, 2)
2025-11-20 22:34:30 INFO    |  actor input shape: (10000, 31)
2025-11-20 22:34:30 INFO    |  encoder input shape: (10000, 37)
2025-11-20 22:34:30 INFO    |  encoder input shape: (10000, 2)
2025-11-20 22:34:31 INFO    |  Plotted visualizations at env step 69646336.0
2025-11-20 22:34:35 INFO    |  step: 69646336
2025-11-20 22:34:37 INFO    |  actor input shape: (1, 31)
2025-11-20 22:35:06 INFO    |  step: 69646336, training/sps: 15986.596 +/- 0.000
2025-11-20 22:35:06 INFO    |  step: 69646336, training/actor_loss: 3.426 +/- 0.000
2025-11-20 22:35:06 INFO    |  step: 69646336, training/adaptive_mixing_raw: 0.290 +/- 0.000
2025-11-20 22:35:06 INFO    |  step: 69646336, training/adaptive_mixing_smoothed: 0.290 +/- 0.000
2025-11-20 22:35:06 INFO    |  step: 69646336, training/alpha_loss: 0.000 +/- 0.000
2025-11-20 22:35:06 INFO    |  step: 69646336, training/critic_loss: 3.679 +/- 0.000
2025-11-20 22:35:06 INFO    |  step: 69646336, training/entropy: -4.000 +/- 0.000
2025-11-20 22:35:06 INFO    |  step: 69646336, training/env_grad_mean_norm: 0.604 +/- 0.000
2025-11-20 22:35:06 INFO    |  step: 69646336, training/env_grad_trvar: 59.443 +/- 0.000
2025-11-20 22:35:06 INFO    |  step: 69646336, training/env_rb_bias_squared: 1.218 +/- 0.000
2025-11-20 22:35:06 INFO    |  step: 69646336, training/log_alpha: -4.534 +/- 0.000
2025-11-20 22:35:06 INFO    |  step: 69646336, training/num_env_samples: 191.282 +/- 0.000
2025-11-20 22:35:06 INFO    |  step: 69646336, training/num_rb_samples: 64.718 +/- 0.000
2025-11-20 22:35:06 INFO    |  step: 69646336, training/rb_grad_mean_norm: 0.950 +/- 0.000
2025-11-20 22:35:06 INFO    |  step: 69646336, training/rb_grad_trvar: 56.111 +/- 0.000
2025-11-20 22:35:06 INFO    |  step: 69646336, eval/episode_reward: 177.629 +/- 0.000
2025-11-20 22:35:06 INFO    |  step: 69646336, eval/episode_success: 177.629 +/- 0.000
2025-11-20 22:35:06 INFO    |  step: 69646336, eval/episode_success_easy: 265.188 +/- 0.000
2025-11-20 22:35:06 INFO    |  step: 69646336, eval/episode_dist: 4586.685 +/- 0.000
2025-11-20 22:35:06 INFO    |  step: 69646336, eval/episode_success_any: 0.266 +/- 0.000
2025-11-20 22:35:06 INFO    |  step: 69646336, eval/episode_reward_ctrl: 0.000 +/- 0.000
2025-11-20 22:35:06 INFO    |  step: 69646336, eval/episode_reward_dist: 0.000 +/- 0.000
2025-11-20 22:35:06 INFO    |  step: 69646336, eval/episode_reward_near: 0.000 +/- 0.000
2025-11-20 22:35:06 INFO    |  step: 69646336, eval/episode_reward_survive: 0.000 +/- 0.000
2025-11-20 22:35:06 INFO    |  step: 69646336, eval/episode_success_hard: 0.000 +/- 0.000
2025-11-20 22:35:36 INFO    |  actor input shape: (10000, 31)
2025-11-20 22:35:36 INFO    |  encoder input shape: (10000, 37)
2025-11-20 22:35:36 INFO    |  encoder input shape: (10000, 2)
2025-11-20 22:35:36 INFO    |  actor input shape: (10000, 31)
2025-11-20 22:35:36 INFO    |  encoder input shape: (10000, 37)
2025-11-20 22:35:36 INFO    |  encoder input shape: (10000, 2)
2025-11-20 22:35:36 INFO    |  actor input shape: (10000, 31)
2025-11-20 22:35:36 INFO    |  encoder input shape: (10000, 37)
2025-11-20 22:35:36 INFO    |  encoder input shape: (10000, 2)
2025-11-20 22:35:36 INFO    |  Plotted visualizations at env step 70138368.0
2025-11-20 22:35:41 INFO    |  step: 70138368
2025-11-20 22:35:41 INFO    |  step: 70138368, training/sps: 15969.994 +/- 0.000
2025-11-20 22:35:41 INFO    |  step: 70138368, training/actor_loss: 3.418 +/- 0.000
2025-11-20 22:35:41 INFO    |  step: 70138368, training/adaptive_mixing_raw: 0.386 +/- 0.000
2025-11-20 22:35:41 INFO    |  step: 70138368, training/adaptive_mixing_smoothed: 0.386 +/- 0.000
2025-11-20 22:35:41 INFO    |  step: 70138368, training/alpha_loss: 0.000 +/- 0.000
2025-11-20 22:35:41 INFO    |  step: 70138368, training/critic_loss: 3.677 +/- 0.000
2025-11-20 22:35:41 INFO    |  step: 70138368, training/entropy: -4.000 +/- 0.000
2025-11-20 22:35:41 INFO    |  step: 70138368, training/env_grad_mean_norm: 0.601 +/- 0.000
2025-11-20 22:35:41 INFO    |  step: 70138368, training/env_grad_trvar: 59.190 +/- 0.000
2025-11-20 22:35:41 INFO    |  step: 70138368, training/env_rb_bias_squared: 1.226 +/- 0.000
2025-11-20 22:35:41 INFO    |  step: 70138368, training/log_alpha: -4.534 +/- 0.000
2025-11-20 22:35:41 INFO    |  step: 70138368, training/num_env_samples: 191.679 +/- 0.000
2025-11-20 22:35:41 INFO    |  step: 70138368, training/num_rb_samples: 64.321 +/- 0.000
2025-11-20 22:35:41 INFO    |  step: 70138368, training/rb_grad_mean_norm: 0.956 +/- 0.000
2025-11-20 22:35:41 INFO    |  step: 70138368, training/rb_grad_trvar: 56.431 +/- 0.000
2025-11-20 22:35:41 INFO    |  step: 70138368, eval/episode_reward: 325.305 +/- 0.000
2025-11-20 22:35:41 INFO    |  step: 70138368, eval/episode_success: 325.305 +/- 0.000
2025-11-20 22:35:41 INFO    |  step: 70138368, eval/episode_success_easy: 426.172 +/- 0.000
2025-11-20 22:35:41 INFO    |  step: 70138368, eval/episode_dist: 3895.715 +/- 0.000
2025-11-20 22:35:41 INFO    |  step: 70138368, eval/episode_success_any: 0.488 +/- 0.000
2025-11-20 22:35:41 INFO    |  step: 70138368, eval/episode_reward_ctrl: 0.000 +/- 0.000
2025-11-20 22:35:41 INFO    |  step: 70138368, eval/episode_reward_dist: 0.000 +/- 0.000
2025-11-20 22:35:41 INFO    |  step: 70138368, eval/episode_reward_near: 0.000 +/- 0.000
2025-11-20 22:35:41 INFO    |  step: 70138368, eval/episode_reward_survive: 0.000 +/- 0.000
2025-11-20 22:35:41 INFO    |  step: 70138368, eval/episode_success_hard: 0.000 +/- 0.000
2025-11-20 22:36:11 INFO    |  actor input shape: (10000, 31)
2025-11-20 22:36:11 INFO    |  encoder input shape: (10000, 37)
2025-11-20 22:36:11 INFO    |  encoder input shape: (10000, 2)
2025-11-20 22:36:11 INFO    |  actor input shape: (10000, 31)
2025-11-20 22:36:11 INFO    |  encoder input shape: (10000, 37)
2025-11-20 22:36:11 INFO    |  encoder input shape: (10000, 2)
2025-11-20 22:36:12 INFO    |  actor input shape: (10000, 31)
2025-11-20 22:36:12 INFO    |  encoder input shape: (10000, 37)
2025-11-20 22:36:12 INFO    |  encoder input shape: (10000, 2)
2025-11-20 22:36:12 INFO    |  Plotted visualizations at env step 70630400.0
2025-11-20 22:36:17 INFO    |  step: 70630400
2025-11-20 22:36:17 INFO    |  step: 70630400, training/sps: 16083.159 +/- 0.000
2025-11-20 22:36:17 INFO    |  step: 70630400, training/actor_loss: 3.425 +/- 0.000
2025-11-20 22:36:17 INFO    |  step: 70630400, training/adaptive_mixing_raw: 0.309 +/- 0.000
2025-11-20 22:36:17 INFO    |  step: 70630400, training/adaptive_mixing_smoothed: 0.309 +/- 0.000
2025-11-20 22:36:17 INFO    |  step: 70630400, training/alpha_loss: -0.000 +/- 0.000
2025-11-20 22:36:17 INFO    |  step: 70630400, training/critic_loss: 3.686 +/- 0.000
2025-11-20 22:36:17 INFO    |  step: 70630400, training/entropy: -4.001 +/- 0.000
2025-11-20 22:36:17 INFO    |  step: 70630400, training/env_grad_mean_norm: 0.603 +/- 0.000
2025-11-20 22:36:17 INFO    |  step: 70630400, training/env_grad_trvar: 59.870 +/- 0.000
2025-11-20 22:36:17 INFO    |  step: 70630400, training/env_rb_bias_squared: 1.226 +/- 0.000
2025-11-20 22:36:17 INFO    |  step: 70630400, training/log_alpha: -4.528 +/- 0.000
2025-11-20 22:36:17 INFO    |  step: 70630400, training/num_env_samples: 191.098 +/- 0.000
2025-11-20 22:36:17 INFO    |  step: 70630400, training/num_rb_samples: 64.902 +/- 0.000
2025-11-20 22:36:17 INFO    |  step: 70630400, training/rb_grad_mean_norm: 0.955 +/- 0.000
2025-11-20 22:36:17 INFO    |  step: 70630400, training/rb_grad_trvar: 56.725 +/- 0.000
2025-11-20 22:36:17 INFO    |  step: 70630400, eval/episode_reward: 261.070 +/- 0.000
2025-11-20 22:36:17 INFO    |  step: 70630400, eval/episode_success: 261.070 +/- 0.000
2025-11-20 22:36:17 INFO    |  step: 70630400, eval/episode_success_easy: 381.680 +/- 0.000
2025-11-20 22:36:17 INFO    |  step: 70630400, eval/episode_dist: 3256.178 +/- 0.000
2025-11-20 22:36:17 INFO    |  step: 70630400, eval/episode_success_any: 0.445 +/- 0.000
2025-11-20 22:36:17 INFO    |  step: 70630400, eval/episode_reward_ctrl: 0.000 +/- 0.000
2025-11-20 22:36:17 INFO    |  step: 70630400, eval/episode_reward_dist: 0.000 +/- 0.000
2025-11-20 22:36:17 INFO    |  step: 70630400, eval/episode_reward_near: 0.000 +/- 0.000
2025-11-20 22:36:17 INFO    |  step: 70630400, eval/episode_reward_survive: 0.000 +/- 0.000
2025-11-20 22:36:17 INFO    |  step: 70630400, eval/episode_success_hard: 0.000 +/- 0.000
2025-11-20 22:36:47 INFO    |  actor input shape: (10000, 31)
2025-11-20 22:36:47 INFO    |  encoder input shape: (10000, 37)
2025-11-20 22:36:47 INFO    |  encoder input shape: (10000, 2)
2025-11-20 22:36:47 INFO    |  actor input shape: (10000, 31)
2025-11-20 22:36:47 INFO    |  encoder input shape: (10000, 37)
2025-11-20 22:36:47 INFO    |  encoder input shape: (10000, 2)
2025-11-20 22:36:47 INFO    |  actor input shape: (10000, 31)
2025-11-20 22:36:47 INFO    |  encoder input shape: (10000, 37)
2025-11-20 22:36:47 INFO    |  encoder input shape: (10000, 2)
2025-11-20 22:36:47 INFO    |  Plotted visualizations at env step 71122432.0
2025-11-20 22:36:52 INFO    |  step: 71122432
2025-11-20 22:36:52 INFO    |  step: 71122432, training/sps: 15974.363 +/- 0.000
2025-11-20 22:36:52 INFO    |  step: 71122432, training/actor_loss: 3.434 +/- 0.000
2025-11-20 22:36:52 INFO    |  step: 71122432, training/adaptive_mixing_raw: 0.258 +/- 0.000
2025-11-20 22:36:52 INFO    |  step: 71122432, training/adaptive_mixing_smoothed: 0.258 +/- 0.000
2025-11-20 22:36:52 INFO    |  step: 71122432, training/alpha_loss: 0.000 +/- 0.000
2025-11-20 22:36:52 INFO    |  step: 71122432, training/critic_loss: 3.696 +/- 0.000
2025-11-20 22:36:52 INFO    |  step: 71122432, training/entropy: -3.999 +/- 0.000
2025-11-20 22:36:52 INFO    |  step: 71122432, training/env_grad_mean_norm: 0.603 +/- 0.000
2025-11-20 22:36:52 INFO    |  step: 71122432, training/env_grad_trvar: 59.953 +/- 0.000
2025-11-20 22:36:52 INFO    |  step: 71122432, training/env_rb_bias_squared: 1.225 +/- 0.000
2025-11-20 22:36:52 INFO    |  step: 71122432, training/log_alpha: -4.519 +/- 0.000
2025-11-20 22:36:52 INFO    |  step: 71122432, training/num_env_samples: 190.529 +/- 0.000
2025-11-20 22:36:52 INFO    |  step: 71122432, training/num_rb_samples: 65.471 +/- 0.000
2025-11-20 22:36:52 INFO    |  step: 71122432, training/rb_grad_mean_norm: 0.954 +/- 0.000
2025-11-20 22:36:52 INFO    |  step: 71122432, training/rb_grad_trvar: 57.210 +/- 0.000
2025-11-20 22:36:52 INFO    |  step: 71122432, eval/episode_reward: 263.844 +/- 0.000
2025-11-20 22:36:52 INFO    |  step: 71122432, eval/episode_success: 263.844 +/- 0.000
2025-11-20 22:36:52 INFO    |  step: 71122432, eval/episode_success_easy: 377.109 +/- 0.000
2025-11-20 22:36:52 INFO    |  step: 71122432, eval/episode_dist: 3961.995 +/- 0.000
2025-11-20 22:36:52 INFO    |  step: 71122432, eval/episode_success_any: 0.441 +/- 0.000
2025-11-20 22:36:52 INFO    |  step: 71122432, eval/episode_reward_ctrl: 0.000 +/- 0.000
2025-11-20 22:36:52 INFO    |  step: 71122432, eval/episode_reward_dist: 0.000 +/- 0.000
2025-11-20 22:36:52 INFO    |  step: 71122432, eval/episode_reward_near: 0.000 +/- 0.000
2025-11-20 22:36:52 INFO    |  step: 71122432, eval/episode_reward_survive: 0.000 +/- 0.000
2025-11-20 22:36:52 INFO    |  step: 71122432, eval/episode_success_hard: 0.000 +/- 0.000
2025-11-20 22:37:22 INFO    |  actor input shape: (10000, 31)
2025-11-20 22:37:22 INFO    |  encoder input shape: (10000, 37)
2025-11-20 22:37:22 INFO    |  encoder input shape: (10000, 2)
2025-11-20 22:37:23 INFO    |  actor input shape: (10000, 31)
2025-11-20 22:37:23 INFO    |  encoder input shape: (10000, 37)
2025-11-20 22:37:23 INFO    |  encoder input shape: (10000, 2)
2025-11-20 22:37:23 INFO    |  actor input shape: (10000, 31)
2025-11-20 22:37:23 INFO    |  encoder input shape: (10000, 37)
2025-11-20 22:37:23 INFO    |  encoder input shape: (10000, 2)
2025-11-20 22:37:23 INFO    |  Plotted visualizations at env step 71614464.0
2025-11-20 22:37:28 INFO    |  step: 71614464
2025-11-20 22:37:28 INFO    |  step: 71614464, training/sps: 15874.958 +/- 0.000
2025-11-20 22:37:28 INFO    |  step: 71614464, training/actor_loss: 3.440 +/- 0.000
2025-11-20 22:37:28 INFO    |  step: 71614464, training/adaptive_mixing_raw: 0.435 +/- 0.000
2025-11-20 22:37:28 INFO    |  step: 71614464, training/adaptive_mixing_smoothed: 0.435 +/- 0.000
2025-11-20 22:37:28 INFO    |  step: 71614464, training/alpha_loss: 0.000 +/- 0.000
2025-11-20 22:37:28 INFO    |  step: 71614464, training/critic_loss: 3.696 +/- 0.000
2025-11-20 22:37:28 INFO    |  step: 71614464, training/entropy: -4.000 +/- 0.000
2025-11-20 22:37:28 INFO    |  step: 71614464, training/env_grad_mean_norm: 0.592 +/- 0.000
2025-11-20 22:37:28 INFO    |  step: 71614464, training/env_grad_trvar: 58.472 +/- 0.000
2025-11-20 22:37:28 INFO    |  step: 71614464, training/env_rb_bias_squared: 1.203 +/- 0.000
2025-11-20 22:37:28 INFO    |  step: 71614464, training/log_alpha: -4.532 +/- 0.000
2025-11-20 22:37:28 INFO    |  step: 71614464, training/num_env_samples: 191.204 +/- 0.000
2025-11-20 22:37:28 INFO    |  step: 71614464, training/num_rb_samples: 64.796 +/- 0.000
2025-11-20 22:37:28 INFO    |  step: 71614464, training/rb_grad_mean_norm: 0.946 +/- 0.000
2025-11-20 22:37:28 INFO    |  step: 71614464, training/rb_grad_trvar: 55.715 +/- 0.000
2025-11-20 22:37:28 INFO    |  step: 71614464, eval/episode_reward: 282.316 +/- 0.000
2025-11-20 22:37:28 INFO    |  step: 71614464, eval/episode_success: 282.316 +/- 0.000
2025-11-20 22:37:28 INFO    |  step: 71614464, eval/episode_success_easy: 369.133 +/- 0.000
2025-11-20 22:37:28 INFO    |  step: 71614464, eval/episode_dist: 4265.872 +/- 0.000
2025-11-20 22:37:28 INFO    |  step: 71614464, eval/episode_success_any: 0.461 +/- 0.000
2025-11-20 22:37:28 INFO    |  step: 71614464, eval/episode_reward_ctrl: 0.000 +/- 0.000
2025-11-20 22:37:28 INFO    |  step: 71614464, eval/episode_reward_dist: 0.000 +/- 0.000
2025-11-20 22:37:28 INFO    |  step: 71614464, eval/episode_reward_near: 0.000 +/- 0.000
2025-11-20 22:37:28 INFO    |  step: 71614464, eval/episode_reward_survive: 0.000 +/- 0.000
2025-11-20 22:37:28 INFO    |  step: 71614464, eval/episode_success_hard: 0.000 +/- 0.000
2025-11-20 22:37:58 INFO    |  actor input shape: (10000, 31)
2025-11-20 22:37:58 INFO    |  encoder input shape: (10000, 37)
2025-11-20 22:37:58 INFO    |  encoder input shape: (10000, 2)
2025-11-20 22:37:59 INFO    |  actor input shape: (10000, 31)
2025-11-20 22:37:59 INFO    |  encoder input shape: (10000, 37)
2025-11-20 22:37:59 INFO    |  encoder input shape: (10000, 2)
2025-11-20 22:37:59 INFO    |  actor input shape: (10000, 31)
2025-11-20 22:37:59 INFO    |  encoder input shape: (10000, 37)
2025-11-20 22:37:59 INFO    |  encoder input shape: (10000, 2)
2025-11-20 22:37:59 INFO    |  Plotted visualizations at env step 72106496.0
2025-11-20 22:38:04 INFO    |  step: 72106496
2025-11-20 22:38:06 INFO    |  actor input shape: (1, 31)
2025-11-20 22:38:33 INFO    |  step: 72106496, training/sps: 15826.414 +/- 0.000
2025-11-20 22:38:33 INFO    |  step: 72106496, training/actor_loss: 3.434 +/- 0.000
2025-11-20 22:38:33 INFO    |  step: 72106496, training/adaptive_mixing_raw: 0.423 +/- 0.000
2025-11-20 22:38:33 INFO    |  step: 72106496, training/adaptive_mixing_smoothed: 0.423 +/- 0.000
2025-11-20 22:38:33 INFO    |  step: 72106496, training/alpha_loss: 0.000 +/- 0.000
2025-11-20 22:38:33 INFO    |  step: 72106496, training/critic_loss: 3.685 +/- 0.000
2025-11-20 22:38:33 INFO    |  step: 72106496, training/entropy: -3.999 +/- 0.000
2025-11-20 22:38:33 INFO    |  step: 72106496, training/env_grad_mean_norm: 0.588 +/- 0.000
2025-11-20 22:38:33 INFO    |  step: 72106496, training/env_grad_trvar: 57.864 +/- 0.000
2025-11-20 22:38:33 INFO    |  step: 72106496, training/env_rb_bias_squared: 1.192 +/- 0.000
2025-11-20 22:38:33 INFO    |  step: 72106496, training/log_alpha: -4.538 +/- 0.000
2025-11-20 22:38:33 INFO    |  step: 72106496, training/num_env_samples: 191.867 +/- 0.000
2025-11-20 22:38:33 INFO    |  step: 72106496, training/num_rb_samples: 64.133 +/- 0.000
2025-11-20 22:38:33 INFO    |  step: 72106496, training/rb_grad_mean_norm: 0.941 +/- 0.000
2025-11-20 22:38:33 INFO    |  step: 72106496, training/rb_grad_trvar: 54.635 +/- 0.000
2025-11-20 22:38:33 INFO    |  step: 72106496, eval/episode_reward: 249.637 +/- 0.000
2025-11-20 22:38:33 INFO    |  step: 72106496, eval/episode_success: 249.637 +/- 0.000
2025-11-20 22:38:33 INFO    |  step: 72106496, eval/episode_success_easy: 340.762 +/- 0.000
2025-11-20 22:38:33 INFO    |  step: 72106496, eval/episode_dist: 4284.354 +/- 0.000
2025-11-20 22:38:33 INFO    |  step: 72106496, eval/episode_success_any: 0.430 +/- 0.000
2025-11-20 22:38:33 INFO    |  step: 72106496, eval/episode_reward_ctrl: 0.000 +/- 0.000
2025-11-20 22:38:33 INFO    |  step: 72106496, eval/episode_reward_dist: 0.000 +/- 0.000
2025-11-20 22:38:33 INFO    |  step: 72106496, eval/episode_reward_near: 0.000 +/- 0.000
2025-11-20 22:38:33 INFO    |  step: 72106496, eval/episode_reward_survive: 0.000 +/- 0.000
2025-11-20 22:38:33 INFO    |  step: 72106496, eval/episode_success_hard: 0.000 +/- 0.000
2025-11-20 22:39:03 INFO    |  actor input shape: (10000, 31)
2025-11-20 22:39:03 INFO    |  encoder input shape: (10000, 37)
2025-11-20 22:39:03 INFO    |  encoder input shape: (10000, 2)
2025-11-20 22:39:04 INFO    |  actor input shape: (10000, 31)
2025-11-20 22:39:04 INFO    |  encoder input shape: (10000, 37)
2025-11-20 22:39:04 INFO    |  encoder input shape: (10000, 2)
2025-11-20 22:39:04 INFO    |  actor input shape: (10000, 31)
2025-11-20 22:39:04 INFO    |  encoder input shape: (10000, 37)
2025-11-20 22:39:04 INFO    |  encoder input shape: (10000, 2)
2025-11-20 22:39:04 INFO    |  Plotted visualizations at env step 72598528.0
2025-11-20 22:39:09 INFO    |  step: 72598528
2025-11-20 22:39:09 INFO    |  step: 72598528, training/sps: 15705.348 +/- 0.000
2025-11-20 22:39:09 INFO    |  step: 72598528, training/actor_loss: 3.426 +/- 0.000
2025-11-20 22:39:09 INFO    |  step: 72598528, training/adaptive_mixing_raw: 0.408 +/- 0.000
2025-11-20 22:39:09 INFO    |  step: 72598528, training/adaptive_mixing_smoothed: 0.408 +/- 0.000
2025-11-20 22:39:09 INFO    |  step: 72598528, training/alpha_loss: -0.000 +/- 0.000
2025-11-20 22:39:09 INFO    |  step: 72598528, training/critic_loss: 3.678 +/- 0.000
2025-11-20 22:39:09 INFO    |  step: 72598528, training/entropy: -4.000 +/- 0.000
2025-11-20 22:39:09 INFO    |  step: 72598528, training/env_grad_mean_norm: 0.599 +/- 0.000
2025-11-20 22:39:09 INFO    |  step: 72598528, training/env_grad_trvar: 59.862 +/- 0.000
2025-11-20 22:39:09 INFO    |  step: 72598528, training/env_rb_bias_squared: 1.219 +/- 0.000
2025-11-20 22:39:09 INFO    |  step: 72598528, training/log_alpha: -4.535 +/- 0.000
2025-11-20 22:39:09 INFO    |  step: 72598528, training/num_env_samples: 191.606 +/- 0.000
2025-11-20 22:39:09 INFO    |  step: 72598528, training/num_rb_samples: 64.394 +/- 0.000
2025-11-20 22:39:09 INFO    |  step: 72598528, training/rb_grad_mean_norm: 0.949 +/- 0.000
2025-11-20 22:39:09 INFO    |  step: 72598528, training/rb_grad_trvar: 55.773 +/- 0.000
2025-11-20 22:39:09 INFO    |  step: 72598528, eval/episode_reward: 323.977 +/- 0.000
2025-11-20 22:39:09 INFO    |  step: 72598528, eval/episode_success: 323.977 +/- 0.000
2025-11-20 22:39:09 INFO    |  step: 72598528, eval/episode_success_easy: 420.168 +/- 0.000
2025-11-20 22:39:09 INFO    |  step: 72598528, eval/episode_dist: 3054.289 +/- 0.000
2025-11-20 22:39:09 INFO    |  step: 72598528, eval/episode_success_any: 0.512 +/- 0.000
2025-11-20 22:39:09 INFO    |  step: 72598528, eval/episode_reward_ctrl: 0.000 +/- 0.000
2025-11-20 22:39:09 INFO    |  step: 72598528, eval/episode_reward_dist: 0.000 +/- 0.000
2025-11-20 22:39:09 INFO    |  step: 72598528, eval/episode_reward_near: 0.000 +/- 0.000
2025-11-20 22:39:09 INFO    |  step: 72598528, eval/episode_reward_survive: 0.000 +/- 0.000
2025-11-20 22:39:09 INFO    |  step: 72598528, eval/episode_success_hard: 0.000 +/- 0.000
2025-11-20 22:39:39 INFO    |  actor input shape: (10000, 31)
2025-11-20 22:39:40 INFO    |  encoder input shape: (10000, 37)
2025-11-20 22:39:40 INFO    |  encoder input shape: (10000, 2)
2025-11-20 22:39:40 INFO    |  actor input shape: (10000, 31)
2025-11-20 22:39:40 INFO    |  encoder input shape: (10000, 37)
2025-11-20 22:39:40 INFO    |  encoder input shape: (10000, 2)
2025-11-20 22:39:40 INFO    |  actor input shape: (10000, 31)
2025-11-20 22:39:40 INFO    |  encoder input shape: (10000, 37)
2025-11-20 22:39:40 INFO    |  encoder input shape: (10000, 2)
2025-11-20 22:39:40 INFO    |  Plotted visualizations at env step 73090560.0
2025-11-20 22:39:45 INFO    |  step: 73090560
2025-11-20 22:39:45 INFO    |  step: 73090560, training/sps: 15731.671 +/- 0.000
2025-11-20 22:39:45 INFO    |  step: 73090560, training/actor_loss: 3.415 +/- 0.000
2025-11-20 22:39:45 INFO    |  step: 73090560, training/adaptive_mixing_raw: 0.279 +/- 0.000
2025-11-20 22:39:45 INFO    |  step: 73090560, training/adaptive_mixing_smoothed: 0.279 +/- 0.000
2025-11-20 22:39:45 INFO    |  step: 73090560, training/alpha_loss: -0.000 +/- 0.000
2025-11-20 22:39:45 INFO    |  step: 73090560, training/critic_loss: 3.672 +/- 0.000
2025-11-20 22:39:45 INFO    |  step: 73090560, training/entropy: -4.001 +/- 0.000
2025-11-20 22:39:45 INFO    |  step: 73090560, training/env_grad_mean_norm: 0.594 +/- 0.000
2025-11-20 22:39:45 INFO    |  step: 73090560, training/env_grad_trvar: 58.438 +/- 0.000
2025-11-20 22:39:45 INFO    |  step: 73090560, training/env_rb_bias_squared: 1.194 +/- 0.000
2025-11-20 22:39:45 INFO    |  step: 73090560, training/log_alpha: -4.526 +/- 0.000
2025-11-20 22:39:45 INFO    |  step: 73090560, training/num_env_samples: 191.121 +/- 0.000
2025-11-20 22:39:45 INFO    |  step: 73090560, training/num_rb_samples: 64.879 +/- 0.000
2025-11-20 22:39:45 INFO    |  step: 73090560, training/rb_grad_mean_norm: 0.939 +/- 0.000
2025-11-20 22:39:45 INFO    |  step: 73090560, training/rb_grad_trvar: 54.984 +/- 0.000
2025-11-20 22:39:45 INFO    |  step: 73090560, eval/episode_reward: 211.699 +/- 0.000
2025-11-20 22:39:45 INFO    |  step: 73090560, eval/episode_success: 211.699 +/- 0.000
2025-11-20 22:39:45 INFO    |  step: 73090560, eval/episode_success_easy: 287.734 +/- 0.000
2025-11-20 22:39:45 INFO    |  step: 73090560, eval/episode_dist: 4326.797 +/- 0.000
2025-11-20 22:39:45 INFO    |  step: 73090560, eval/episode_success_any: 0.352 +/- 0.000
2025-11-20 22:39:45 INFO    |  step: 73090560, eval/episode_reward_ctrl: 0.000 +/- 0.000
2025-11-20 22:39:45 INFO    |  step: 73090560, eval/episode_reward_dist: 0.000 +/- 0.000
2025-11-20 22:39:45 INFO    |  step: 73090560, eval/episode_reward_near: 0.000 +/- 0.000
2025-11-20 22:39:45 INFO    |  step: 73090560, eval/episode_reward_survive: 0.000 +/- 0.000
2025-11-20 22:39:45 INFO    |  step: 73090560, eval/episode_success_hard: 0.000 +/- 0.000
2025-11-20 22:40:17 INFO    |  actor input shape: (10000, 31)
2025-11-20 22:40:17 INFO    |  encoder input shape: (10000, 37)
2025-11-20 22:40:17 INFO    |  encoder input shape: (10000, 2)
2025-11-20 22:40:18 INFO    |  actor input shape: (10000, 31)
2025-11-20 22:40:18 INFO    |  encoder input shape: (10000, 37)
2025-11-20 22:40:18 INFO    |  encoder input shape: (10000, 2)
2025-11-20 22:40:18 INFO    |  actor input shape: (10000, 31)
2025-11-20 22:40:18 INFO    |  encoder input shape: (10000, 37)
2025-11-20 22:40:18 INFO    |  encoder input shape: (10000, 2)
2025-11-20 22:40:18 INFO    |  Plotted visualizations at env step 73582592.0
2025-11-20 22:40:23 INFO    |  step: 73582592
2025-11-20 22:40:23 INFO    |  step: 73582592, training/sps: 14862.039 +/- 0.000
2025-11-20 22:40:23 INFO    |  step: 73582592, training/actor_loss: 3.413 +/- 0.000
2025-11-20 22:40:23 INFO    |  step: 73582592, training/adaptive_mixing_raw: 0.187 +/- 0.000
2025-11-20 22:40:23 INFO    |  step: 73582592, training/adaptive_mixing_smoothed: 0.187 +/- 0.000
2025-11-20 22:40:23 INFO    |  step: 73582592, training/alpha_loss: -0.000 +/- 0.000
2025-11-20 22:40:23 INFO    |  step: 73582592, training/critic_loss: 3.665 +/- 0.000
2025-11-20 22:40:23 INFO    |  step: 73582592, training/entropy: -4.002 +/- 0.000
2025-11-20 22:40:23 INFO    |  step: 73582592, training/env_grad_mean_norm: 0.599 +/- 0.000
2025-11-20 22:40:23 INFO    |  step: 73582592, training/env_grad_trvar: 59.720 +/- 0.000
2025-11-20 22:40:23 INFO    |  step: 73582592, training/env_rb_bias_squared: 1.228 +/- 0.000
2025-11-20 22:40:23 INFO    |  step: 73582592, training/log_alpha: -4.525 +/- 0.000
2025-11-20 22:40:23 INFO    |  step: 73582592, training/num_env_samples: 192.108 +/- 0.000
2025-11-20 22:40:23 INFO    |  step: 73582592, training/num_rb_samples: 63.892 +/- 0.000
2025-11-20 22:40:23 INFO    |  step: 73582592, training/rb_grad_mean_norm: 0.954 +/- 0.000
2025-11-20 22:40:23 INFO    |  step: 73582592, training/rb_grad_trvar: 55.963 +/- 0.000
2025-11-20 22:40:23 INFO    |  step: 73582592, eval/episode_reward: 199.973 +/- 0.000
2025-11-20 22:40:23 INFO    |  step: 73582592, eval/episode_success: 199.973 +/- 0.000
2025-11-20 22:40:23 INFO    |  step: 73582592, eval/episode_success_easy: 321.355 +/- 0.000
2025-11-20 22:40:23 INFO    |  step: 73582592, eval/episode_dist: 4069.295 +/- 0.000
2025-11-20 22:40:23 INFO    |  step: 73582592, eval/episode_success_any: 0.355 +/- 0.000
2025-11-20 22:40:23 INFO    |  step: 73582592, eval/episode_reward_ctrl: 0.000 +/- 0.000
2025-11-20 22:40:23 INFO    |  step: 73582592, eval/episode_reward_dist: 0.000 +/- 0.000
2025-11-20 22:40:23 INFO    |  step: 73582592, eval/episode_reward_near: 0.000 +/- 0.000
2025-11-20 22:40:23 INFO    |  step: 73582592, eval/episode_reward_survive: 0.000 +/- 0.000
2025-11-20 22:40:23 INFO    |  step: 73582592, eval/episode_success_hard: 0.000 +/- 0.000
2025-11-20 22:40:53 INFO    |  actor input shape: (10000, 31)
2025-11-20 22:40:53 INFO    |  encoder input shape: (10000, 37)
2025-11-20 22:40:53 INFO    |  encoder input shape: (10000, 2)
2025-11-20 22:40:54 INFO    |  actor input shape: (10000, 31)
2025-11-20 22:40:54 INFO    |  encoder input shape: (10000, 37)
2025-11-20 22:40:54 INFO    |  encoder input shape: (10000, 2)
2025-11-20 22:40:54 INFO    |  actor input shape: (10000, 31)
2025-11-20 22:40:54 INFO    |  encoder input shape: (10000, 37)
2025-11-20 22:40:54 INFO    |  encoder input shape: (10000, 2)
2025-11-20 22:40:54 INFO    |  Plotted visualizations at env step 74074624.0
2025-11-20 22:40:59 INFO    |  step: 74074624
2025-11-20 22:40:59 INFO    |  step: 74074624, training/sps: 15771.359 +/- 0.000
2025-11-20 22:40:59 INFO    |  step: 74074624, training/actor_loss: 3.392 +/- 0.000
2025-11-20 22:40:59 INFO    |  step: 74074624, training/adaptive_mixing_raw: 0.357 +/- 0.000
2025-11-20 22:40:59 INFO    |  step: 74074624, training/adaptive_mixing_smoothed: 0.357 +/- 0.000
2025-11-20 22:40:59 INFO    |  step: 74074624, training/alpha_loss: 0.000 +/- 0.000
2025-11-20 22:40:59 INFO    |  step: 74074624, training/critic_loss: 3.650 +/- 0.000
2025-11-20 22:40:59 INFO    |  step: 74074624, training/entropy: -3.999 +/- 0.000
2025-11-20 22:40:59 INFO    |  step: 74074624, training/env_grad_mean_norm: 0.607 +/- 0.000
2025-11-20 22:40:59 INFO    |  step: 74074624, training/env_grad_trvar: 60.545 +/- 0.000
2025-11-20 22:40:59 INFO    |  step: 74074624, training/env_rb_bias_squared: 1.237 +/- 0.000
2025-11-20 22:40:59 INFO    |  step: 74074624, training/log_alpha: -4.502 +/- 0.000
2025-11-20 22:40:59 INFO    |  step: 74074624, training/num_env_samples: 192.251 +/- 0.000
2025-11-20 22:40:59 INFO    |  step: 74074624, training/num_rb_samples: 63.749 +/- 0.000
2025-11-20 22:40:59 INFO    |  step: 74074624, training/rb_grad_mean_norm: 0.955 +/- 0.000
2025-11-20 22:40:59 INFO    |  step: 74074624, training/rb_grad_trvar: 56.085 +/- 0.000
2025-11-20 22:40:59 INFO    |  step: 74074624, eval/episode_reward: 241.699 +/- 0.000
2025-11-20 22:40:59 INFO    |  step: 74074624, eval/episode_success: 241.699 +/- 0.000
2025-11-20 22:40:59 INFO    |  step: 74074624, eval/episode_success_easy: 323.758 +/- 0.000
2025-11-20 22:40:59 INFO    |  step: 74074624, eval/episode_dist: 4808.236 +/- 0.000
2025-11-20 22:40:59 INFO    |  step: 74074624, eval/episode_success_any: 0.391 +/- 0.000
2025-11-20 22:40:59 INFO    |  step: 74074624, eval/episode_reward_ctrl: 0.000 +/- 0.000
2025-11-20 22:40:59 INFO    |  step: 74074624, eval/episode_reward_dist: 0.000 +/- 0.000
2025-11-20 22:40:59 INFO    |  step: 74074624, eval/episode_reward_near: 0.000 +/- 0.000
2025-11-20 22:40:59 INFO    |  step: 74074624, eval/episode_reward_survive: 0.000 +/- 0.000
2025-11-20 22:40:59 INFO    |  step: 74074624, eval/episode_success_hard: 0.000 +/- 0.000
2025-11-20 22:41:29 INFO    |  actor input shape: (10000, 31)
2025-11-20 22:41:29 INFO    |  encoder input shape: (10000, 37)
2025-11-20 22:41:29 INFO    |  encoder input shape: (10000, 2)
2025-11-20 22:41:29 INFO    |  actor input shape: (10000, 31)
2025-11-20 22:41:29 INFO    |  encoder input shape: (10000, 37)
2025-11-20 22:41:29 INFO    |  encoder input shape: (10000, 2)
2025-11-20 22:41:30 INFO    |  actor input shape: (10000, 31)
2025-11-20 22:41:30 INFO    |  encoder input shape: (10000, 37)
2025-11-20 22:41:30 INFO    |  encoder input shape: (10000, 2)
2025-11-20 22:41:30 INFO    |  Plotted visualizations at env step 74566656.0
2025-11-20 22:41:35 INFO    |  step: 74566656
2025-11-20 22:41:36 INFO    |  actor input shape: (1, 31)
2025-11-20 22:42:03 INFO    |  step: 74566656, training/sps: 15943.882 +/- 0.000
2025-11-20 22:42:03 INFO    |  step: 74566656, training/actor_loss: 3.409 +/- 0.000
2025-11-20 22:42:03 INFO    |  step: 74566656, training/adaptive_mixing_raw: 0.283 +/- 0.000
2025-11-20 22:42:03 INFO    |  step: 74566656, training/adaptive_mixing_smoothed: 0.283 +/- 0.000
2025-11-20 22:42:03 INFO    |  step: 74566656, training/alpha_loss: -0.000 +/- 0.000
2025-11-20 22:42:03 INFO    |  step: 74566656, training/critic_loss: 3.668 +/- 0.000
2025-11-20 22:42:03 INFO    |  step: 74566656, training/entropy: -4.001 +/- 0.000
2025-11-20 22:42:03 INFO    |  step: 74566656, training/env_grad_mean_norm: 0.602 +/- 0.000
2025-11-20 22:42:03 INFO    |  step: 74566656, training/env_grad_trvar: 59.893 +/- 0.000
2025-11-20 22:42:03 INFO    |  step: 74566656, training/env_rb_bias_squared: 1.212 +/- 0.000
2025-11-20 22:42:03 INFO    |  step: 74566656, training/log_alpha: -4.506 +/- 0.000
2025-11-20 22:42:03 INFO    |  step: 74566656, training/num_env_samples: 191.424 +/- 0.000
2025-11-20 22:42:03 INFO    |  step: 74566656, training/num_rb_samples: 64.576 +/- 0.000
2025-11-20 22:42:03 INFO    |  step: 74566656, training/rb_grad_mean_norm: 0.943 +/- 0.000
2025-11-20 22:42:03 INFO    |  step: 74566656, training/rb_grad_trvar: 55.208 +/- 0.000
2025-11-20 22:42:03 INFO    |  step: 74566656, eval/episode_reward: 223.152 +/- 0.000
2025-11-20 22:42:03 INFO    |  step: 74566656, eval/episode_success: 223.152 +/- 0.000
2025-11-20 22:42:03 INFO    |  step: 74566656, eval/episode_success_easy: 334.645 +/- 0.000
2025-11-20 22:42:03 INFO    |  step: 74566656, eval/episode_dist: 4371.961 +/- 0.000
2025-11-20 22:42:03 INFO    |  step: 74566656, eval/episode_success_any: 0.379 +/- 0.000
2025-11-20 22:42:03 INFO    |  step: 74566656, eval/episode_reward_ctrl: 0.000 +/- 0.000
2025-11-20 22:42:03 INFO    |  step: 74566656, eval/episode_reward_dist: 0.000 +/- 0.000
2025-11-20 22:42:03 INFO    |  step: 74566656, eval/episode_reward_near: 0.000 +/- 0.000
2025-11-20 22:42:03 INFO    |  step: 74566656, eval/episode_reward_survive: 0.000 +/- 0.000
2025-11-20 22:42:03 INFO    |  step: 74566656, eval/episode_success_hard: 0.000 +/- 0.000
2025-11-20 22:42:33 INFO    |  actor input shape: (10000, 31)
2025-11-20 22:42:33 INFO    |  encoder input shape: (10000, 37)
2025-11-20 22:42:33 INFO    |  encoder input shape: (10000, 2)
2025-11-20 22:42:33 INFO    |  actor input shape: (10000, 31)
2025-11-20 22:42:33 INFO    |  encoder input shape: (10000, 37)
2025-11-20 22:42:33 INFO    |  encoder input shape: (10000, 2)
2025-11-20 22:42:34 INFO    |  actor input shape: (10000, 31)
2025-11-20 22:42:34 INFO    |  encoder input shape: (10000, 37)
2025-11-20 22:42:34 INFO    |  encoder input shape: (10000, 2)
2025-11-20 22:42:34 INFO    |  Plotted visualizations at env step 75058688.0
2025-11-20 22:42:39 INFO    |  step: 75058688
2025-11-20 22:42:39 INFO    |  step: 75058688, training/sps: 15911.646 +/- 0.000
2025-11-20 22:42:39 INFO    |  step: 75058688, training/actor_loss: 3.409 +/- 0.000
2025-11-20 22:42:39 INFO    |  step: 75058688, training/adaptive_mixing_raw: 0.379 +/- 0.000
2025-11-20 22:42:39 INFO    |  step: 75058688, training/adaptive_mixing_smoothed: 0.379 +/- 0.000
2025-11-20 22:42:39 INFO    |  step: 75058688, training/alpha_loss: 0.000 +/- 0.000
2025-11-20 22:42:39 INFO    |  step: 75058688, training/critic_loss: 3.673 +/- 0.000
2025-11-20 22:42:39 INFO    |  step: 75058688, training/entropy: -3.999 +/- 0.000
2025-11-20 22:42:39 INFO    |  step: 75058688, training/env_grad_mean_norm: 0.600 +/- 0.000
2025-11-20 22:42:39 INFO    |  step: 75058688, training/env_grad_trvar: 59.368 +/- 0.000
2025-11-20 22:42:39 INFO    |  step: 75058688, training/env_rb_bias_squared: 1.203 +/- 0.000
2025-11-20 22:42:39 INFO    |  step: 75058688, training/log_alpha: -4.519 +/- 0.000
2025-11-20 22:42:39 INFO    |  step: 75058688, training/num_env_samples: 191.098 +/- 0.000
2025-11-20 22:42:39 INFO    |  step: 75058688, training/num_rb_samples: 64.902 +/- 0.000
2025-11-20 22:42:39 INFO    |  step: 75058688, training/rb_grad_mean_norm: 0.939 +/- 0.000
2025-11-20 22:42:39 INFO    |  step: 75058688, training/rb_grad_trvar: 55.235 +/- 0.000
2025-11-20 22:42:39 INFO    |  step: 75058688, eval/episode_reward: 228.633 +/- 0.000
2025-11-20 22:42:39 INFO    |  step: 75058688, eval/episode_success: 228.633 +/- 0.000
2025-11-20 22:42:39 INFO    |  step: 75058688, eval/episode_success_easy: 288.031 +/- 0.000
2025-11-20 22:42:39 INFO    |  step: 75058688, eval/episode_dist: 4460.003 +/- 0.000
2025-11-20 22:42:39 INFO    |  step: 75058688, eval/episode_success_any: 0.344 +/- 0.000
2025-11-20 22:42:39 INFO    |  step: 75058688, eval/episode_reward_ctrl: 0.000 +/- 0.000
2025-11-20 22:42:39 INFO    |  step: 75058688, eval/episode_reward_dist: 0.000 +/- 0.000
2025-11-20 22:42:39 INFO    |  step: 75058688, eval/episode_reward_near: 0.000 +/- 0.000
2025-11-20 22:42:39 INFO    |  step: 75058688, eval/episode_reward_survive: 0.000 +/- 0.000
2025-11-20 22:42:39 INFO    |  step: 75058688, eval/episode_success_hard: 0.000 +/- 0.000
2025-11-20 22:43:09 INFO    |  actor input shape: (10000, 31)
2025-11-20 22:43:09 INFO    |  encoder input shape: (10000, 37)
2025-11-20 22:43:09 INFO    |  encoder input shape: (10000, 2)
2025-11-20 22:43:09 INFO    |  actor input shape: (10000, 31)
2025-11-20 22:43:09 INFO    |  encoder input shape: (10000, 37)
2025-11-20 22:43:09 INFO    |  encoder input shape: (10000, 2)
2025-11-20 22:43:09 INFO    |  actor input shape: (10000, 31)
2025-11-20 22:43:09 INFO    |  encoder input shape: (10000, 37)
2025-11-20 22:43:09 INFO    |  encoder input shape: (10000, 2)
2025-11-20 22:43:09 INFO    |  Plotted visualizations at env step 75550720.0
2025-11-20 22:43:14 INFO    |  step: 75550720
2025-11-20 22:43:14 INFO    |  step: 75550720, training/sps: 15933.960 +/- 0.000
2025-11-20 22:43:14 INFO    |  step: 75550720, training/actor_loss: 3.394 +/- 0.000
2025-11-20 22:43:14 INFO    |  step: 75550720, training/adaptive_mixing_raw: 0.333 +/- 0.000
2025-11-20 22:43:14 INFO    |  step: 75550720, training/adaptive_mixing_smoothed: 0.333 +/- 0.000
2025-11-20 22:43:14 INFO    |  step: 75550720, training/alpha_loss: -0.000 +/- 0.000
2025-11-20 22:43:14 INFO    |  step: 75550720, training/critic_loss: 3.657 +/- 0.000
2025-11-20 22:43:14 INFO    |  step: 75550720, training/entropy: -4.002 +/- 0.000
2025-11-20 22:43:14 INFO    |  step: 75550720, training/env_grad_mean_norm: 0.605 +/- 0.000
2025-11-20 22:43:14 INFO    |  step: 75550720, training/env_grad_trvar: 60.739 +/- 0.000
2025-11-20 22:43:14 INFO    |  step: 75550720, training/env_rb_bias_squared: 1.234 +/- 0.000
2025-11-20 22:43:14 INFO    |  step: 75550720, training/log_alpha: -4.526 +/- 0.000
2025-11-20 22:43:14 INFO    |  step: 75550720, training/num_env_samples: 192.001 +/- 0.000
2025-11-20 22:43:14 INFO    |  step: 75550720, training/num_rb_samples: 63.999 +/- 0.000
2025-11-20 22:43:14 INFO    |  step: 75550720, training/rb_grad_mean_norm: 0.951 +/- 0.000
2025-11-20 22:43:14 INFO    |  step: 75550720, training/rb_grad_trvar: 56.065 +/- 0.000
2025-11-20 22:43:14 INFO    |  step: 75550720, eval/episode_reward: 149.395 +/- 0.000
2025-11-20 22:43:14 INFO    |  step: 75550720, eval/episode_success: 149.395 +/- 0.000
2025-11-20 22:43:14 INFO    |  step: 75550720, eval/episode_success_easy: 311.758 +/- 0.000
2025-11-20 22:43:14 INFO    |  step: 75550720, eval/episode_dist: 4246.450 +/- 0.000
2025-11-20 22:43:14 INFO    |  step: 75550720, eval/episode_success_any: 0.297 +/- 0.000
2025-11-20 22:43:14 INFO    |  step: 75550720, eval/episode_reward_ctrl: 0.000 +/- 0.000
2025-11-20 22:43:14 INFO    |  step: 75550720, eval/episode_reward_dist: 0.000 +/- 0.000
2025-11-20 22:43:14 INFO    |  step: 75550720, eval/episode_reward_near: 0.000 +/- 0.000
2025-11-20 22:43:14 INFO    |  step: 75550720, eval/episode_reward_survive: 0.000 +/- 0.000
2025-11-20 22:43:14 INFO    |  step: 75550720, eval/episode_success_hard: 0.000 +/- 0.000
2025-11-20 22:43:44 INFO    |  actor input shape: (10000, 31)
2025-11-20 22:43:44 INFO    |  encoder input shape: (10000, 37)
2025-11-20 22:43:44 INFO    |  encoder input shape: (10000, 2)
2025-11-20 22:43:44 INFO    |  actor input shape: (10000, 31)
2025-11-20 22:43:45 INFO    |  encoder input shape: (10000, 37)
2025-11-20 22:43:45 INFO    |  encoder input shape: (10000, 2)
2025-11-20 22:43:45 INFO    |  actor input shape: (10000, 31)
2025-11-20 22:43:45 INFO    |  encoder input shape: (10000, 37)
2025-11-20 22:43:45 INFO    |  encoder input shape: (10000, 2)
2025-11-20 22:43:45 INFO    |  Plotted visualizations at env step 76042752.0
2025-11-20 22:43:50 INFO    |  step: 76042752
2025-11-20 22:43:50 INFO    |  step: 76042752, training/sps: 16013.047 +/- 0.000
2025-11-20 22:43:50 INFO    |  step: 76042752, training/actor_loss: 3.386 +/- 0.000
2025-11-20 22:43:50 INFO    |  step: 76042752, training/adaptive_mixing_raw: 0.292 +/- 0.000
2025-11-20 22:43:50 INFO    |  step: 76042752, training/adaptive_mixing_smoothed: 0.292 +/- 0.000
2025-11-20 22:43:50 INFO    |  step: 76042752, training/alpha_loss: 0.000 +/- 0.000
2025-11-20 22:43:50 INFO    |  step: 76042752, training/critic_loss: 3.648 +/- 0.000
2025-11-20 22:43:50 INFO    |  step: 76042752, training/entropy: -3.999 +/- 0.000
2025-11-20 22:43:50 INFO    |  step: 76042752, training/env_grad_mean_norm: 0.606 +/- 0.000
2025-11-20 22:43:50 INFO    |  step: 76042752, training/env_grad_trvar: 60.781 +/- 0.000
2025-11-20 22:43:50 INFO    |  step: 76042752, training/env_rb_bias_squared: 1.256 +/- 0.000
2025-11-20 22:43:50 INFO    |  step: 76042752, training/log_alpha: -4.525 +/- 0.000
2025-11-20 22:43:50 INFO    |  step: 76042752, training/num_env_samples: 192.726 +/- 0.000
2025-11-20 22:43:50 INFO    |  step: 76042752, training/num_rb_samples: 63.274 +/- 0.000
2025-11-20 22:43:50 INFO    |  step: 76042752, training/rb_grad_mean_norm: 0.963 +/- 0.000
2025-11-20 22:43:50 INFO    |  step: 76042752, training/rb_grad_trvar: 56.782 +/- 0.000
2025-11-20 22:43:50 INFO    |  step: 76042752, eval/episode_reward: 271.215 +/- 0.000
2025-11-20 22:43:50 INFO    |  step: 76042752, eval/episode_success: 271.215 +/- 0.000
2025-11-20 22:43:50 INFO    |  step: 76042752, eval/episode_success_easy: 358.656 +/- 0.000
2025-11-20 22:43:50 INFO    |  step: 76042752, eval/episode_dist: 4303.895 +/- 0.000
2025-11-20 22:43:50 INFO    |  step: 76042752, eval/episode_success_any: 0.418 +/- 0.000
2025-11-20 22:43:50 INFO    |  step: 76042752, eval/episode_reward_ctrl: 0.000 +/- 0.000
2025-11-20 22:43:50 INFO    |  step: 76042752, eval/episode_reward_dist: 0.000 +/- 0.000
2025-11-20 22:43:50 INFO    |  step: 76042752, eval/episode_reward_near: 0.000 +/- 0.000
2025-11-20 22:43:50 INFO    |  step: 76042752, eval/episode_reward_survive: 0.000 +/- 0.000
2025-11-20 22:43:50 INFO    |  step: 76042752, eval/episode_success_hard: 0.000 +/- 0.000
2025-11-20 22:44:20 INFO    |  actor input shape: (10000, 31)
2025-11-20 22:44:20 INFO    |  encoder input shape: (10000, 37)
2025-11-20 22:44:20 INFO    |  encoder input shape: (10000, 2)
2025-11-20 22:44:20 INFO    |  actor input shape: (10000, 31)
2025-11-20 22:44:20 INFO    |  encoder input shape: (10000, 37)
2025-11-20 22:44:20 INFO    |  encoder input shape: (10000, 2)
2025-11-20 22:44:20 INFO    |  actor input shape: (10000, 31)
2025-11-20 22:44:20 INFO    |  encoder input shape: (10000, 37)
2025-11-20 22:44:20 INFO    |  encoder input shape: (10000, 2)
2025-11-20 22:44:20 INFO    |  Plotted visualizations at env step 76534784.0
2025-11-20 22:44:25 INFO    |  step: 76534784
2025-11-20 22:44:25 INFO    |  step: 76534784, training/sps: 16115.114 +/- 0.000
2025-11-20 22:44:25 INFO    |  step: 76534784, training/actor_loss: 3.394 +/- 0.000
2025-11-20 22:44:25 INFO    |  step: 76534784, training/adaptive_mixing_raw: 0.196 +/- 0.000
2025-11-20 22:44:25 INFO    |  step: 76534784, training/adaptive_mixing_smoothed: 0.196 +/- 0.000
2025-11-20 22:44:25 INFO    |  step: 76534784, training/alpha_loss: 0.000 +/- 0.000
2025-11-20 22:44:25 INFO    |  step: 76534784, training/critic_loss: 3.653 +/- 0.000
2025-11-20 22:44:25 INFO    |  step: 76534784, training/entropy: -4.000 +/- 0.000
2025-11-20 22:44:25 INFO    |  step: 76534784, training/env_grad_mean_norm: 0.606 +/- 0.000
2025-11-20 22:44:25 INFO    |  step: 76534784, training/env_grad_trvar: 60.807 +/- 0.000
2025-11-20 22:44:25 INFO    |  step: 76534784, training/env_rb_bias_squared: 1.247 +/- 0.000
2025-11-20 22:44:25 INFO    |  step: 76534784, training/log_alpha: -4.530 +/- 0.000
2025-11-20 22:44:25 INFO    |  step: 76534784, training/num_env_samples: 192.272 +/- 0.000
2025-11-20 22:44:25 INFO    |  step: 76534784, training/num_rb_samples: 63.728 +/- 0.000
2025-11-20 22:44:25 INFO    |  step: 76534784, training/rb_grad_mean_norm: 0.958 +/- 0.000
2025-11-20 22:44:25 INFO    |  step: 76534784, training/rb_grad_trvar: 56.597 +/- 0.000
2025-11-20 22:44:25 INFO    |  step: 76534784, eval/episode_reward: 273.438 +/- 0.000
2025-11-20 22:44:25 INFO    |  step: 76534784, eval/episode_success: 273.438 +/- 0.000
2025-11-20 22:44:25 INFO    |  step: 76534784, eval/episode_success_easy: 334.215 +/- 0.000
2025-11-20 22:44:25 INFO    |  step: 76534784, eval/episode_dist: 5092.319 +/- 0.000
2025-11-20 22:44:25 INFO    |  step: 76534784, eval/episode_success_any: 0.422 +/- 0.000
2025-11-20 22:44:25 INFO    |  step: 76534784, eval/episode_reward_ctrl: 0.000 +/- 0.000
2025-11-20 22:44:25 INFO    |  step: 76534784, eval/episode_reward_dist: 0.000 +/- 0.000
2025-11-20 22:44:25 INFO    |  step: 76534784, eval/episode_reward_near: 0.000 +/- 0.000
2025-11-20 22:44:25 INFO    |  step: 76534784, eval/episode_reward_survive: 0.000 +/- 0.000
2025-11-20 22:44:25 INFO    |  step: 76534784, eval/episode_success_hard: 0.000 +/- 0.000
2025-11-20 22:44:55 INFO    |  actor input shape: (10000, 31)
2025-11-20 22:44:55 INFO    |  encoder input shape: (10000, 37)
2025-11-20 22:44:55 INFO    |  encoder input shape: (10000, 2)
2025-11-20 22:44:55 INFO    |  actor input shape: (10000, 31)
2025-11-20 22:44:55 INFO    |  encoder input shape: (10000, 37)
2025-11-20 22:44:55 INFO    |  encoder input shape: (10000, 2)
2025-11-20 22:44:55 INFO    |  actor input shape: (10000, 31)
2025-11-20 22:44:55 INFO    |  encoder input shape: (10000, 37)
2025-11-20 22:44:55 INFO    |  encoder input shape: (10000, 2)
2025-11-20 22:44:56 INFO    |  Plotted visualizations at env step 77026816.0
2025-11-20 22:45:00 INFO    |  step: 77026816
2025-11-20 22:45:02 INFO    |  actor input shape: (1, 31)
2025-11-20 22:45:30 INFO    |  step: 77026816, training/sps: 16095.034 +/- 0.000
2025-11-20 22:45:30 INFO    |  step: 77026816, training/actor_loss: 3.392 +/- 0.000
2025-11-20 22:45:30 INFO    |  step: 77026816, training/adaptive_mixing_raw: 0.249 +/- 0.000
2025-11-20 22:45:30 INFO    |  step: 77026816, training/adaptive_mixing_smoothed: 0.249 +/- 0.000
2025-11-20 22:45:30 INFO    |  step: 77026816, training/alpha_loss: -0.000 +/- 0.000
2025-11-20 22:45:30 INFO    |  step: 77026816, training/critic_loss: 3.650 +/- 0.000
2025-11-20 22:45:30 INFO    |  step: 77026816, training/entropy: -4.001 +/- 0.000
2025-11-20 22:45:30 INFO    |  step: 77026816, training/env_grad_mean_norm: 0.606 +/- 0.000
2025-11-20 22:45:30 INFO    |  step: 77026816, training/env_grad_trvar: 60.910 +/- 0.000
2025-11-20 22:45:30 INFO    |  step: 77026816, training/env_rb_bias_squared: 1.266 +/- 0.000
2025-11-20 22:45:30 INFO    |  step: 77026816, training/log_alpha: -4.524 +/- 0.000
2025-11-20 22:45:30 INFO    |  step: 77026816, training/num_env_samples: 193.116 +/- 0.000
2025-11-20 22:45:30 INFO    |  step: 77026816, training/num_rb_samples: 62.884 +/- 0.000
2025-11-20 22:45:30 INFO    |  step: 77026816, training/rb_grad_mean_norm: 0.968 +/- 0.000
2025-11-20 22:45:30 INFO    |  step: 77026816, training/rb_grad_trvar: 56.925 +/- 0.000
2025-11-20 22:45:30 INFO    |  step: 77026816, eval/episode_reward: 262.691 +/- 0.000
2025-11-20 22:45:30 INFO    |  step: 77026816, eval/episode_success: 262.691 +/- 0.000
2025-11-20 22:45:30 INFO    |  step: 77026816, eval/episode_success_easy: 338.785 +/- 0.000
2025-11-20 22:45:30 INFO    |  step: 77026816, eval/episode_dist: 4372.935 +/- 0.000
2025-11-20 22:45:30 INFO    |  step: 77026816, eval/episode_success_any: 0.438 +/- 0.000
2025-11-20 22:45:30 INFO    |  step: 77026816, eval/episode_reward_ctrl: 0.000 +/- 0.000
2025-11-20 22:45:30 INFO    |  step: 77026816, eval/episode_reward_dist: 0.000 +/- 0.000
2025-11-20 22:45:30 INFO    |  step: 77026816, eval/episode_reward_near: 0.000 +/- 0.000
2025-11-20 22:45:30 INFO    |  step: 77026816, eval/episode_reward_survive: 0.000 +/- 0.000
2025-11-20 22:45:30 INFO    |  step: 77026816, eval/episode_success_hard: 0.000 +/- 0.000
2025-11-20 22:46:00 INFO    |  actor input shape: (10000, 31)
2025-11-20 22:46:00 INFO    |  encoder input shape: (10000, 37)
2025-11-20 22:46:00 INFO    |  encoder input shape: (10000, 2)
2025-11-20 22:46:00 INFO    |  actor input shape: (10000, 31)
2025-11-20 22:46:00 INFO    |  encoder input shape: (10000, 37)
2025-11-20 22:46:00 INFO    |  encoder input shape: (10000, 2)
2025-11-20 22:46:00 INFO    |  actor input shape: (10000, 31)
2025-11-20 22:46:00 INFO    |  encoder input shape: (10000, 37)
2025-11-20 22:46:00 INFO    |  encoder input shape: (10000, 2)
2025-11-20 22:46:00 INFO    |  Plotted visualizations at env step 77518848.0
2025-11-20 22:46:05 INFO    |  step: 77518848
2025-11-20 22:46:05 INFO    |  step: 77518848, training/sps: 16114.243 +/- 0.000
2025-11-20 22:46:05 INFO    |  step: 77518848, training/actor_loss: 3.404 +/- 0.000
2025-11-20 22:46:05 INFO    |  step: 77518848, training/adaptive_mixing_raw: 0.390 +/- 0.000
2025-11-20 22:46:05 INFO    |  step: 77518848, training/adaptive_mixing_smoothed: 0.390 +/- 0.000
2025-11-20 22:46:05 INFO    |  step: 77518848, training/alpha_loss: 0.000 +/- 0.000
2025-11-20 22:46:05 INFO    |  step: 77518848, training/critic_loss: 3.660 +/- 0.000
2025-11-20 22:46:05 INFO    |  step: 77518848, training/entropy: -3.999 +/- 0.000
2025-11-20 22:46:05 INFO    |  step: 77518848, training/env_grad_mean_norm: 0.601 +/- 0.000
2025-11-20 22:46:05 INFO    |  step: 77518848, training/env_grad_trvar: 60.175 +/- 0.000
2025-11-20 22:46:05 INFO    |  step: 77518848, training/env_rb_bias_squared: 1.246 +/- 0.000
2025-11-20 22:46:05 INFO    |  step: 77518848, training/log_alpha: -4.534 +/- 0.000
2025-11-20 22:46:05 INFO    |  step: 77518848, training/num_env_samples: 192.442 +/- 0.000
2025-11-20 22:46:05 INFO    |  step: 77518848, training/num_rb_samples: 63.558 +/- 0.000
2025-11-20 22:46:05 INFO    |  step: 77518848, training/rb_grad_mean_norm: 0.960 +/- 0.000
2025-11-20 22:46:05 INFO    |  step: 77518848, training/rb_grad_trvar: 56.621 +/- 0.000
2025-11-20 22:46:05 INFO    |  step: 77518848, eval/episode_reward: 228.457 +/- 0.000
2025-11-20 22:46:05 INFO    |  step: 77518848, eval/episode_success: 228.457 +/- 0.000
2025-11-20 22:46:05 INFO    |  step: 77518848, eval/episode_success_easy: 278.215 +/- 0.000
2025-11-20 22:46:05 INFO    |  step: 77518848, eval/episode_dist: 4705.393 +/- 0.000
2025-11-20 22:46:05 INFO    |  step: 77518848, eval/episode_success_any: 0.352 +/- 0.000
2025-11-20 22:46:05 INFO    |  step: 77518848, eval/episode_reward_ctrl: 0.000 +/- 0.000
2025-11-20 22:46:05 INFO    |  step: 77518848, eval/episode_reward_dist: 0.000 +/- 0.000
2025-11-20 22:46:05 INFO    |  step: 77518848, eval/episode_reward_near: 0.000 +/- 0.000
2025-11-20 22:46:05 INFO    |  step: 77518848, eval/episode_reward_survive: 0.000 +/- 0.000
2025-11-20 22:46:05 INFO    |  step: 77518848, eval/episode_success_hard: 0.000 +/- 0.000
2025-11-20 22:46:35 INFO    |  actor input shape: (10000, 31)
2025-11-20 22:46:35 INFO    |  encoder input shape: (10000, 37)
2025-11-20 22:46:35 INFO    |  encoder input shape: (10000, 2)
2025-11-20 22:46:35 INFO    |  actor input shape: (10000, 31)
2025-11-20 22:46:35 INFO    |  encoder input shape: (10000, 37)
2025-11-20 22:46:35 INFO    |  encoder input shape: (10000, 2)
2025-11-20 22:46:36 INFO    |  actor input shape: (10000, 31)
2025-11-20 22:46:36 INFO    |  encoder input shape: (10000, 37)
2025-11-20 22:46:36 INFO    |  encoder input shape: (10000, 2)
2025-11-20 22:46:36 INFO    |  Plotted visualizations at env step 78010880.0
2025-11-20 22:46:41 INFO    |  step: 78010880
2025-11-20 22:46:41 INFO    |  step: 78010880, training/sps: 16028.168 +/- 0.000
2025-11-20 22:46:41 INFO    |  step: 78010880, training/actor_loss: 3.427 +/- 0.000
2025-11-20 22:46:41 INFO    |  step: 78010880, training/adaptive_mixing_raw: 0.484 +/- 0.000
2025-11-20 22:46:41 INFO    |  step: 78010880, training/adaptive_mixing_smoothed: 0.484 +/- 0.000
2025-11-20 22:46:41 INFO    |  step: 78010880, training/alpha_loss: 0.000 +/- 0.000
2025-11-20 22:46:41 INFO    |  step: 78010880, training/critic_loss: 3.688 +/- 0.000
2025-11-20 22:46:41 INFO    |  step: 78010880, training/entropy: -3.999 +/- 0.000
2025-11-20 22:46:41 INFO    |  step: 78010880, training/env_grad_mean_norm: 0.606 +/- 0.000
2025-11-20 22:46:41 INFO    |  step: 78010880, training/env_grad_trvar: 60.999 +/- 0.000
2025-11-20 22:46:41 INFO    |  step: 78010880, training/env_rb_bias_squared: 1.258 +/- 0.000
2025-11-20 22:46:41 INFO    |  step: 78010880, training/log_alpha: -4.527 +/- 0.000
2025-11-20 22:46:41 INFO    |  step: 78010880, training/num_env_samples: 191.315 +/- 0.000
2025-11-20 22:46:41 INFO    |  step: 78010880, training/num_rb_samples: 64.685 +/- 0.000
2025-11-20 22:46:41 INFO    |  step: 78010880, training/rb_grad_mean_norm: 0.961 +/- 0.000
2025-11-20 22:46:41 INFO    |  step: 78010880, training/rb_grad_trvar: 57.864 +/- 0.000
2025-11-20 22:46:41 INFO    |  step: 78010880, eval/episode_reward: 265.250 +/- 0.000
2025-11-20 22:46:41 INFO    |  step: 78010880, eval/episode_success: 265.250 +/- 0.000
2025-11-20 22:46:41 INFO    |  step: 78010880, eval/episode_success_easy: 324.531 +/- 0.000
2025-11-20 22:46:41 INFO    |  step: 78010880, eval/episode_dist: 3826.463 +/- 0.000
2025-11-20 22:46:41 INFO    |  step: 78010880, eval/episode_success_any: 0.387 +/- 0.000
2025-11-20 22:46:41 INFO    |  step: 78010880, eval/episode_reward_ctrl: 0.000 +/- 0.000
2025-11-20 22:46:41 INFO    |  step: 78010880, eval/episode_reward_dist: 0.000 +/- 0.000
2025-11-20 22:46:41 INFO    |  step: 78010880, eval/episode_reward_near: 0.000 +/- 0.000
2025-11-20 22:46:41 INFO    |  step: 78010880, eval/episode_reward_survive: 0.000 +/- 0.000
2025-11-20 22:46:41 INFO    |  step: 78010880, eval/episode_success_hard: 0.000 +/- 0.000
2025-11-20 22:47:11 INFO    |  actor input shape: (10000, 31)
2025-11-20 22:47:11 INFO    |  encoder input shape: (10000, 37)
2025-11-20 22:47:11 INFO    |  encoder input shape: (10000, 2)
2025-11-20 22:47:11 INFO    |  actor input shape: (10000, 31)
2025-11-20 22:47:11 INFO    |  encoder input shape: (10000, 37)
2025-11-20 22:47:11 INFO    |  encoder input shape: (10000, 2)
2025-11-20 22:47:11 INFO    |  actor input shape: (10000, 31)
2025-11-20 22:47:11 INFO    |  encoder input shape: (10000, 37)
2025-11-20 22:47:11 INFO    |  encoder input shape: (10000, 2)
2025-11-20 22:47:11 INFO    |  Plotted visualizations at env step 78502912.0
2025-11-20 22:47:16 INFO    |  step: 78502912
2025-11-20 22:47:16 INFO    |  step: 78502912, training/sps: 16025.278 +/- 0.000
2025-11-20 22:47:16 INFO    |  step: 78502912, training/actor_loss: 3.439 +/- 0.000
2025-11-20 22:47:16 INFO    |  step: 78502912, training/adaptive_mixing_raw: 0.548 +/- 0.000
2025-11-20 22:47:16 INFO    |  step: 78502912, training/adaptive_mixing_smoothed: 0.548 +/- 0.000
2025-11-20 22:47:16 INFO    |  step: 78502912, training/alpha_loss: 0.000 +/- 0.000
2025-11-20 22:47:16 INFO    |  step: 78502912, training/critic_loss: 3.700 +/- 0.000
2025-11-20 22:47:16 INFO    |  step: 78502912, training/entropy: -4.000 +/- 0.000
2025-11-20 22:47:16 INFO    |  step: 78502912, training/env_grad_mean_norm: 0.604 +/- 0.000
2025-11-20 22:47:16 INFO    |  step: 78502912, training/env_grad_trvar: 60.797 +/- 0.000
2025-11-20 22:47:16 INFO    |  step: 78502912, training/env_rb_bias_squared: 1.253 +/- 0.000
2025-11-20 22:47:16 INFO    |  step: 78502912, training/log_alpha: -4.536 +/- 0.000
2025-11-20 22:47:16 INFO    |  step: 78502912, training/num_env_samples: 191.098 +/- 0.000
2025-11-20 22:47:16 INFO    |  step: 78502912, training/num_rb_samples: 64.902 +/- 0.000
2025-11-20 22:47:16 INFO    |  step: 78502912, training/rb_grad_mean_norm: 0.960 +/- 0.000
2025-11-20 22:47:16 INFO    |  step: 78502912, training/rb_grad_trvar: 57.841 +/- 0.000
2025-11-20 22:47:16 INFO    |  step: 78502912, eval/episode_reward: 266.762 +/- 0.000
2025-11-20 22:47:16 INFO    |  step: 78502912, eval/episode_success: 266.762 +/- 0.000
2025-11-20 22:47:16 INFO    |  step: 78502912, eval/episode_success_easy: 345.504 +/- 0.000
2025-11-20 22:47:16 INFO    |  step: 78502912, eval/episode_dist: 3869.438 +/- 0.000
2025-11-20 22:47:16 INFO    |  step: 78502912, eval/episode_success_any: 0.402 +/- 0.000
2025-11-20 22:47:16 INFO    |  step: 78502912, eval/episode_reward_ctrl: 0.000 +/- 0.000
2025-11-20 22:47:16 INFO    |  step: 78502912, eval/episode_reward_dist: 0.000 +/- 0.000
2025-11-20 22:47:16 INFO    |  step: 78502912, eval/episode_reward_near: 0.000 +/- 0.000
2025-11-20 22:47:16 INFO    |  step: 78502912, eval/episode_reward_survive: 0.000 +/- 0.000
2025-11-20 22:47:16 INFO    |  step: 78502912, eval/episode_success_hard: 0.000 +/- 0.000
2025-11-20 22:47:46 INFO    |  actor input shape: (10000, 31)
2025-11-20 22:47:46 INFO    |  encoder input shape: (10000, 37)
2025-11-20 22:47:46 INFO    |  encoder input shape: (10000, 2)
2025-11-20 22:47:46 INFO    |  actor input shape: (10000, 31)
2025-11-20 22:47:46 INFO    |  encoder input shape: (10000, 37)
2025-11-20 22:47:46 INFO    |  encoder input shape: (10000, 2)
2025-11-20 22:47:47 INFO    |  actor input shape: (10000, 31)
2025-11-20 22:47:47 INFO    |  encoder input shape: (10000, 37)
2025-11-20 22:47:47 INFO    |  encoder input shape: (10000, 2)
2025-11-20 22:47:47 INFO    |  Plotted visualizations at env step 78994944.0
2025-11-20 22:47:52 INFO    |  step: 78994944
2025-11-20 22:47:52 INFO    |  step: 78994944, training/sps: 15994.744 +/- 0.000
2025-11-20 22:47:52 INFO    |  step: 78994944, training/actor_loss: 3.453 +/- 0.000
2025-11-20 22:47:52 INFO    |  step: 78994944, training/adaptive_mixing_raw: 0.356 +/- 0.000
2025-11-20 22:47:52 INFO    |  step: 78994944, training/adaptive_mixing_smoothed: 0.356 +/- 0.000
2025-11-20 22:47:52 INFO    |  step: 78994944, training/alpha_loss: 0.000 +/- 0.000
2025-11-20 22:47:52 INFO    |  step: 78994944, training/critic_loss: 3.720 +/- 0.000
2025-11-20 22:47:52 INFO    |  step: 78994944, training/entropy: -4.000 +/- 0.000
2025-11-20 22:47:52 INFO    |  step: 78994944, training/env_grad_mean_norm: 0.599 +/- 0.000
2025-11-20 22:47:52 INFO    |  step: 78994944, training/env_grad_trvar: 59.670 +/- 0.000
2025-11-20 22:47:52 INFO    |  step: 78994944, training/env_rb_bias_squared: 1.226 +/- 0.000
2025-11-20 22:47:52 INFO    |  step: 78994944, training/log_alpha: -4.541 +/- 0.000
2025-11-20 22:47:52 INFO    |  step: 78994944, training/num_env_samples: 191.048 +/- 0.000
2025-11-20 22:47:52 INFO    |  step: 78994944, training/num_rb_samples: 64.952 +/- 0.000
2025-11-20 22:47:52 INFO    |  step: 78994944, training/rb_grad_mean_norm: 0.951 +/- 0.000
2025-11-20 22:47:52 INFO    |  step: 78994944, training/rb_grad_trvar: 56.753 +/- 0.000
2025-11-20 22:47:52 INFO    |  step: 78994944, eval/episode_reward: 250.418 +/- 0.000
2025-11-20 22:47:52 INFO    |  step: 78994944, eval/episode_success: 250.418 +/- 0.000
2025-11-20 22:47:52 INFO    |  step: 78994944, eval/episode_success_easy: 336.051 +/- 0.000
2025-11-20 22:47:52 INFO    |  step: 78994944, eval/episode_dist: 3769.394 +/- 0.000
2025-11-20 22:47:52 INFO    |  step: 78994944, eval/episode_success_any: 0.375 +/- 0.000
2025-11-20 22:47:52 INFO    |  step: 78994944, eval/episode_reward_ctrl: 0.000 +/- 0.000
2025-11-20 22:47:52 INFO    |  step: 78994944, eval/episode_reward_dist: 0.000 +/- 0.000
2025-11-20 22:47:52 INFO    |  step: 78994944, eval/episode_reward_near: 0.000 +/- 0.000
2025-11-20 22:47:52 INFO    |  step: 78994944, eval/episode_reward_survive: 0.000 +/- 0.000
2025-11-20 22:47:52 INFO    |  step: 78994944, eval/episode_success_hard: 0.000 +/- 0.000
2025-11-20 22:48:21 INFO    |  actor input shape: (10000, 31)
2025-11-20 22:48:22 INFO    |  encoder input shape: (10000, 37)
2025-11-20 22:48:22 INFO    |  encoder input shape: (10000, 2)
2025-11-20 22:48:22 INFO    |  actor input shape: (10000, 31)
2025-11-20 22:48:22 INFO    |  encoder input shape: (10000, 37)
2025-11-20 22:48:22 INFO    |  encoder input shape: (10000, 2)
2025-11-20 22:48:22 INFO    |  actor input shape: (10000, 31)
2025-11-20 22:48:22 INFO    |  encoder input shape: (10000, 37)
2025-11-20 22:48:22 INFO    |  encoder input shape: (10000, 2)
2025-11-20 22:48:22 INFO    |  Plotted visualizations at env step 79486976.0
2025-11-20 22:48:27 INFO    |  step: 79486976
2025-11-20 22:48:29 INFO    |  actor input shape: (1, 31)
2025-11-20 22:48:55 INFO    |  step: 79486976, training/sps: 16092.999 +/- 0.000
2025-11-20 22:48:55 INFO    |  step: 79486976, training/actor_loss: 3.463 +/- 0.000
2025-11-20 22:48:55 INFO    |  step: 79486976, training/adaptive_mixing_raw: 0.321 +/- 0.000
2025-11-20 22:48:55 INFO    |  step: 79486976, training/adaptive_mixing_smoothed: 0.321 +/- 0.000
2025-11-20 22:48:55 INFO    |  step: 79486976, training/alpha_loss: 0.000 +/- 0.000
2025-11-20 22:48:55 INFO    |  step: 79486976, training/critic_loss: 3.738 +/- 0.000
2025-11-20 22:48:55 INFO    |  step: 79486976, training/entropy: -3.999 +/- 0.000
2025-11-20 22:48:55 INFO    |  step: 79486976, training/env_grad_mean_norm: 0.604 +/- 0.000
2025-11-20 22:48:55 INFO    |  step: 79486976, training/env_grad_trvar: 60.539 +/- 0.000
2025-11-20 22:48:55 INFO    |  step: 79486976, training/env_rb_bias_squared: 1.241 +/- 0.000
2025-11-20 22:48:55 INFO    |  step: 79486976, training/log_alpha: -4.538 +/- 0.000
2025-11-20 22:48:55 INFO    |  step: 79486976, training/num_env_samples: 191.451 +/- 0.000
2025-11-20 22:48:55 INFO    |  step: 79486976, training/num_rb_samples: 64.549 +/- 0.000
2025-11-20 22:48:55 INFO    |  step: 79486976, training/rb_grad_mean_norm: 0.957 +/- 0.000
2025-11-20 22:48:55 INFO    |  step: 79486976, training/rb_grad_trvar: 57.050 +/- 0.000
2025-11-20 22:48:55 INFO    |  step: 79486976, eval/episode_reward: 283.750 +/- 0.000
2025-11-20 22:48:55 INFO    |  step: 79486976, eval/episode_success: 283.750 +/- 0.000
2025-11-20 22:48:55 INFO    |  step: 79486976, eval/episode_success_easy: 355.496 +/- 0.000
2025-11-20 22:48:55 INFO    |  step: 79486976, eval/episode_dist: 4070.222 +/- 0.000
2025-11-20 22:48:55 INFO    |  step: 79486976, eval/episode_success_any: 0.426 +/- 0.000
2025-11-20 22:48:55 INFO    |  step: 79486976, eval/episode_reward_ctrl: 0.000 +/- 0.000
2025-11-20 22:48:55 INFO    |  step: 79486976, eval/episode_reward_dist: 0.000 +/- 0.000
2025-11-20 22:48:55 INFO    |  step: 79486976, eval/episode_reward_near: 0.000 +/- 0.000
2025-11-20 22:48:55 INFO    |  step: 79486976, eval/episode_reward_survive: 0.000 +/- 0.000
2025-11-20 22:48:55 INFO    |  step: 79486976, eval/episode_success_hard: 0.000 +/- 0.000
2025-11-20 22:49:25 INFO    |  actor input shape: (10000, 31)
2025-11-20 22:49:25 INFO    |  encoder input shape: (10000, 37)
2025-11-20 22:49:25 INFO    |  encoder input shape: (10000, 2)
2025-11-20 22:49:25 INFO    |  actor input shape: (10000, 31)
2025-11-20 22:49:25 INFO    |  encoder input shape: (10000, 37)
2025-11-20 22:49:25 INFO    |  encoder input shape: (10000, 2)
2025-11-20 22:49:26 INFO    |  actor input shape: (10000, 31)
2025-11-20 22:49:26 INFO    |  encoder input shape: (10000, 37)
2025-11-20 22:49:26 INFO    |  encoder input shape: (10000, 2)
2025-11-20 22:49:26 INFO    |  Plotted visualizations at env step 79979008.0
2025-11-20 22:49:31 INFO    |  step: 79979008
2025-11-20 22:49:31 INFO    |  step: 79979008, training/sps: 16044.818 +/- 0.000
2025-11-20 22:49:31 INFO    |  step: 79979008, training/actor_loss: 3.462 +/- 0.000
2025-11-20 22:49:31 INFO    |  step: 79979008, training/adaptive_mixing_raw: 0.276 +/- 0.000
2025-11-20 22:49:31 INFO    |  step: 79979008, training/adaptive_mixing_smoothed: 0.276 +/- 0.000
2025-11-20 22:49:31 INFO    |  step: 79979008, training/alpha_loss: -0.000 +/- 0.000
2025-11-20 22:49:31 INFO    |  step: 79979008, training/critic_loss: 3.740 +/- 0.000
2025-11-20 22:49:31 INFO    |  step: 79979008, training/entropy: -4.000 +/- 0.000
2025-11-20 22:49:31 INFO    |  step: 79979008, training/env_grad_mean_norm: 0.607 +/- 0.000
2025-11-20 22:49:31 INFO    |  step: 79979008, training/env_grad_trvar: 61.462 +/- 0.000
2025-11-20 22:49:31 INFO    |  step: 79979008, training/env_rb_bias_squared: 1.261 +/- 0.000
2025-11-20 22:49:31 INFO    |  step: 79979008, training/log_alpha: -4.555 +/- 0.000
2025-11-20 22:49:31 INFO    |  step: 79979008, training/num_env_samples: 191.701 +/- 0.000
2025-11-20 22:49:31 INFO    |  step: 79979008, training/num_rb_samples: 64.299 +/- 0.000
2025-11-20 22:49:31 INFO    |  step: 79979008, training/rb_grad_mean_norm: 0.965 +/- 0.000
2025-11-20 22:49:31 INFO    |  step: 79979008, training/rb_grad_trvar: 57.824 +/- 0.000
2025-11-20 22:49:31 INFO    |  step: 79979008, eval/episode_reward: 302.355 +/- 0.000
2025-11-20 22:49:31 INFO    |  step: 79979008, eval/episode_success: 302.355 +/- 0.000
2025-11-20 22:49:31 INFO    |  step: 79979008, eval/episode_success_easy: 402.348 +/- 0.000
2025-11-20 22:49:31 INFO    |  step: 79979008, eval/episode_dist: 3314.416 +/- 0.000
2025-11-20 22:49:31 INFO    |  step: 79979008, eval/episode_success_any: 0.500 +/- 0.000
2025-11-20 22:49:31 INFO    |  step: 79979008, eval/episode_reward_ctrl: 0.000 +/- 0.000
2025-11-20 22:49:31 INFO    |  step: 79979008, eval/episode_reward_dist: 0.000 +/- 0.000
2025-11-20 22:49:31 INFO    |  step: 79979008, eval/episode_reward_near: 0.000 +/- 0.000
2025-11-20 22:49:31 INFO    |  step: 79979008, eval/episode_reward_survive: 0.000 +/- 0.000
2025-11-20 22:49:31 INFO    |  step: 79979008, eval/episode_success_hard: 0.000 +/- 0.000
2025-11-20 22:50:03 INFO    |  actor input shape: (10000, 31)
2025-11-20 22:50:03 INFO    |  encoder input shape: (10000, 37)
2025-11-20 22:50:03 INFO    |  encoder input shape: (10000, 2)
2025-11-20 22:50:03 INFO    |  actor input shape: (10000, 31)
2025-11-20 22:50:03 INFO    |  encoder input shape: (10000, 37)
2025-11-20 22:50:03 INFO    |  encoder input shape: (10000, 2)
2025-11-20 22:50:03 INFO    |  actor input shape: (10000, 31)
2025-11-20 22:50:03 INFO    |  encoder input shape: (10000, 37)
2025-11-20 22:50:03 INFO    |  encoder input shape: (10000, 2)
2025-11-20 22:50:04 INFO    |  Plotted visualizations at env step 80471040.0
2025-11-20 22:50:08 INFO    |  step: 80471040
2025-11-20 22:50:08 INFO    |  step: 80471040, training/sps: 14967.953 +/- 0.000
2025-11-20 22:50:08 INFO    |  step: 80471040, training/actor_loss: 3.460 +/- 0.000
2025-11-20 22:50:08 INFO    |  step: 80471040, training/adaptive_mixing_raw: 0.296 +/- 0.000
2025-11-20 22:50:08 INFO    |  step: 80471040, training/adaptive_mixing_smoothed: 0.296 +/- 0.000
2025-11-20 22:50:08 INFO    |  step: 80471040, training/alpha_loss: -0.000 +/- 0.000
2025-11-20 22:50:08 INFO    |  step: 80471040, training/critic_loss: 3.740 +/- 0.000
2025-11-20 22:50:08 INFO    |  step: 80471040, training/entropy: -4.000 +/- 0.000
2025-11-20 22:50:08 INFO    |  step: 80471040, training/env_grad_mean_norm: 0.606 +/- 0.000
2025-11-20 22:50:08 INFO    |  step: 80471040, training/env_grad_trvar: 61.830 +/- 0.000
2025-11-20 22:50:08 INFO    |  step: 80471040, training/env_rb_bias_squared: 1.278 +/- 0.000
2025-11-20 22:50:08 INFO    |  step: 80471040, training/log_alpha: -4.551 +/- 0.000
2025-11-20 22:50:08 INFO    |  step: 80471040, training/num_env_samples: 192.825 +/- 0.000
2025-11-20 22:50:08 INFO    |  step: 80471040, training/num_rb_samples: 63.175 +/- 0.000
2025-11-20 22:50:08 INFO    |  step: 80471040, training/rb_grad_mean_norm: 0.972 +/- 0.000
2025-11-20 22:50:08 INFO    |  step: 80471040, training/rb_grad_trvar: 57.719 +/- 0.000
2025-11-20 22:50:08 INFO    |  step: 80471040, eval/episode_reward: 326.297 +/- 0.000
2025-11-20 22:50:08 INFO    |  step: 80471040, eval/episode_success: 326.297 +/- 0.000
2025-11-20 22:50:08 INFO    |  step: 80471040, eval/episode_success_easy: 419.160 +/- 0.000
2025-11-20 22:50:08 INFO    |  step: 80471040, eval/episode_dist: 3564.058 +/- 0.000
2025-11-20 22:50:08 INFO    |  step: 80471040, eval/episode_success_any: 0.551 +/- 0.000
2025-11-20 22:50:08 INFO    |  step: 80471040, eval/episode_reward_ctrl: 0.000 +/- 0.000
2025-11-20 22:50:08 INFO    |  step: 80471040, eval/episode_reward_dist: 0.000 +/- 0.000
2025-11-20 22:50:08 INFO    |  step: 80471040, eval/episode_reward_near: 0.000 +/- 0.000
2025-11-20 22:50:08 INFO    |  step: 80471040, eval/episode_reward_survive: 0.000 +/- 0.000
2025-11-20 22:50:08 INFO    |  step: 80471040, eval/episode_success_hard: 0.000 +/- 0.000
2025-11-20 22:50:38 INFO    |  actor input shape: (10000, 31)
2025-11-20 22:50:38 INFO    |  encoder input shape: (10000, 37)
2025-11-20 22:50:38 INFO    |  encoder input shape: (10000, 2)
2025-11-20 22:50:39 INFO    |  actor input shape: (10000, 31)
2025-11-20 22:50:39 INFO    |  encoder input shape: (10000, 37)
2025-11-20 22:50:39 INFO    |  encoder input shape: (10000, 2)
2025-11-20 22:50:39 INFO    |  actor input shape: (10000, 31)
2025-11-20 22:50:39 INFO    |  encoder input shape: (10000, 37)
2025-11-20 22:50:39 INFO    |  encoder input shape: (10000, 2)
2025-11-20 22:50:39 INFO    |  Plotted visualizations at env step 80963072.0
2025-11-20 22:50:44 INFO    |  step: 80963072
2025-11-20 22:50:44 INFO    |  step: 80963072, training/sps: 16022.613 +/- 0.000
2025-11-20 22:50:44 INFO    |  step: 80963072, training/actor_loss: 3.451 +/- 0.000
2025-11-20 22:50:44 INFO    |  step: 80963072, training/adaptive_mixing_raw: 0.384 +/- 0.000
2025-11-20 22:50:44 INFO    |  step: 80963072, training/adaptive_mixing_smoothed: 0.384 +/- 0.000
2025-11-20 22:50:44 INFO    |  step: 80963072, training/alpha_loss: 0.000 +/- 0.000
2025-11-20 22:50:44 INFO    |  step: 80963072, training/critic_loss: 3.732 +/- 0.000
2025-11-20 22:50:44 INFO    |  step: 80963072, training/entropy: -4.000 +/- 0.000
2025-11-20 22:50:44 INFO    |  step: 80963072, training/env_grad_mean_norm: 0.613 +/- 0.000
2025-11-20 22:50:44 INFO    |  step: 80963072, training/env_grad_trvar: 63.091 +/- 0.000
2025-11-20 22:50:44 INFO    |  step: 80963072, training/env_rb_bias_squared: 1.302 +/- 0.000
2025-11-20 22:50:44 INFO    |  step: 80963072, training/log_alpha: -4.547 +/- 0.000
2025-11-20 22:50:44 INFO    |  step: 80963072, training/num_env_samples: 193.248 +/- 0.000
2025-11-20 22:50:44 INFO    |  step: 80963072, training/num_rb_samples: 62.752 +/- 0.000
2025-11-20 22:50:44 INFO    |  step: 80963072, training/rb_grad_mean_norm: 0.982 +/- 0.000
2025-11-20 22:50:44 INFO    |  step: 80963072, training/rb_grad_trvar: 58.418 +/- 0.000
2025-11-20 22:50:44 INFO    |  step: 80963072, eval/episode_reward: 351.059 +/- 0.000
2025-11-20 22:50:44 INFO    |  step: 80963072, eval/episode_success: 351.059 +/- 0.000
2025-11-20 22:50:44 INFO    |  step: 80963072, eval/episode_success_easy: 459.379 +/- 0.000
2025-11-20 22:50:44 INFO    |  step: 80963072, eval/episode_dist: 3492.300 +/- 0.000
2025-11-20 22:50:44 INFO    |  step: 80963072, eval/episode_success_any: 0.535 +/- 0.000
2025-11-20 22:50:44 INFO    |  step: 80963072, eval/episode_reward_ctrl: 0.000 +/- 0.000
2025-11-20 22:50:44 INFO    |  step: 80963072, eval/episode_reward_dist: 0.000 +/- 0.000
2025-11-20 22:50:44 INFO    |  step: 80963072, eval/episode_reward_near: 0.000 +/- 0.000
2025-11-20 22:50:44 INFO    |  step: 80963072, eval/episode_reward_survive: 0.000 +/- 0.000
2025-11-20 22:50:44 INFO    |  step: 80963072, eval/episode_success_hard: 0.000 +/- 0.000
2025-11-20 22:51:14 INFO    |  actor input shape: (10000, 31)
2025-11-20 22:51:14 INFO    |  encoder input shape: (10000, 37)
2025-11-20 22:51:14 INFO    |  encoder input shape: (10000, 2)
2025-11-20 22:51:14 INFO    |  actor input shape: (10000, 31)
2025-11-20 22:51:14 INFO    |  encoder input shape: (10000, 37)
2025-11-20 22:51:14 INFO    |  encoder input shape: (10000, 2)
2025-11-20 22:51:14 INFO    |  actor input shape: (10000, 31)
2025-11-20 22:51:14 INFO    |  encoder input shape: (10000, 37)
2025-11-20 22:51:14 INFO    |  encoder input shape: (10000, 2)
2025-11-20 22:51:14 INFO    |  Plotted visualizations at env step 81455104.0
2025-11-20 22:51:19 INFO    |  step: 81455104
2025-11-20 22:51:19 INFO    |  step: 81455104, training/sps: 16068.915 +/- 0.000
2025-11-20 22:51:19 INFO    |  step: 81455104, training/actor_loss: 3.451 +/- 0.000
2025-11-20 22:51:19 INFO    |  step: 81455104, training/adaptive_mixing_raw: 0.327 +/- 0.000
2025-11-20 22:51:19 INFO    |  step: 81455104, training/adaptive_mixing_smoothed: 0.327 +/- 0.000
2025-11-20 22:51:19 INFO    |  step: 81455104, training/alpha_loss: -0.000 +/- 0.000
2025-11-20 22:51:19 INFO    |  step: 81455104, training/critic_loss: 3.732 +/- 0.000
2025-11-20 22:51:19 INFO    |  step: 81455104, training/entropy: -4.000 +/- 0.000
2025-11-20 22:51:19 INFO    |  step: 81455104, training/env_grad_mean_norm: 0.614 +/- 0.000
2025-11-20 22:51:19 INFO    |  step: 81455104, training/env_grad_trvar: 63.527 +/- 0.000
2025-11-20 22:51:19 INFO    |  step: 81455104, training/env_rb_bias_squared: 1.297 +/- 0.000
2025-11-20 22:51:19 INFO    |  step: 81455104, training/log_alpha: -4.537 +/- 0.000
2025-11-20 22:51:19 INFO    |  step: 81455104, training/num_env_samples: 191.978 +/- 0.000
2025-11-20 22:51:19 INFO    |  step: 81455104, training/num_rb_samples: 64.022 +/- 0.000
2025-11-20 22:51:19 INFO    |  step: 81455104, training/rb_grad_mean_norm: 0.978 +/- 0.000
2025-11-20 22:51:19 INFO    |  step: 81455104, training/rb_grad_trvar: 59.073 +/- 0.000
2025-11-20 22:51:19 INFO    |  step: 81455104, eval/episode_reward: 173.984 +/- 0.000
2025-11-20 22:51:19 INFO    |  step: 81455104, eval/episode_success: 173.984 +/- 0.000
2025-11-20 22:51:19 INFO    |  step: 81455104, eval/episode_success_easy: 235.457 +/- 0.000
2025-11-20 22:51:19 INFO    |  step: 81455104, eval/episode_dist: 4873.896 +/- 0.000
2025-11-20 22:51:19 INFO    |  step: 81455104, eval/episode_success_any: 0.309 +/- 0.000
2025-11-20 22:51:19 INFO    |  step: 81455104, eval/episode_reward_ctrl: 0.000 +/- 0.000
2025-11-20 22:51:19 INFO    |  step: 81455104, eval/episode_reward_dist: 0.000 +/- 0.000
2025-11-20 22:51:19 INFO    |  step: 81455104, eval/episode_reward_near: 0.000 +/- 0.000
2025-11-20 22:51:19 INFO    |  step: 81455104, eval/episode_reward_survive: 0.000 +/- 0.000
2025-11-20 22:51:19 INFO    |  step: 81455104, eval/episode_success_hard: 0.000 +/- 0.000
2025-11-20 22:51:49 INFO    |  actor input shape: (10000, 31)
2025-11-20 22:51:49 INFO    |  encoder input shape: (10000, 37)
2025-11-20 22:51:49 INFO    |  encoder input shape: (10000, 2)
2025-11-20 22:51:50 INFO    |  actor input shape: (10000, 31)
2025-11-20 22:51:50 INFO    |  encoder input shape: (10000, 37)
2025-11-20 22:51:50 INFO    |  encoder input shape: (10000, 2)
2025-11-20 22:51:50 INFO    |  actor input shape: (10000, 31)
2025-11-20 22:51:50 INFO    |  encoder input shape: (10000, 37)
2025-11-20 22:51:50 INFO    |  encoder input shape: (10000, 2)
2025-11-20 22:51:50 INFO    |  Plotted visualizations at env step 81947136.0
2025-11-20 22:51:55 INFO    |  step: 81947136
2025-11-20 22:51:57 INFO    |  actor input shape: (1, 31)
2025-11-20 22:52:21 INFO    |  step: 81947136, training/sps: 15987.685 +/- 0.000
2025-11-20 22:52:21 INFO    |  step: 81947136, training/actor_loss: 3.433 +/- 0.000
2025-11-20 22:52:21 INFO    |  step: 81947136, training/adaptive_mixing_raw: 0.375 +/- 0.000
2025-11-20 22:52:21 INFO    |  step: 81947136, training/adaptive_mixing_smoothed: 0.375 +/- 0.000
2025-11-20 22:52:21 INFO    |  step: 81947136, training/alpha_loss: -0.000 +/- 0.000
2025-11-20 22:52:21 INFO    |  step: 81947136, training/critic_loss: 3.714 +/- 0.000
2025-11-20 22:52:21 INFO    |  step: 81947136, training/entropy: -4.003 +/- 0.000
2025-11-20 22:52:21 INFO    |  step: 81947136, training/env_grad_mean_norm: 0.629 +/- 0.000
2025-11-20 22:52:21 INFO    |  step: 81947136, training/env_grad_trvar: 66.394 +/- 0.000
2025-11-20 22:52:21 INFO    |  step: 81947136, training/env_rb_bias_squared: 1.339 +/- 0.000
2025-11-20 22:52:21 INFO    |  step: 81947136, training/log_alpha: -4.518 +/- 0.000
2025-11-20 22:52:21 INFO    |  step: 81947136, training/num_env_samples: 191.676 +/- 0.000
2025-11-20 22:52:21 INFO    |  step: 81947136, training/num_rb_samples: 64.324 +/- 0.000
2025-11-20 22:52:21 INFO    |  step: 81947136, training/rb_grad_mean_norm: 0.990 +/- 0.000
2025-11-20 22:52:21 INFO    |  step: 81947136, training/rb_grad_trvar: 60.963 +/- 0.000
2025-11-20 22:52:21 INFO    |  step: 81947136, eval/episode_reward: 166.020 +/- 0.000
2025-11-20 22:52:21 INFO    |  step: 81947136, eval/episode_success: 166.020 +/- 0.000
2025-11-20 22:52:21 INFO    |  step: 81947136, eval/episode_success_easy: 265.945 +/- 0.000
2025-11-20 22:52:21 INFO    |  step: 81947136, eval/episode_dist: 4858.437 +/- 0.000
2025-11-20 22:52:21 INFO    |  step: 81947136, eval/episode_success_any: 0.297 +/- 0.000
2025-11-20 22:52:21 INFO    |  step: 81947136, eval/episode_reward_ctrl: 0.000 +/- 0.000
2025-11-20 22:52:21 INFO    |  step: 81947136, eval/episode_reward_dist: 0.000 +/- 0.000
2025-11-20 22:52:21 INFO    |  step: 81947136, eval/episode_reward_near: 0.000 +/- 0.000
2025-11-20 22:52:21 INFO    |  step: 81947136, eval/episode_reward_survive: 0.000 +/- 0.000
2025-11-20 22:52:21 INFO    |  step: 81947136, eval/episode_success_hard: 0.000 +/- 0.000
2025-11-20 22:52:51 INFO    |  actor input shape: (10000, 31)
2025-11-20 22:52:51 INFO    |  encoder input shape: (10000, 37)
2025-11-20 22:52:51 INFO    |  encoder input shape: (10000, 2)
2025-11-20 22:52:51 INFO    |  actor input shape: (10000, 31)
2025-11-20 22:52:51 INFO    |  encoder input shape: (10000, 37)
2025-11-20 22:52:51 INFO    |  encoder input shape: (10000, 2)
2025-11-20 22:52:52 INFO    |  actor input shape: (10000, 31)
2025-11-20 22:52:52 INFO    |  encoder input shape: (10000, 37)
2025-11-20 22:52:52 INFO    |  encoder input shape: (10000, 2)
2025-11-20 22:52:52 INFO    |  Plotted visualizations at env step 82439168.0
2025-11-20 22:52:57 INFO    |  step: 82439168
2025-11-20 22:52:57 INFO    |  step: 82439168, training/sps: 16181.960 +/- 0.000
2025-11-20 22:52:57 INFO    |  step: 82439168, training/actor_loss: 3.419 +/- 0.000
2025-11-20 22:52:57 INFO    |  step: 82439168, training/adaptive_mixing_raw: 0.428 +/- 0.000
2025-11-20 22:52:57 INFO    |  step: 82439168, training/adaptive_mixing_smoothed: 0.428 +/- 0.000
2025-11-20 22:52:57 INFO    |  step: 82439168, training/alpha_loss: 0.000 +/- 0.000
2025-11-20 22:52:57 INFO    |  step: 82439168, training/critic_loss: 3.702 +/- 0.000
2025-11-20 22:52:57 INFO    |  step: 82439168, training/entropy: -3.999 +/- 0.000
2025-11-20 22:52:57 INFO    |  step: 82439168, training/env_grad_mean_norm: 0.633 +/- 0.000
2025-11-20 22:52:57 INFO    |  step: 82439168, training/env_grad_trvar: 66.601 +/- 0.000
2025-11-20 22:52:57 INFO    |  step: 82439168, training/env_rb_bias_squared: 1.345 +/- 0.000
2025-11-20 22:52:57 INFO    |  step: 82439168, training/log_alpha: -4.501 +/- 0.000
2025-11-20 22:52:57 INFO    |  step: 82439168, training/num_env_samples: 191.800 +/- 0.000
2025-11-20 22:52:57 INFO    |  step: 82439168, training/num_rb_samples: 64.200 +/- 0.000
2025-11-20 22:52:57 INFO    |  step: 82439168, training/rb_grad_mean_norm: 0.992 +/- 0.000
2025-11-20 22:52:57 INFO    |  step: 82439168, training/rb_grad_trvar: 61.099 +/- 0.000
2025-11-20 22:52:57 INFO    |  step: 82439168, eval/episode_reward: 288.082 +/- 0.000
2025-11-20 22:52:57 INFO    |  step: 82439168, eval/episode_success: 288.082 +/- 0.000
2025-11-20 22:52:57 INFO    |  step: 82439168, eval/episode_success_easy: 440.445 +/- 0.000
2025-11-20 22:52:57 INFO    |  step: 82439168, eval/episode_dist: 3482.189 +/- 0.000
2025-11-20 22:52:57 INFO    |  step: 82439168, eval/episode_success_any: 0.473 +/- 0.000
2025-11-20 22:52:57 INFO    |  step: 82439168, eval/episode_reward_ctrl: 0.000 +/- 0.000
2025-11-20 22:52:57 INFO    |  step: 82439168, eval/episode_reward_dist: 0.000 +/- 0.000
2025-11-20 22:52:57 INFO    |  step: 82439168, eval/episode_reward_near: 0.000 +/- 0.000
2025-11-20 22:52:57 INFO    |  step: 82439168, eval/episode_reward_survive: 0.000 +/- 0.000
2025-11-20 22:52:57 INFO    |  step: 82439168, eval/episode_success_hard: 0.000 +/- 0.000
2025-11-20 22:53:26 INFO    |  actor input shape: (10000, 31)
2025-11-20 22:53:26 INFO    |  encoder input shape: (10000, 37)
2025-11-20 22:53:26 INFO    |  encoder input shape: (10000, 2)
2025-11-20 22:53:26 INFO    |  actor input shape: (10000, 31)
2025-11-20 22:53:26 INFO    |  encoder input shape: (10000, 37)
2025-11-20 22:53:26 INFO    |  encoder input shape: (10000, 2)
2025-11-20 22:53:27 INFO    |  actor input shape: (10000, 31)
2025-11-20 22:53:27 INFO    |  encoder input shape: (10000, 37)
2025-11-20 22:53:27 INFO    |  encoder input shape: (10000, 2)
2025-11-20 22:53:27 INFO    |  Plotted visualizations at env step 82931200.0
2025-11-20 22:53:32 INFO    |  step: 82931200
2025-11-20 22:53:32 INFO    |  step: 82931200, training/sps: 16219.767 +/- 0.000
2025-11-20 22:53:32 INFO    |  step: 82931200, training/actor_loss: 3.410 +/- 0.000
2025-11-20 22:53:32 INFO    |  step: 82931200, training/adaptive_mixing_raw: 0.232 +/- 0.000
2025-11-20 22:53:32 INFO    |  step: 82931200, training/adaptive_mixing_smoothed: 0.232 +/- 0.000
2025-11-20 22:53:32 INFO    |  step: 82931200, training/alpha_loss: 0.000 +/- 0.000
2025-11-20 22:53:32 INFO    |  step: 82931200, training/critic_loss: 3.691 +/- 0.000
2025-11-20 22:53:32 INFO    |  step: 82931200, training/entropy: -4.000 +/- 0.000
2025-11-20 22:53:32 INFO    |  step: 82931200, training/env_grad_mean_norm: 0.629 +/- 0.000
2025-11-20 22:53:32 INFO    |  step: 82931200, training/env_grad_trvar: 66.027 +/- 0.000
2025-11-20 22:53:32 INFO    |  step: 82931200, training/env_rb_bias_squared: 1.345 +/- 0.000
2025-11-20 22:53:32 INFO    |  step: 82931200, training/log_alpha: -4.498 +/- 0.000
2025-11-20 22:53:32 INFO    |  step: 82931200, training/num_env_samples: 192.666 +/- 0.000
2025-11-20 22:53:32 INFO    |  step: 82931200, training/num_rb_samples: 63.334 +/- 0.000
2025-11-20 22:53:32 INFO    |  step: 82931200, training/rb_grad_mean_norm: 0.994 +/- 0.000
2025-11-20 22:53:32 INFO    |  step: 82931200, training/rb_grad_trvar: 60.483 +/- 0.000
2025-11-20 22:53:32 INFO    |  step: 82931200, eval/episode_reward: 251.859 +/- 0.000
2025-11-20 22:53:32 INFO    |  step: 82931200, eval/episode_success: 251.859 +/- 0.000
2025-11-20 22:53:32 INFO    |  step: 82931200, eval/episode_success_easy: 352.656 +/- 0.000
2025-11-20 22:53:32 INFO    |  step: 82931200, eval/episode_dist: 4519.093 +/- 0.000
2025-11-20 22:53:32 INFO    |  step: 82931200, eval/episode_success_any: 0.387 +/- 0.000
2025-11-20 22:53:32 INFO    |  step: 82931200, eval/episode_reward_ctrl: 0.000 +/- 0.000
2025-11-20 22:53:32 INFO    |  step: 82931200, eval/episode_reward_dist: 0.000 +/- 0.000
2025-11-20 22:53:32 INFO    |  step: 82931200, eval/episode_reward_near: 0.000 +/- 0.000
2025-11-20 22:53:32 INFO    |  step: 82931200, eval/episode_reward_survive: 0.000 +/- 0.000
2025-11-20 22:53:32 INFO    |  step: 82931200, eval/episode_success_hard: 0.000 +/- 0.000
2025-11-20 22:54:01 INFO    |  actor input shape: (10000, 31)
2025-11-20 22:54:01 INFO    |  encoder input shape: (10000, 37)
2025-11-20 22:54:01 INFO    |  encoder input shape: (10000, 2)
2025-11-20 22:54:01 INFO    |  actor input shape: (10000, 31)
2025-11-20 22:54:01 INFO    |  encoder input shape: (10000, 37)
2025-11-20 22:54:01 INFO    |  encoder input shape: (10000, 2)
2025-11-20 22:54:02 INFO    |  actor input shape: (10000, 31)
2025-11-20 22:54:02 INFO    |  encoder input shape: (10000, 37)
2025-11-20 22:54:02 INFO    |  encoder input shape: (10000, 2)
2025-11-20 22:54:02 INFO    |  Plotted visualizations at env step 83423232.0
2025-11-20 22:54:07 INFO    |  step: 83423232
2025-11-20 22:54:07 INFO    |  step: 83423232, training/sps: 16258.999 +/- 0.000
2025-11-20 22:54:07 INFO    |  step: 83423232, training/actor_loss: 3.403 +/- 0.000
2025-11-20 22:54:07 INFO    |  step: 83423232, training/adaptive_mixing_raw: 0.242 +/- 0.000
2025-11-20 22:54:07 INFO    |  step: 83423232, training/adaptive_mixing_smoothed: 0.242 +/- 0.000
2025-11-20 22:54:07 INFO    |  step: 83423232, training/alpha_loss: -0.000 +/- 0.000
2025-11-20 22:54:07 INFO    |  step: 83423232, training/critic_loss: 3.682 +/- 0.000
2025-11-20 22:54:07 INFO    |  step: 83423232, training/entropy: -4.001 +/- 0.000
2025-11-20 22:54:07 INFO    |  step: 83423232, training/env_grad_mean_norm: 0.640 +/- 0.000
2025-11-20 22:54:07 INFO    |  step: 83423232, training/env_grad_trvar: 67.974 +/- 0.000
2025-11-20 22:54:07 INFO    |  step: 83423232, training/env_rb_bias_squared: 1.372 +/- 0.000
2025-11-20 22:54:07 INFO    |  step: 83423232, training/log_alpha: -4.470 +/- 0.000
2025-11-20 22:54:07 INFO    |  step: 83423232, training/num_env_samples: 192.035 +/- 0.000
2025-11-20 22:54:07 INFO    |  step: 83423232, training/num_rb_samples: 63.965 +/- 0.000
2025-11-20 22:54:07 INFO    |  step: 83423232, training/rb_grad_mean_norm: 1.000 +/- 0.000
2025-11-20 22:54:07 INFO    |  step: 83423232, training/rb_grad_trvar: 61.882 +/- 0.000
2025-11-20 22:54:07 INFO    |  step: 83423232, eval/episode_reward: 178.793 +/- 0.000
2025-11-20 22:54:07 INFO    |  step: 83423232, eval/episode_success: 178.793 +/- 0.000
2025-11-20 22:54:07 INFO    |  step: 83423232, eval/episode_success_easy: 230.609 +/- 0.000
2025-11-20 22:54:07 INFO    |  step: 83423232, eval/episode_dist: 5470.542 +/- 0.000
2025-11-20 22:54:07 INFO    |  step: 83423232, eval/episode_success_any: 0.293 +/- 0.000
2025-11-20 22:54:07 INFO    |  step: 83423232, eval/episode_reward_ctrl: 0.000 +/- 0.000
2025-11-20 22:54:07 INFO    |  step: 83423232, eval/episode_reward_dist: 0.000 +/- 0.000
2025-11-20 22:54:07 INFO    |  step: 83423232, eval/episode_reward_near: 0.000 +/- 0.000
2025-11-20 22:54:07 INFO    |  step: 83423232, eval/episode_reward_survive: 0.000 +/- 0.000
2025-11-20 22:54:07 INFO    |  step: 83423232, eval/episode_success_hard: 0.000 +/- 0.000
2025-11-20 22:54:36 INFO    |  actor input shape: (10000, 31)
2025-11-20 22:54:36 INFO    |  encoder input shape: (10000, 37)
2025-11-20 22:54:36 INFO    |  encoder input shape: (10000, 2)
2025-11-20 22:54:37 INFO    |  actor input shape: (10000, 31)
2025-11-20 22:54:37 INFO    |  encoder input shape: (10000, 37)
2025-11-20 22:54:37 INFO    |  encoder input shape: (10000, 2)
2025-11-20 22:54:37 INFO    |  actor input shape: (10000, 31)
2025-11-20 22:54:37 INFO    |  encoder input shape: (10000, 37)
2025-11-20 22:54:37 INFO    |  encoder input shape: (10000, 2)
2025-11-20 22:54:37 INFO    |  Plotted visualizations at env step 83915264.0
2025-11-20 22:54:42 INFO    |  step: 83915264
2025-11-20 22:54:42 INFO    |  step: 83915264, training/sps: 16262.779 +/- 0.000
2025-11-20 22:54:42 INFO    |  step: 83915264, training/actor_loss: 3.413 +/- 0.000
2025-11-20 22:54:42 INFO    |  step: 83915264, training/adaptive_mixing_raw: 0.355 +/- 0.000
2025-11-20 22:54:42 INFO    |  step: 83915264, training/adaptive_mixing_smoothed: 0.355 +/- 0.000
2025-11-20 22:54:42 INFO    |  step: 83915264, training/alpha_loss: -0.000 +/- 0.000
2025-11-20 22:54:42 INFO    |  step: 83915264, training/critic_loss: 3.695 +/- 0.000
2025-11-20 22:54:42 INFO    |  step: 83915264, training/entropy: -4.001 +/- 0.000
2025-11-20 22:54:42 INFO    |  step: 83915264, training/env_grad_mean_norm: 0.640 +/- 0.000
2025-11-20 22:54:42 INFO    |  step: 83915264, training/env_grad_trvar: 67.784 +/- 0.000
2025-11-20 22:54:42 INFO    |  step: 83915264, training/env_rb_bias_squared: 1.362 +/- 0.000
2025-11-20 22:54:42 INFO    |  step: 83915264, training/log_alpha: -4.454 +/- 0.000
2025-11-20 22:54:42 INFO    |  step: 83915264, training/num_env_samples: 191.432 +/- 0.000
2025-11-20 22:54:42 INFO    |  step: 83915264, training/num_rb_samples: 64.568 +/- 0.000
2025-11-20 22:54:42 INFO    |  step: 83915264, training/rb_grad_mean_norm: 0.996 +/- 0.000
2025-11-20 22:54:42 INFO    |  step: 83915264, training/rb_grad_trvar: 61.926 +/- 0.000
2025-11-20 22:54:42 INFO    |  step: 83915264, eval/episode_reward: 237.055 +/- 0.000
2025-11-20 22:54:42 INFO    |  step: 83915264, eval/episode_success: 237.055 +/- 0.000
2025-11-20 22:54:42 INFO    |  step: 83915264, eval/episode_success_easy: 323.551 +/- 0.000
2025-11-20 22:54:42 INFO    |  step: 83915264, eval/episode_dist: 4523.915 +/- 0.000
2025-11-20 22:54:42 INFO    |  step: 83915264, eval/episode_success_any: 0.355 +/- 0.000
2025-11-20 22:54:42 INFO    |  step: 83915264, eval/episode_reward_ctrl: 0.000 +/- 0.000
2025-11-20 22:54:42 INFO    |  step: 83915264, eval/episode_reward_dist: 0.000 +/- 0.000
2025-11-20 22:54:42 INFO    |  step: 83915264, eval/episode_reward_near: 0.000 +/- 0.000
2025-11-20 22:54:42 INFO    |  step: 83915264, eval/episode_reward_survive: 0.000 +/- 0.000
2025-11-20 22:54:42 INFO    |  step: 83915264, eval/episode_success_hard: 0.000 +/- 0.000
2025-11-20 22:55:11 INFO    |  actor input shape: (10000, 31)
2025-11-20 22:55:11 INFO    |  encoder input shape: (10000, 37)
2025-11-20 22:55:11 INFO    |  encoder input shape: (10000, 2)
2025-11-20 22:55:12 INFO    |  actor input shape: (10000, 31)
2025-11-20 22:55:12 INFO    |  encoder input shape: (10000, 37)
2025-11-20 22:55:12 INFO    |  encoder input shape: (10000, 2)
2025-11-20 22:55:12 INFO    |  actor input shape: (10000, 31)
2025-11-20 22:55:12 INFO    |  encoder input shape: (10000, 37)
2025-11-20 22:55:12 INFO    |  encoder input shape: (10000, 2)
2025-11-20 22:55:12 INFO    |  Plotted visualizations at env step 84407296.0
2025-11-20 22:55:17 INFO    |  step: 84407296
2025-11-20 22:55:19 INFO    |  actor input shape: (1, 31)
2025-11-20 22:55:47 INFO    |  step: 84407296, training/sps: 16238.480 +/- 0.000
2025-11-20 22:55:47 INFO    |  step: 84407296, training/actor_loss: 3.412 +/- 0.000
2025-11-20 22:55:47 INFO    |  step: 84407296, training/adaptive_mixing_raw: 0.355 +/- 0.000
2025-11-20 22:55:47 INFO    |  step: 84407296, training/adaptive_mixing_smoothed: 0.355 +/- 0.000
2025-11-20 22:55:47 INFO    |  step: 84407296, training/alpha_loss: 0.000 +/- 0.000
2025-11-20 22:55:47 INFO    |  step: 84407296, training/critic_loss: 3.689 +/- 0.000
2025-11-20 22:55:47 INFO    |  step: 84407296, training/entropy: -3.999 +/- 0.000
2025-11-20 22:55:47 INFO    |  step: 84407296, training/env_grad_mean_norm: 0.638 +/- 0.000
2025-11-20 22:55:47 INFO    |  step: 84407296, training/env_grad_trvar: 67.234 +/- 0.000
2025-11-20 22:55:47 INFO    |  step: 84407296, training/env_rb_bias_squared: 1.364 +/- 0.000
2025-11-20 22:55:47 INFO    |  step: 84407296, training/log_alpha: -4.462 +/- 0.000
2025-11-20 22:55:47 INFO    |  step: 84407296, training/num_env_samples: 191.965 +/- 0.000
2025-11-20 22:55:47 INFO    |  step: 84407296, training/num_rb_samples: 64.035 +/- 0.000
2025-11-20 22:55:47 INFO    |  step: 84407296, training/rb_grad_mean_norm: 1.000 +/- 0.000
2025-11-20 22:55:47 INFO    |  step: 84407296, training/rb_grad_trvar: 61.811 +/- 0.000
2025-11-20 22:55:47 INFO    |  step: 84407296, eval/episode_reward: 313.352 +/- 0.000
2025-11-20 22:55:47 INFO    |  step: 84407296, eval/episode_success: 313.352 +/- 0.000
2025-11-20 22:55:47 INFO    |  step: 84407296, eval/episode_success_easy: 437.887 +/- 0.000
2025-11-20 22:55:47 INFO    |  step: 84407296, eval/episode_dist: 3523.174 +/- 0.000
2025-11-20 22:55:47 INFO    |  step: 84407296, eval/episode_success_any: 0.488 +/- 0.000
2025-11-20 22:55:47 INFO    |  step: 84407296, eval/episode_reward_ctrl: 0.000 +/- 0.000
2025-11-20 22:55:47 INFO    |  step: 84407296, eval/episode_reward_dist: 0.000 +/- 0.000
2025-11-20 22:55:47 INFO    |  step: 84407296, eval/episode_reward_near: 0.000 +/- 0.000
2025-11-20 22:55:47 INFO    |  step: 84407296, eval/episode_reward_survive: 0.000 +/- 0.000
2025-11-20 22:55:47 INFO    |  step: 84407296, eval/episode_success_hard: 0.000 +/- 0.000
2025-11-20 22:56:17 INFO    |  actor input shape: (10000, 31)
2025-11-20 22:56:17 INFO    |  encoder input shape: (10000, 37)
2025-11-20 22:56:17 INFO    |  encoder input shape: (10000, 2)
2025-11-20 22:56:17 INFO    |  actor input shape: (10000, 31)
2025-11-20 22:56:17 INFO    |  encoder input shape: (10000, 37)
2025-11-20 22:56:17 INFO    |  encoder input shape: (10000, 2)
2025-11-20 22:56:17 INFO    |  actor input shape: (10000, 31)
2025-11-20 22:56:17 INFO    |  encoder input shape: (10000, 37)
2025-11-20 22:56:17 INFO    |  encoder input shape: (10000, 2)
2025-11-20 22:56:18 INFO    |  Plotted visualizations at env step 84899328.0
2025-11-20 22:56:22 INFO    |  step: 84899328
2025-11-20 22:56:22 INFO    |  step: 84899328, training/sps: 16082.717 +/- 0.000
2025-11-20 22:56:22 INFO    |  step: 84899328, training/actor_loss: 3.416 +/- 0.000
2025-11-20 22:56:22 INFO    |  step: 84899328, training/adaptive_mixing_raw: 0.272 +/- 0.000
2025-11-20 22:56:22 INFO    |  step: 84899328, training/adaptive_mixing_smoothed: 0.272 +/- 0.000
2025-11-20 22:56:22 INFO    |  step: 84899328, training/alpha_loss: 0.000 +/- 0.000
2025-11-20 22:56:22 INFO    |  step: 84899328, training/critic_loss: 3.688 +/- 0.000
2025-11-20 22:56:22 INFO    |  step: 84899328, training/entropy: -3.999 +/- 0.000
2025-11-20 22:56:22 INFO    |  step: 84899328, training/env_grad_mean_norm: 0.635 +/- 0.000
2025-11-20 22:56:22 INFO    |  step: 84899328, training/env_grad_trvar: 66.724 +/- 0.000
2025-11-20 22:56:22 INFO    |  step: 84899328, training/env_rb_bias_squared: 1.352 +/- 0.000
2025-11-20 22:56:22 INFO    |  step: 84899328, training/log_alpha: -4.465 +/- 0.000
2025-11-20 22:56:22 INFO    |  step: 84899328, training/num_env_samples: 192.172 +/- 0.000
2025-11-20 22:56:22 INFO    |  step: 84899328, training/num_rb_samples: 63.828 +/- 0.000
2025-11-20 22:56:22 INFO    |  step: 84899328, training/rb_grad_mean_norm: 0.994 +/- 0.000
2025-11-20 22:56:22 INFO    |  step: 84899328, training/rb_grad_trvar: 60.941 +/- 0.000
2025-11-20 22:56:22 INFO    |  step: 84899328, eval/episode_reward: 260.375 +/- 0.000
2025-11-20 22:56:22 INFO    |  step: 84899328, eval/episode_success: 260.375 +/- 0.000
2025-11-20 22:56:22 INFO    |  step: 84899328, eval/episode_success_easy: 345.832 +/- 0.000
2025-11-20 22:56:22 INFO    |  step: 84899328, eval/episode_dist: 3752.590 +/- 0.000
2025-11-20 22:56:22 INFO    |  step: 84899328, eval/episode_success_any: 0.395 +/- 0.000
2025-11-20 22:56:22 INFO    |  step: 84899328, eval/episode_reward_ctrl: 0.000 +/- 0.000
2025-11-20 22:56:22 INFO    |  step: 84899328, eval/episode_reward_dist: 0.000 +/- 0.000
2025-11-20 22:56:22 INFO    |  step: 84899328, eval/episode_reward_near: 0.000 +/- 0.000
2025-11-20 22:56:22 INFO    |  step: 84899328, eval/episode_reward_survive: 0.000 +/- 0.000
2025-11-20 22:56:22 INFO    |  step: 84899328, eval/episode_success_hard: 0.000 +/- 0.000
2025-11-20 22:56:52 INFO    |  actor input shape: (10000, 31)
2025-11-20 22:56:52 INFO    |  encoder input shape: (10000, 37)
2025-11-20 22:56:52 INFO    |  encoder input shape: (10000, 2)
2025-11-20 22:56:52 INFO    |  actor input shape: (10000, 31)
2025-11-20 22:56:52 INFO    |  encoder input shape: (10000, 37)
2025-11-20 22:56:52 INFO    |  encoder input shape: (10000, 2)
2025-11-20 22:56:53 INFO    |  actor input shape: (10000, 31)
2025-11-20 22:56:53 INFO    |  encoder input shape: (10000, 37)
2025-11-20 22:56:53 INFO    |  encoder input shape: (10000, 2)
2025-11-20 22:56:53 INFO    |  Plotted visualizations at env step 85391360.0
2025-11-20 22:56:58 INFO    |  step: 85391360
2025-11-20 22:56:58 INFO    |  step: 85391360, training/sps: 16077.150 +/- 0.000
2025-11-20 22:56:58 INFO    |  step: 85391360, training/actor_loss: 3.409 +/- 0.000
2025-11-20 22:56:58 INFO    |  step: 85391360, training/adaptive_mixing_raw: 0.291 +/- 0.000
2025-11-20 22:56:58 INFO    |  step: 85391360, training/adaptive_mixing_smoothed: 0.291 +/- 0.000
2025-11-20 22:56:58 INFO    |  step: 85391360, training/alpha_loss: 0.000 +/- 0.000
2025-11-20 22:56:58 INFO    |  step: 85391360, training/critic_loss: 3.678 +/- 0.000
2025-11-20 22:56:58 INFO    |  step: 85391360, training/entropy: -4.000 +/- 0.000
2025-11-20 22:56:58 INFO    |  step: 85391360, training/env_grad_mean_norm: 0.637 +/- 0.000
2025-11-20 22:56:58 INFO    |  step: 85391360, training/env_grad_trvar: 67.297 +/- 0.000
2025-11-20 22:56:58 INFO    |  step: 85391360, training/env_rb_bias_squared: 1.340 +/- 0.000
2025-11-20 22:56:58 INFO    |  step: 85391360, training/log_alpha: -4.463 +/- 0.000
2025-11-20 22:56:58 INFO    |  step: 85391360, training/num_env_samples: 191.462 +/- 0.000
2025-11-20 22:56:58 INFO    |  step: 85391360, training/num_rb_samples: 64.538 +/- 0.000
2025-11-20 22:56:58 INFO    |  step: 85391360, training/rb_grad_mean_norm: 0.986 +/- 0.000
2025-11-20 22:56:58 INFO    |  step: 85391360, training/rb_grad_trvar: 60.758 +/- 0.000
2025-11-20 22:56:58 INFO    |  step: 85391360, eval/episode_reward: 254.961 +/- 0.000
2025-11-20 22:56:58 INFO    |  step: 85391360, eval/episode_success: 254.961 +/- 0.000
2025-11-20 22:56:58 INFO    |  step: 85391360, eval/episode_success_easy: 351.551 +/- 0.000
2025-11-20 22:56:58 INFO    |  step: 85391360, eval/episode_dist: 3625.533 +/- 0.000
2025-11-20 22:56:58 INFO    |  step: 85391360, eval/episode_success_any: 0.398 +/- 0.000
2025-11-20 22:56:58 INFO    |  step: 85391360, eval/episode_reward_ctrl: 0.000 +/- 0.000
2025-11-20 22:56:58 INFO    |  step: 85391360, eval/episode_reward_dist: 0.000 +/- 0.000
2025-11-20 22:56:58 INFO    |  step: 85391360, eval/episode_reward_near: 0.000 +/- 0.000
2025-11-20 22:56:58 INFO    |  step: 85391360, eval/episode_reward_survive: 0.000 +/- 0.000
2025-11-20 22:56:58 INFO    |  step: 85391360, eval/episode_success_hard: 0.000 +/- 0.000
2025-11-20 22:57:28 INFO    |  actor input shape: (10000, 31)
2025-11-20 22:57:28 INFO    |  encoder input shape: (10000, 37)
2025-11-20 22:57:28 INFO    |  encoder input shape: (10000, 2)
2025-11-20 22:57:28 INFO    |  actor input shape: (10000, 31)
2025-11-20 22:57:28 INFO    |  encoder input shape: (10000, 37)
2025-11-20 22:57:28 INFO    |  encoder input shape: (10000, 2)
2025-11-20 22:57:28 INFO    |  actor input shape: (10000, 31)
2025-11-20 22:57:28 INFO    |  encoder input shape: (10000, 37)
2025-11-20 22:57:28 INFO    |  encoder input shape: (10000, 2)
2025-11-20 22:57:29 INFO    |  Plotted visualizations at env step 85883392.0
2025-11-20 22:57:33 INFO    |  step: 85883392
2025-11-20 22:57:33 INFO    |  step: 85883392, training/sps: 15975.483 +/- 0.000
2025-11-20 22:57:33 INFO    |  step: 85883392, training/actor_loss: 3.401 +/- 0.000
2025-11-20 22:57:33 INFO    |  step: 85883392, training/adaptive_mixing_raw: 0.419 +/- 0.000
2025-11-20 22:57:33 INFO    |  step: 85883392, training/adaptive_mixing_smoothed: 0.419 +/- 0.000
2025-11-20 22:57:33 INFO    |  step: 85883392, training/alpha_loss: -0.000 +/- 0.000
2025-11-20 22:57:33 INFO    |  step: 85883392, training/critic_loss: 3.666 +/- 0.000
2025-11-20 22:57:33 INFO    |  step: 85883392, training/entropy: -4.001 +/- 0.000
2025-11-20 22:57:33 INFO    |  step: 85883392, training/env_grad_mean_norm: 0.631 +/- 0.000
2025-11-20 22:57:33 INFO    |  step: 85883392, training/env_grad_trvar: 65.952 +/- 0.000
2025-11-20 22:57:33 INFO    |  step: 85883392, training/env_rb_bias_squared: 1.331 +/- 0.000
2025-11-20 22:57:33 INFO    |  step: 85883392, training/log_alpha: -4.478 +/- 0.000
2025-11-20 22:57:33 INFO    |  step: 85883392, training/num_env_samples: 192.281 +/- 0.000
2025-11-20 22:57:33 INFO    |  step: 85883392, training/num_rb_samples: 63.719 +/- 0.000
2025-11-20 22:57:33 INFO    |  step: 85883392, training/rb_grad_mean_norm: 0.985 +/- 0.000
2025-11-20 22:57:33 INFO    |  step: 85883392, training/rb_grad_trvar: 59.726 +/- 0.000
2025-11-20 22:57:33 INFO    |  step: 85883392, eval/episode_reward: 301.746 +/- 0.000
2025-11-20 22:57:33 INFO    |  step: 85883392, eval/episode_success: 301.746 +/- 0.000
2025-11-20 22:57:33 INFO    |  step: 85883392, eval/episode_success_easy: 400.867 +/- 0.000
2025-11-20 22:57:33 INFO    |  step: 85883392, eval/episode_dist: 3792.708 +/- 0.000
2025-11-20 22:57:33 INFO    |  step: 85883392, eval/episode_success_any: 0.465 +/- 0.000
2025-11-20 22:57:33 INFO    |  step: 85883392, eval/episode_reward_ctrl: 0.000 +/- 0.000
2025-11-20 22:57:33 INFO    |  step: 85883392, eval/episode_reward_dist: 0.000 +/- 0.000
2025-11-20 22:57:33 INFO    |  step: 85883392, eval/episode_reward_near: 0.000 +/- 0.000
2025-11-20 22:57:33 INFO    |  step: 85883392, eval/episode_reward_survive: 0.000 +/- 0.000
2025-11-20 22:57:33 INFO    |  step: 85883392, eval/episode_success_hard: 0.000 +/- 0.000
2025-11-20 22:58:04 INFO    |  actor input shape: (10000, 31)
2025-11-20 22:58:04 INFO    |  encoder input shape: (10000, 37)
2025-11-20 22:58:04 INFO    |  encoder input shape: (10000, 2)
2025-11-20 22:58:04 INFO    |  actor input shape: (10000, 31)
2025-11-20 22:58:04 INFO    |  encoder input shape: (10000, 37)
2025-11-20 22:58:04 INFO    |  encoder input shape: (10000, 2)
2025-11-20 22:58:04 INFO    |  actor input shape: (10000, 31)
2025-11-20 22:58:04 INFO    |  encoder input shape: (10000, 37)
2025-11-20 22:58:04 INFO    |  encoder input shape: (10000, 2)
2025-11-20 22:58:04 INFO    |  Plotted visualizations at env step 86375424.0
2025-11-20 22:58:09 INFO    |  step: 86375424
2025-11-20 22:58:09 INFO    |  step: 86375424, training/sps: 15871.952 +/- 0.000
2025-11-20 22:58:09 INFO    |  step: 86375424, training/actor_loss: 3.406 +/- 0.000
2025-11-20 22:58:09 INFO    |  step: 86375424, training/adaptive_mixing_raw: 0.260 +/- 0.000
2025-11-20 22:58:09 INFO    |  step: 86375424, training/adaptive_mixing_smoothed: 0.260 +/- 0.000
2025-11-20 22:58:09 INFO    |  step: 86375424, training/alpha_loss: 0.000 +/- 0.000
2025-11-20 22:58:09 INFO    |  step: 86375424, training/critic_loss: 3.666 +/- 0.000
2025-11-20 22:58:09 INFO    |  step: 86375424, training/entropy: -4.000 +/- 0.000
2025-11-20 22:58:09 INFO    |  step: 86375424, training/env_grad_mean_norm: 0.628 +/- 0.000
2025-11-20 22:58:09 INFO    |  step: 86375424, training/env_grad_trvar: 65.338 +/- 0.000
2025-11-20 22:58:09 INFO    |  step: 86375424, training/env_rb_bias_squared: 1.323 +/- 0.000
2025-11-20 22:58:09 INFO    |  step: 86375424, training/log_alpha: -4.493 +/- 0.000
2025-11-20 22:58:09 INFO    |  step: 86375424, training/num_env_samples: 192.096 +/- 0.000
2025-11-20 22:58:09 INFO    |  step: 86375424, training/num_rb_samples: 63.904 +/- 0.000
2025-11-20 22:58:09 INFO    |  step: 86375424, training/rb_grad_mean_norm: 0.982 +/- 0.000
2025-11-20 22:58:09 INFO    |  step: 86375424, training/rb_grad_trvar: 59.623 +/- 0.000
2025-11-20 22:58:09 INFO    |  step: 86375424, eval/episode_reward: 240.836 +/- 0.000
2025-11-20 22:58:09 INFO    |  step: 86375424, eval/episode_success: 240.836 +/- 0.000
2025-11-20 22:58:09 INFO    |  step: 86375424, eval/episode_success_easy: 307.207 +/- 0.000
2025-11-20 22:58:09 INFO    |  step: 86375424, eval/episode_dist: 3751.498 +/- 0.000
2025-11-20 22:58:09 INFO    |  step: 86375424, eval/episode_success_any: 0.371 +/- 0.000
2025-11-20 22:58:09 INFO    |  step: 86375424, eval/episode_reward_ctrl: 0.000 +/- 0.000
2025-11-20 22:58:09 INFO    |  step: 86375424, eval/episode_reward_dist: 0.000 +/- 0.000
2025-11-20 22:58:09 INFO    |  step: 86375424, eval/episode_reward_near: 0.000 +/- 0.000
2025-11-20 22:58:09 INFO    |  step: 86375424, eval/episode_reward_survive: 0.000 +/- 0.000
2025-11-20 22:58:09 INFO    |  step: 86375424, eval/episode_success_hard: 0.000 +/- 0.000
2025-11-20 22:58:40 INFO    |  actor input shape: (10000, 31)
2025-11-20 22:58:40 INFO    |  encoder input shape: (10000, 37)
2025-11-20 22:58:40 INFO    |  encoder input shape: (10000, 2)
2025-11-20 22:58:40 INFO    |  actor input shape: (10000, 31)
2025-11-20 22:58:40 INFO    |  encoder input shape: (10000, 37)
2025-11-20 22:58:40 INFO    |  encoder input shape: (10000, 2)
2025-11-20 22:58:40 INFO    |  actor input shape: (10000, 31)
2025-11-20 22:58:40 INFO    |  encoder input shape: (10000, 37)
2025-11-20 22:58:40 INFO    |  encoder input shape: (10000, 2)
2025-11-20 22:58:40 INFO    |  Plotted visualizations at env step 86867456.0
2025-11-20 22:58:45 INFO    |  step: 86867456
2025-11-20 22:58:47 INFO    |  actor input shape: (1, 31)
2025-11-20 22:59:13 INFO    |  step: 86867456, training/sps: 15736.533 +/- 0.000
2025-11-20 22:59:13 INFO    |  step: 86867456, training/actor_loss: 3.397 +/- 0.000
2025-11-20 22:59:13 INFO    |  step: 86867456, training/adaptive_mixing_raw: 0.280 +/- 0.000
2025-11-20 22:59:13 INFO    |  step: 86867456, training/adaptive_mixing_smoothed: 0.280 +/- 0.000
2025-11-20 22:59:13 INFO    |  step: 86867456, training/alpha_loss: -0.000 +/- 0.000
2025-11-20 22:59:13 INFO    |  step: 86867456, training/critic_loss: 3.658 +/- 0.000
2025-11-20 22:59:13 INFO    |  step: 86867456, training/entropy: -4.000 +/- 0.000
2025-11-20 22:59:13 INFO    |  step: 86867456, training/env_grad_mean_norm: 0.629 +/- 0.000
2025-11-20 22:59:13 INFO    |  step: 86867456, training/env_grad_trvar: 65.087 +/- 0.000
2025-11-20 22:59:13 INFO    |  step: 86867456, training/env_rb_bias_squared: 1.302 +/- 0.000
2025-11-20 22:59:13 INFO    |  step: 86867456, training/log_alpha: -4.495 +/- 0.000
2025-11-20 22:59:13 INFO    |  step: 86867456, training/num_env_samples: 191.731 +/- 0.000
2025-11-20 22:59:13 INFO    |  step: 86867456, training/num_rb_samples: 64.269 +/- 0.000
2025-11-20 22:59:13 INFO    |  step: 86867456, training/rb_grad_mean_norm: 0.971 +/- 0.000
2025-11-20 22:59:13 INFO    |  step: 86867456, training/rb_grad_trvar: 58.663 +/- 0.000
2025-11-20 22:59:13 INFO    |  step: 86867456, eval/episode_reward: 298.086 +/- 0.000
2025-11-20 22:59:13 INFO    |  step: 86867456, eval/episode_success: 298.086 +/- 0.000
2025-11-20 22:59:13 INFO    |  step: 86867456, eval/episode_success_easy: 404.637 +/- 0.000
2025-11-20 22:59:13 INFO    |  step: 86867456, eval/episode_dist: 3845.006 +/- 0.000
2025-11-20 22:59:13 INFO    |  step: 86867456, eval/episode_success_any: 0.453 +/- 0.000
2025-11-20 22:59:13 INFO    |  step: 86867456, eval/episode_reward_ctrl: 0.000 +/- 0.000
2025-11-20 22:59:13 INFO    |  step: 86867456, eval/episode_reward_dist: 0.000 +/- 0.000
2025-11-20 22:59:13 INFO    |  step: 86867456, eval/episode_reward_near: 0.000 +/- 0.000
2025-11-20 22:59:13 INFO    |  step: 86867456, eval/episode_reward_survive: 0.000 +/- 0.000
2025-11-20 22:59:13 INFO    |  step: 86867456, eval/episode_success_hard: 0.000 +/- 0.000
2025-11-20 22:59:44 INFO    |  actor input shape: (10000, 31)
2025-11-20 22:59:44 INFO    |  encoder input shape: (10000, 37)
2025-11-20 22:59:44 INFO    |  encoder input shape: (10000, 2)
2025-11-20 22:59:44 INFO    |  actor input shape: (10000, 31)
2025-11-20 22:59:44 INFO    |  encoder input shape: (10000, 37)
2025-11-20 22:59:44 INFO    |  encoder input shape: (10000, 2)
2025-11-20 22:59:44 INFO    |  actor input shape: (10000, 31)
2025-11-20 22:59:44 INFO    |  encoder input shape: (10000, 37)
2025-11-20 22:59:44 INFO    |  encoder input shape: (10000, 2)
2025-11-20 22:59:44 INFO    |  Plotted visualizations at env step 87359488.0
2025-11-20 22:59:49 INFO    |  step: 87359488
2025-11-20 22:59:49 INFO    |  step: 87359488, training/sps: 15871.125 +/- 0.000
2025-11-20 22:59:49 INFO    |  step: 87359488, training/actor_loss: 3.409 +/- 0.000
2025-11-20 22:59:49 INFO    |  step: 87359488, training/adaptive_mixing_raw: 0.455 +/- 0.000
2025-11-20 22:59:49 INFO    |  step: 87359488, training/adaptive_mixing_smoothed: 0.455 +/- 0.000
2025-11-20 22:59:49 INFO    |  step: 87359488, training/alpha_loss: 0.000 +/- 0.000
2025-11-20 22:59:49 INFO    |  step: 87359488, training/critic_loss: 3.671 +/- 0.000
2025-11-20 22:59:49 INFO    |  step: 87359488, training/entropy: -4.000 +/- 0.000
2025-11-20 22:59:49 INFO    |  step: 87359488, training/env_grad_mean_norm: 0.618 +/- 0.000
2025-11-20 22:59:49 INFO    |  step: 87359488, training/env_grad_trvar: 62.968 +/- 0.000
2025-11-20 22:59:49 INFO    |  step: 87359488, training/env_rb_bias_squared: 1.277 +/- 0.000
2025-11-20 22:59:49 INFO    |  step: 87359488, training/log_alpha: -4.504 +/- 0.000
2025-11-20 22:59:49 INFO    |  step: 87359488, training/num_env_samples: 192.005 +/- 0.000
2025-11-20 22:59:49 INFO    |  step: 87359488, training/num_rb_samples: 63.995 +/- 0.000
2025-11-20 22:59:49 INFO    |  step: 87359488, training/rb_grad_mean_norm: 0.964 +/- 0.000
2025-11-20 22:59:49 INFO    |  step: 87359488, training/rb_grad_trvar: 57.592 +/- 0.000
2025-11-20 22:59:49 INFO    |  step: 87359488, eval/episode_reward: 270.387 +/- 0.000
2025-11-20 22:59:49 INFO    |  step: 87359488, eval/episode_success: 270.387 +/- 0.000
2025-11-20 22:59:49 INFO    |  step: 87359488, eval/episode_success_easy: 360.438 +/- 0.000
2025-11-20 22:59:49 INFO    |  step: 87359488, eval/episode_dist: 3163.952 +/- 0.000
2025-11-20 22:59:49 INFO    |  step: 87359488, eval/episode_success_any: 0.453 +/- 0.000
2025-11-20 22:59:49 INFO    |  step: 87359488, eval/episode_reward_ctrl: 0.000 +/- 0.000
2025-11-20 22:59:49 INFO    |  step: 87359488, eval/episode_reward_dist: 0.000 +/- 0.000
2025-11-20 22:59:49 INFO    |  step: 87359488, eval/episode_reward_near: 0.000 +/- 0.000
2025-11-20 22:59:49 INFO    |  step: 87359488, eval/episode_reward_survive: 0.000 +/- 0.000
2025-11-20 22:59:49 INFO    |  step: 87359488, eval/episode_success_hard: 0.000 +/- 0.000
2025-11-20 23:00:20 INFO    |  actor input shape: (10000, 31)
2025-11-20 23:00:20 INFO    |  encoder input shape: (10000, 37)
2025-11-20 23:00:20 INFO    |  encoder input shape: (10000, 2)
2025-11-20 23:00:20 INFO    |  actor input shape: (10000, 31)
2025-11-20 23:00:20 INFO    |  encoder input shape: (10000, 37)
2025-11-20 23:00:20 INFO    |  encoder input shape: (10000, 2)
2025-11-20 23:00:20 INFO    |  actor input shape: (10000, 31)
2025-11-20 23:00:20 INFO    |  encoder input shape: (10000, 37)
2025-11-20 23:00:20 INFO    |  encoder input shape: (10000, 2)
2025-11-20 23:00:20 INFO    |  Plotted visualizations at env step 87851520.0
2025-11-20 23:00:25 INFO    |  step: 87851520
2025-11-20 23:00:25 INFO    |  step: 87851520, training/sps: 15820.251 +/- 0.000
2025-11-20 23:00:25 INFO    |  step: 87851520, training/actor_loss: 3.429 +/- 0.000
2025-11-20 23:00:25 INFO    |  step: 87851520, training/adaptive_mixing_raw: 0.320 +/- 0.000
2025-11-20 23:00:25 INFO    |  step: 87851520, training/adaptive_mixing_smoothed: 0.320 +/- 0.000
2025-11-20 23:00:25 INFO    |  step: 87851520, training/alpha_loss: 0.000 +/- 0.000
2025-11-20 23:00:25 INFO    |  step: 87851520, training/critic_loss: 3.690 +/- 0.000
2025-11-20 23:00:25 INFO    |  step: 87851520, training/entropy: -3.999 +/- 0.000
2025-11-20 23:00:25 INFO    |  step: 87851520, training/env_grad_mean_norm: 0.616 +/- 0.000
2025-11-20 23:00:25 INFO    |  step: 87851520, training/env_grad_trvar: 62.721 +/- 0.000
2025-11-20 23:00:25 INFO    |  step: 87851520, training/env_rb_bias_squared: 1.262 +/- 0.000
2025-11-20 23:00:25 INFO    |  step: 87851520, training/log_alpha: -4.518 +/- 0.000
2025-11-20 23:00:25 INFO    |  step: 87851520, training/num_env_samples: 190.700 +/- 0.000
2025-11-20 23:00:25 INFO    |  step: 87851520, training/num_rb_samples: 65.300 +/- 0.000
2025-11-20 23:00:25 INFO    |  step: 87851520, training/rb_grad_mean_norm: 0.957 +/- 0.000
2025-11-20 23:00:25 INFO    |  step: 87851520, training/rb_grad_trvar: 57.893 +/- 0.000
2025-11-20 23:00:25 INFO    |  step: 87851520, eval/episode_reward: 298.848 +/- 0.000
2025-11-20 23:00:25 INFO    |  step: 87851520, eval/episode_success: 298.848 +/- 0.000
2025-11-20 23:00:25 INFO    |  step: 87851520, eval/episode_success_easy: 378.590 +/- 0.000
2025-11-20 23:00:25 INFO    |  step: 87851520, eval/episode_dist: 4020.034 +/- 0.000
2025-11-20 23:00:25 INFO    |  step: 87851520, eval/episode_success_any: 0.457 +/- 0.000
2025-11-20 23:00:25 INFO    |  step: 87851520, eval/episode_reward_ctrl: 0.000 +/- 0.000
2025-11-20 23:00:25 INFO    |  step: 87851520, eval/episode_reward_dist: 0.000 +/- 0.000
2025-11-20 23:00:25 INFO    |  step: 87851520, eval/episode_reward_near: 0.000 +/- 0.000
2025-11-20 23:00:25 INFO    |  step: 87851520, eval/episode_reward_survive: 0.000 +/- 0.000
2025-11-20 23:00:25 INFO    |  step: 87851520, eval/episode_success_hard: 0.000 +/- 0.000
2025-11-20 23:00:55 INFO    |  actor input shape: (10000, 31)
2025-11-20 23:00:55 INFO    |  encoder input shape: (10000, 37)
2025-11-20 23:00:55 INFO    |  encoder input shape: (10000, 2)
2025-11-20 23:00:56 INFO    |  actor input shape: (10000, 31)
2025-11-20 23:00:56 INFO    |  encoder input shape: (10000, 37)
2025-11-20 23:00:56 INFO    |  encoder input shape: (10000, 2)
2025-11-20 23:00:56 INFO    |  actor input shape: (10000, 31)
2025-11-20 23:00:56 INFO    |  encoder input shape: (10000, 37)
2025-11-20 23:00:56 INFO    |  encoder input shape: (10000, 2)
2025-11-20 23:00:56 INFO    |  Plotted visualizations at env step 88343552.0
2025-11-20 23:01:01 INFO    |  step: 88343552
2025-11-20 23:01:01 INFO    |  step: 88343552, training/sps: 15810.580 +/- 0.000
2025-11-20 23:01:01 INFO    |  step: 88343552, training/actor_loss: 3.444 +/- 0.000
2025-11-20 23:01:01 INFO    |  step: 88343552, training/adaptive_mixing_raw: 0.304 +/- 0.000
2025-11-20 23:01:01 INFO    |  step: 88343552, training/adaptive_mixing_smoothed: 0.304 +/- 0.000
2025-11-20 23:01:01 INFO    |  step: 88343552, training/alpha_loss: 0.000 +/- 0.000
2025-11-20 23:01:01 INFO    |  step: 88343552, training/critic_loss: 3.707 +/- 0.000
2025-11-20 23:01:01 INFO    |  step: 88343552, training/entropy: -4.000 +/- 0.000
2025-11-20 23:01:01 INFO    |  step: 88343552, training/env_grad_mean_norm: 0.613 +/- 0.000
2025-11-20 23:01:01 INFO    |  step: 88343552, training/env_grad_trvar: 62.357 +/- 0.000
2025-11-20 23:01:01 INFO    |  step: 88343552, training/env_rb_bias_squared: 1.249 +/- 0.000
2025-11-20 23:01:01 INFO    |  step: 88343552, training/log_alpha: -4.515 +/- 0.000
2025-11-20 23:01:01 INFO    |  step: 88343552, training/num_env_samples: 191.177 +/- 0.000
2025-11-20 23:01:01 INFO    |  step: 88343552, training/num_rb_samples: 64.823 +/- 0.000
2025-11-20 23:01:01 INFO    |  step: 88343552, training/rb_grad_mean_norm: 0.952 +/- 0.000
2025-11-20 23:01:01 INFO    |  step: 88343552, training/rb_grad_trvar: 57.024 +/- 0.000
2025-11-20 23:01:01 INFO    |  step: 88343552, eval/episode_reward: 220.953 +/- 0.000
2025-11-20 23:01:01 INFO    |  step: 88343552, eval/episode_success: 220.953 +/- 0.000
2025-11-20 23:01:01 INFO    |  step: 88343552, eval/episode_success_easy: 273.664 +/- 0.000
2025-11-20 23:01:01 INFO    |  step: 88343552, eval/episode_dist: 5254.094 +/- 0.000
2025-11-20 23:01:01 INFO    |  step: 88343552, eval/episode_success_any: 0.363 +/- 0.000
2025-11-20 23:01:01 INFO    |  step: 88343552, eval/episode_reward_ctrl: 0.000 +/- 0.000
2025-11-20 23:01:01 INFO    |  step: 88343552, eval/episode_reward_dist: 0.000 +/- 0.000
2025-11-20 23:01:01 INFO    |  step: 88343552, eval/episode_reward_near: 0.000 +/- 0.000
2025-11-20 23:01:01 INFO    |  step: 88343552, eval/episode_reward_survive: 0.000 +/- 0.000
2025-11-20 23:01:01 INFO    |  step: 88343552, eval/episode_success_hard: 0.000 +/- 0.000
2025-11-20 23:01:31 INFO    |  actor input shape: (10000, 31)
2025-11-20 23:01:31 INFO    |  encoder input shape: (10000, 37)
2025-11-20 23:01:31 INFO    |  encoder input shape: (10000, 2)
2025-11-20 23:01:32 INFO    |  actor input shape: (10000, 31)
2025-11-20 23:01:32 INFO    |  encoder input shape: (10000, 37)
2025-11-20 23:01:32 INFO    |  encoder input shape: (10000, 2)
2025-11-20 23:01:32 INFO    |  actor input shape: (10000, 31)
2025-11-20 23:01:32 INFO    |  encoder input shape: (10000, 37)
2025-11-20 23:01:32 INFO    |  encoder input shape: (10000, 2)
2025-11-20 23:01:32 INFO    |  Plotted visualizations at env step 88835584.0
2025-11-20 23:01:37 INFO    |  step: 88835584
2025-11-20 23:01:37 INFO    |  step: 88835584, training/sps: 15870.566 +/- 0.000
2025-11-20 23:01:37 INFO    |  step: 88835584, training/actor_loss: 3.454 +/- 0.000
2025-11-20 23:01:37 INFO    |  step: 88835584, training/adaptive_mixing_raw: 0.494 +/- 0.000
2025-11-20 23:01:37 INFO    |  step: 88835584, training/adaptive_mixing_smoothed: 0.494 +/- 0.000
2025-11-20 23:01:37 INFO    |  step: 88835584, training/alpha_loss: -0.000 +/- 0.000
2025-11-20 23:01:37 INFO    |  step: 88835584, training/critic_loss: 3.716 +/- 0.000
2025-11-20 23:01:37 INFO    |  step: 88835584, training/entropy: -4.000 +/- 0.000
2025-11-20 23:01:37 INFO    |  step: 88835584, training/env_grad_mean_norm: 0.619 +/- 0.000
2025-11-20 23:01:37 INFO    |  step: 88835584, training/env_grad_trvar: 63.574 +/- 0.000
2025-11-20 23:01:37 INFO    |  step: 88835584, training/env_rb_bias_squared: 1.287 +/- 0.000
2025-11-20 23:01:37 INFO    |  step: 88835584, training/log_alpha: -4.517 +/- 0.000
2025-11-20 23:01:37 INFO    |  step: 88835584, training/num_env_samples: 191.433 +/- 0.000
2025-11-20 23:01:37 INFO    |  step: 88835584, training/num_rb_samples: 64.567 +/- 0.000
2025-11-20 23:01:37 INFO    |  step: 88835584, training/rb_grad_mean_norm: 0.967 +/- 0.000
2025-11-20 23:01:37 INFO    |  step: 88835584, training/rb_grad_trvar: 58.627 +/- 0.000
2025-11-20 23:01:37 INFO    |  step: 88835584, eval/episode_reward: 157.418 +/- 0.000
2025-11-20 23:01:37 INFO    |  step: 88835584, eval/episode_success: 157.418 +/- 0.000
2025-11-20 23:01:37 INFO    |  step: 88835584, eval/episode_success_easy: 241.332 +/- 0.000
2025-11-20 23:01:37 INFO    |  step: 88835584, eval/episode_dist: 4802.615 +/- 0.000
2025-11-20 23:01:37 INFO    |  step: 88835584, eval/episode_success_any: 0.246 +/- 0.000
2025-11-20 23:01:37 INFO    |  step: 88835584, eval/episode_reward_ctrl: 0.000 +/- 0.000
2025-11-20 23:01:37 INFO    |  step: 88835584, eval/episode_reward_dist: 0.000 +/- 0.000
2025-11-20 23:01:37 INFO    |  step: 88835584, eval/episode_reward_near: 0.000 +/- 0.000
2025-11-20 23:01:37 INFO    |  step: 88835584, eval/episode_reward_survive: 0.000 +/- 0.000
2025-11-20 23:01:37 INFO    |  step: 88835584, eval/episode_success_hard: 0.000 +/- 0.000
2025-11-20 23:02:07 INFO    |  actor input shape: (10000, 31)
2025-11-20 23:02:07 INFO    |  encoder input shape: (10000, 37)
2025-11-20 23:02:07 INFO    |  encoder input shape: (10000, 2)
2025-11-20 23:02:07 INFO    |  actor input shape: (10000, 31)
2025-11-20 23:02:07 INFO    |  encoder input shape: (10000, 37)
2025-11-20 23:02:07 INFO    |  encoder input shape: (10000, 2)
2025-11-20 23:02:07 INFO    |  actor input shape: (10000, 31)
2025-11-20 23:02:07 INFO    |  encoder input shape: (10000, 37)
2025-11-20 23:02:07 INFO    |  encoder input shape: (10000, 2)
2025-11-20 23:02:08 INFO    |  Plotted visualizations at env step 89327616.0
2025-11-20 23:02:12 INFO    |  step: 89327616
2025-11-20 23:02:17 INFO    |  actor input shape: (1, 31)
2025-11-20 23:02:44 INFO    |  step: 89327616, training/sps: 16015.167 +/- 0.000
2025-11-20 23:02:44 INFO    |  step: 89327616, training/actor_loss: 3.462 +/- 0.000
2025-11-20 23:02:44 INFO    |  step: 89327616, training/adaptive_mixing_raw: 0.179 +/- 0.000
2025-11-20 23:02:44 INFO    |  step: 89327616, training/adaptive_mixing_smoothed: 0.179 +/- 0.000
2025-11-20 23:02:44 INFO    |  step: 89327616, training/alpha_loss: 0.000 +/- 0.000
2025-11-20 23:02:44 INFO    |  step: 89327616, training/critic_loss: 3.724 +/- 0.000
2025-11-20 23:02:44 INFO    |  step: 89327616, training/entropy: -4.000 +/- 0.000
2025-11-20 23:02:44 INFO    |  step: 89327616, training/env_grad_mean_norm: 0.618 +/- 0.000
2025-11-20 23:02:44 INFO    |  step: 89327616, training/env_grad_trvar: 63.749 +/- 0.000
2025-11-20 23:02:44 INFO    |  step: 89327616, training/env_rb_bias_squared: 1.287 +/- 0.000
2025-11-20 23:02:44 INFO    |  step: 89327616, training/log_alpha: -4.509 +/- 0.000
2025-11-20 23:02:44 INFO    |  step: 89327616, training/num_env_samples: 190.788 +/- 0.000
2025-11-20 23:02:44 INFO    |  step: 89327616, training/num_rb_samples: 65.212 +/- 0.000
2025-11-20 23:02:44 INFO    |  step: 89327616, training/rb_grad_mean_norm: 0.968 +/- 0.000
2025-11-20 23:02:44 INFO    |  step: 89327616, training/rb_grad_trvar: 59.173 +/- 0.000
2025-11-20 23:02:44 INFO    |  step: 89327616, eval/episode_reward: 271.598 +/- 0.000
2025-11-20 23:02:44 INFO    |  step: 89327616, eval/episode_success: 271.598 +/- 0.000
2025-11-20 23:02:44 INFO    |  step: 89327616, eval/episode_success_easy: 349.129 +/- 0.000
2025-11-20 23:02:44 INFO    |  step: 89327616, eval/episode_dist: 3794.760 +/- 0.000
2025-11-20 23:02:44 INFO    |  step: 89327616, eval/episode_success_any: 0.430 +/- 0.000
2025-11-20 23:02:44 INFO    |  step: 89327616, eval/episode_reward_ctrl: 0.000 +/- 0.000
2025-11-20 23:02:44 INFO    |  step: 89327616, eval/episode_reward_dist: 0.000 +/- 0.000
2025-11-20 23:02:44 INFO    |  step: 89327616, eval/episode_reward_near: 0.000 +/- 0.000
2025-11-20 23:02:44 INFO    |  step: 89327616, eval/episode_reward_survive: 0.000 +/- 0.000
2025-11-20 23:02:44 INFO    |  step: 89327616, eval/episode_success_hard: 0.000 +/- 0.000
2025-11-20 23:03:14 INFO    |  actor input shape: (10000, 31)
2025-11-20 23:03:14 INFO    |  encoder input shape: (10000, 37)
2025-11-20 23:03:14 INFO    |  encoder input shape: (10000, 2)
2025-11-20 23:03:14 INFO    |  actor input shape: (10000, 31)
2025-11-20 23:03:14 INFO    |  encoder input shape: (10000, 37)
2025-11-20 23:03:14 INFO    |  encoder input shape: (10000, 2)
2025-11-20 23:03:15 INFO    |  actor input shape: (10000, 31)
2025-11-20 23:03:15 INFO    |  encoder input shape: (10000, 37)
2025-11-20 23:03:15 INFO    |  encoder input shape: (10000, 2)
2025-11-20 23:03:15 INFO    |  Plotted visualizations at env step 89819648.0
2025-11-20 23:03:20 INFO    |  step: 89819648
2025-11-20 23:03:20 INFO    |  step: 89819648, training/sps: 15929.867 +/- 0.000
2025-11-20 23:03:20 INFO    |  step: 89819648, training/actor_loss: 3.472 +/- 0.000
2025-11-20 23:03:20 INFO    |  step: 89819648, training/adaptive_mixing_raw: 0.355 +/- 0.000
2025-11-20 23:03:20 INFO    |  step: 89819648, training/adaptive_mixing_smoothed: 0.355 +/- 0.000
2025-11-20 23:03:20 INFO    |  step: 89819648, training/alpha_loss: -0.000 +/- 0.000
2025-11-20 23:03:20 INFO    |  step: 89819648, training/critic_loss: 3.737 +/- 0.000
2025-11-20 23:03:20 INFO    |  step: 89819648, training/entropy: -4.002 +/- 0.000
2025-11-20 23:03:20 INFO    |  step: 89819648, training/env_grad_mean_norm: 0.613 +/- 0.000
2025-11-20 23:03:20 INFO    |  step: 89819648, training/env_grad_trvar: 63.031 +/- 0.000
2025-11-20 23:03:20 INFO    |  step: 89819648, training/env_rb_bias_squared: 1.274 +/- 0.000
2025-11-20 23:03:20 INFO    |  step: 89819648, training/log_alpha: -4.490 +/- 0.000
2025-11-20 23:03:20 INFO    |  step: 89819648, training/num_env_samples: 191.124 +/- 0.000
2025-11-20 23:03:20 INFO    |  step: 89819648, training/num_rb_samples: 64.876 +/- 0.000
2025-11-20 23:03:20 INFO    |  step: 89819648, training/rb_grad_mean_norm: 0.964 +/- 0.000
2025-11-20 23:03:20 INFO    |  step: 89819648, training/rb_grad_trvar: 58.479 +/- 0.000
2025-11-20 23:03:20 INFO    |  step: 89819648, eval/episode_reward: 148.941 +/- 0.000
2025-11-20 23:03:20 INFO    |  step: 89819648, eval/episode_success: 148.941 +/- 0.000
2025-11-20 23:03:20 INFO    |  step: 89819648, eval/episode_success_easy: 204.969 +/- 0.000
2025-11-20 23:03:20 INFO    |  step: 89819648, eval/episode_dist: 5107.814 +/- 0.000
2025-11-20 23:03:20 INFO    |  step: 89819648, eval/episode_success_any: 0.227 +/- 0.000
2025-11-20 23:03:20 INFO    |  step: 89819648, eval/episode_reward_ctrl: 0.000 +/- 0.000
2025-11-20 23:03:20 INFO    |  step: 89819648, eval/episode_reward_dist: 0.000 +/- 0.000
2025-11-20 23:03:20 INFO    |  step: 89819648, eval/episode_reward_near: 0.000 +/- 0.000
2025-11-20 23:03:20 INFO    |  step: 89819648, eval/episode_reward_survive: 0.000 +/- 0.000
2025-11-20 23:03:20 INFO    |  step: 89819648, eval/episode_success_hard: 0.000 +/- 0.000
2025-11-20 23:03:49 INFO    |  actor input shape: (10000, 31)
2025-11-20 23:03:49 INFO    |  encoder input shape: (10000, 37)
2025-11-20 23:03:49 INFO    |  encoder input shape: (10000, 2)
2025-11-20 23:03:50 INFO    |  actor input shape: (10000, 31)
2025-11-20 23:03:50 INFO    |  encoder input shape: (10000, 37)
2025-11-20 23:03:50 INFO    |  encoder input shape: (10000, 2)
2025-11-20 23:03:50 INFO    |  actor input shape: (10000, 31)
2025-11-20 23:03:50 INFO    |  encoder input shape: (10000, 37)
2025-11-20 23:03:50 INFO    |  encoder input shape: (10000, 2)
2025-11-20 23:03:50 INFO    |  Plotted visualizations at env step 90311680.0
2025-11-20 23:03:55 INFO    |  step: 90311680
2025-11-20 23:03:55 INFO    |  step: 90311680, training/sps: 16165.239 +/- 0.000
2025-11-20 23:03:55 INFO    |  step: 90311680, training/actor_loss: 3.471 +/- 0.000
2025-11-20 23:03:55 INFO    |  step: 90311680, training/adaptive_mixing_raw: 0.351 +/- 0.000
2025-11-20 23:03:55 INFO    |  step: 90311680, training/adaptive_mixing_smoothed: 0.351 +/- 0.000
2025-11-20 23:03:55 INFO    |  step: 90311680, training/alpha_loss: 0.000 +/- 0.000
2025-11-20 23:03:55 INFO    |  step: 90311680, training/critic_loss: 3.743 +/- 0.000
2025-11-20 23:03:55 INFO    |  step: 90311680, training/entropy: -3.998 +/- 0.000
2025-11-20 23:03:55 INFO    |  step: 90311680, training/env_grad_mean_norm: 0.620 +/- 0.000
2025-11-20 23:03:55 INFO    |  step: 90311680, training/env_grad_trvar: 64.373 +/- 0.000
2025-11-20 23:03:55 INFO    |  step: 90311680, training/env_rb_bias_squared: 1.313 +/- 0.000
2025-11-20 23:03:55 INFO    |  step: 90311680, training/log_alpha: -4.475 +/- 0.000
2025-11-20 23:03:55 INFO    |  step: 90311680, training/num_env_samples: 192.393 +/- 0.000
2025-11-20 23:03:55 INFO    |  step: 90311680, training/num_rb_samples: 63.607 +/- 0.000
2025-11-20 23:03:55 INFO    |  step: 90311680, training/rb_grad_mean_norm: 0.981 +/- 0.000
2025-11-20 23:03:55 INFO    |  step: 90311680, training/rb_grad_trvar: 59.353 +/- 0.000
2025-11-20 23:03:55 INFO    |  step: 90311680, eval/episode_reward: 252.809 +/- 0.000
2025-11-20 23:03:55 INFO    |  step: 90311680, eval/episode_success: 252.809 +/- 0.000
2025-11-20 23:03:55 INFO    |  step: 90311680, eval/episode_success_easy: 358.277 +/- 0.000
2025-11-20 23:03:55 INFO    |  step: 90311680, eval/episode_dist: 4260.828 +/- 0.000
2025-11-20 23:03:55 INFO    |  step: 90311680, eval/episode_success_any: 0.422 +/- 0.000
2025-11-20 23:03:55 INFO    |  step: 90311680, eval/episode_reward_ctrl: 0.000 +/- 0.000
2025-11-20 23:03:55 INFO    |  step: 90311680, eval/episode_reward_dist: 0.000 +/- 0.000
2025-11-20 23:03:55 INFO    |  step: 90311680, eval/episode_reward_near: 0.000 +/- 0.000
2025-11-20 23:03:55 INFO    |  step: 90311680, eval/episode_reward_survive: 0.000 +/- 0.000
2025-11-20 23:03:55 INFO    |  step: 90311680, eval/episode_success_hard: 0.000 +/- 0.000
2025-11-20 23:04:25 INFO    |  actor input shape: (10000, 31)
2025-11-20 23:04:25 INFO    |  encoder input shape: (10000, 37)
2025-11-20 23:04:25 INFO    |  encoder input shape: (10000, 2)
2025-11-20 23:04:25 INFO    |  actor input shape: (10000, 31)
2025-11-20 23:04:25 INFO    |  encoder input shape: (10000, 37)
2025-11-20 23:04:25 INFO    |  encoder input shape: (10000, 2)
2025-11-20 23:04:26 INFO    |  actor input shape: (10000, 31)
2025-11-20 23:04:26 INFO    |  encoder input shape: (10000, 37)
2025-11-20 23:04:26 INFO    |  encoder input shape: (10000, 2)
2025-11-20 23:04:26 INFO    |  Plotted visualizations at env step 90803712.0
2025-11-20 23:04:31 INFO    |  step: 90803712
2025-11-20 23:04:31 INFO    |  step: 90803712, training/sps: 15921.813 +/- 0.000
2025-11-20 23:04:31 INFO    |  step: 90803712, training/actor_loss: 3.477 +/- 0.000
2025-11-20 23:04:31 INFO    |  step: 90803712, training/adaptive_mixing_raw: 0.241 +/- 0.000
2025-11-20 23:04:31 INFO    |  step: 90803712, training/adaptive_mixing_smoothed: 0.241 +/- 0.000
2025-11-20 23:04:31 INFO    |  step: 90803712, training/alpha_loss: -0.000 +/- 0.000
2025-11-20 23:04:31 INFO    |  step: 90803712, training/critic_loss: 3.748 +/- 0.000
2025-11-20 23:04:31 INFO    |  step: 90803712, training/entropy: -4.001 +/- 0.000
2025-11-20 23:04:31 INFO    |  step: 90803712, training/env_grad_mean_norm: 0.611 +/- 0.000
2025-11-20 23:04:31 INFO    |  step: 90803712, training/env_grad_trvar: 62.698 +/- 0.000
2025-11-20 23:04:31 INFO    |  step: 90803712, training/env_rb_bias_squared: 1.267 +/- 0.000
2025-11-20 23:04:31 INFO    |  step: 90803712, training/log_alpha: -4.484 +/- 0.000
2025-11-20 23:04:31 INFO    |  step: 90803712, training/num_env_samples: 191.426 +/- 0.000
2025-11-20 23:04:31 INFO    |  step: 90803712, training/num_rb_samples: 64.574 +/- 0.000
2025-11-20 23:04:31 INFO    |  step: 90803712, training/rb_grad_mean_norm: 0.961 +/- 0.000
2025-11-20 23:04:31 INFO    |  step: 90803712, training/rb_grad_trvar: 57.878 +/- 0.000
2025-11-20 23:04:31 INFO    |  step: 90803712, eval/episode_reward: 243.570 +/- 0.000
2025-11-20 23:04:31 INFO    |  step: 90803712, eval/episode_success: 243.570 +/- 0.000
2025-11-20 23:04:31 INFO    |  step: 90803712, eval/episode_success_easy: 386.500 +/- 0.000
2025-11-20 23:04:31 INFO    |  step: 90803712, eval/episode_dist: 3432.759 +/- 0.000
2025-11-20 23:04:31 INFO    |  step: 90803712, eval/episode_success_any: 0.402 +/- 0.000
2025-11-20 23:04:31 INFO    |  step: 90803712, eval/episode_reward_ctrl: 0.000 +/- 0.000
2025-11-20 23:04:31 INFO    |  step: 90803712, eval/episode_reward_dist: 0.000 +/- 0.000
2025-11-20 23:04:31 INFO    |  step: 90803712, eval/episode_reward_near: 0.000 +/- 0.000
2025-11-20 23:04:31 INFO    |  step: 90803712, eval/episode_reward_survive: 0.000 +/- 0.000
2025-11-20 23:04:31 INFO    |  step: 90803712, eval/episode_success_hard: 0.000 +/- 0.000
2025-11-20 23:05:01 INFO    |  actor input shape: (10000, 31)
2025-11-20 23:05:01 INFO    |  encoder input shape: (10000, 37)
2025-11-20 23:05:01 INFO    |  encoder input shape: (10000, 2)
2025-11-20 23:05:01 INFO    |  actor input shape: (10000, 31)
2025-11-20 23:05:01 INFO    |  encoder input shape: (10000, 37)
2025-11-20 23:05:01 INFO    |  encoder input shape: (10000, 2)
2025-11-20 23:05:01 INFO    |  actor input shape: (10000, 31)
2025-11-20 23:05:01 INFO    |  encoder input shape: (10000, 37)
2025-11-20 23:05:01 INFO    |  encoder input shape: (10000, 2)
2025-11-20 23:05:02 INFO    |  Plotted visualizations at env step 91295744.0
2025-11-20 23:05:06 INFO    |  step: 91295744
2025-11-20 23:05:06 INFO    |  step: 91295744, training/sps: 15943.931 +/- 0.000
2025-11-20 23:05:06 INFO    |  step: 91295744, training/actor_loss: 3.480 +/- 0.000
2025-11-20 23:05:06 INFO    |  step: 91295744, training/adaptive_mixing_raw: 0.177 +/- 0.000
2025-11-20 23:05:06 INFO    |  step: 91295744, training/adaptive_mixing_smoothed: 0.177 +/- 0.000
2025-11-20 23:05:06 INFO    |  step: 91295744, training/alpha_loss: 0.000 +/- 0.000
2025-11-20 23:05:06 INFO    |  step: 91295744, training/critic_loss: 3.747 +/- 0.000
2025-11-20 23:05:06 INFO    |  step: 91295744, training/entropy: -4.000 +/- 0.000
2025-11-20 23:05:06 INFO    |  step: 91295744, training/env_grad_mean_norm: 0.615 +/- 0.000
2025-11-20 23:05:06 INFO    |  step: 91295744, training/env_grad_trvar: 63.820 +/- 0.000
2025-11-20 23:05:06 INFO    |  step: 91295744, training/env_rb_bias_squared: 1.280 +/- 0.000
2025-11-20 23:05:06 INFO    |  step: 91295744, training/log_alpha: -4.480 +/- 0.000
2025-11-20 23:05:06 INFO    |  step: 91295744, training/num_env_samples: 191.808 +/- 0.000
2025-11-20 23:05:06 INFO    |  step: 91295744, training/num_rb_samples: 64.192 +/- 0.000
2025-11-20 23:05:06 INFO    |  step: 91295744, training/rb_grad_mean_norm: 0.965 +/- 0.000
2025-11-20 23:05:06 INFO    |  step: 91295744, training/rb_grad_trvar: 57.991 +/- 0.000
2025-11-20 23:05:06 INFO    |  step: 91295744, eval/episode_reward: 211.605 +/- 0.000
2025-11-20 23:05:06 INFO    |  step: 91295744, eval/episode_success: 211.605 +/- 0.000
2025-11-20 23:05:06 INFO    |  step: 91295744, eval/episode_success_easy: 338.582 +/- 0.000
2025-11-20 23:05:06 INFO    |  step: 91295744, eval/episode_dist: 3976.659 +/- 0.000
2025-11-20 23:05:06 INFO    |  step: 91295744, eval/episode_success_any: 0.344 +/- 0.000
2025-11-20 23:05:06 INFO    |  step: 91295744, eval/episode_reward_ctrl: 0.000 +/- 0.000
2025-11-20 23:05:06 INFO    |  step: 91295744, eval/episode_reward_dist: 0.000 +/- 0.000
2025-11-20 23:05:06 INFO    |  step: 91295744, eval/episode_reward_near: 0.000 +/- 0.000
2025-11-20 23:05:06 INFO    |  step: 91295744, eval/episode_reward_survive: 0.000 +/- 0.000
2025-11-20 23:05:06 INFO    |  step: 91295744, eval/episode_success_hard: 0.000 +/- 0.000
2025-11-20 23:05:37 INFO    |  actor input shape: (10000, 31)
2025-11-20 23:05:37 INFO    |  encoder input shape: (10000, 37)
2025-11-20 23:05:37 INFO    |  encoder input shape: (10000, 2)
2025-11-20 23:05:37 INFO    |  actor input shape: (10000, 31)
2025-11-20 23:05:37 INFO    |  encoder input shape: (10000, 37)
2025-11-20 23:05:37 INFO    |  encoder input shape: (10000, 2)
2025-11-20 23:05:37 INFO    |  actor input shape: (10000, 31)
2025-11-20 23:05:37 INFO    |  encoder input shape: (10000, 37)
2025-11-20 23:05:37 INFO    |  encoder input shape: (10000, 2)
2025-11-20 23:05:38 INFO    |  Plotted visualizations at env step 91787776.0
2025-11-20 23:05:42 INFO    |  step: 91787776
2025-11-20 23:05:44 INFO    |  actor input shape: (1, 31)
2025-11-20 23:06:13 INFO    |  step: 91787776, training/sps: 15815.861 +/- 0.000
2025-11-20 23:06:13 INFO    |  step: 91787776, training/actor_loss: 3.475 +/- 0.000
2025-11-20 23:06:13 INFO    |  step: 91787776, training/adaptive_mixing_raw: 0.247 +/- 0.000
2025-11-20 23:06:13 INFO    |  step: 91787776, training/adaptive_mixing_smoothed: 0.247 +/- 0.000
2025-11-20 23:06:13 INFO    |  step: 91787776, training/alpha_loss: 0.000 +/- 0.000
2025-11-20 23:06:13 INFO    |  step: 91787776, training/critic_loss: 3.737 +/- 0.000
2025-11-20 23:06:13 INFO    |  step: 91787776, training/entropy: -3.998 +/- 0.000
2025-11-20 23:06:13 INFO    |  step: 91787776, training/env_grad_mean_norm: 0.618 +/- 0.000
2025-11-20 23:06:13 INFO    |  step: 91787776, training/env_grad_trvar: 64.901 +/- 0.000
2025-11-20 23:06:13 INFO    |  step: 91787776, training/env_rb_bias_squared: 1.313 +/- 0.000
2025-11-20 23:06:13 INFO    |  step: 91787776, training/log_alpha: -4.488 +/- 0.000
2025-11-20 23:06:13 INFO    |  step: 91787776, training/num_env_samples: 192.695 +/- 0.000
2025-11-20 23:06:13 INFO    |  step: 91787776, training/num_rb_samples: 63.305 +/- 0.000
2025-11-20 23:06:13 INFO    |  step: 91787776, training/rb_grad_mean_norm: 0.977 +/- 0.000
2025-11-20 23:06:13 INFO    |  step: 91787776, training/rb_grad_trvar: 58.957 +/- 0.000
2025-11-20 23:06:13 INFO    |  step: 91787776, eval/episode_reward: 279.809 +/- 0.000
2025-11-20 23:06:13 INFO    |  step: 91787776, eval/episode_success: 279.809 +/- 0.000
2025-11-20 23:06:13 INFO    |  step: 91787776, eval/episode_success_easy: 392.051 +/- 0.000
2025-11-20 23:06:13 INFO    |  step: 91787776, eval/episode_dist: 3593.698 +/- 0.000
2025-11-20 23:06:13 INFO    |  step: 91787776, eval/episode_success_any: 0.434 +/- 0.000
2025-11-20 23:06:13 INFO    |  step: 91787776, eval/episode_reward_ctrl: 0.000 +/- 0.000
2025-11-20 23:06:13 INFO    |  step: 91787776, eval/episode_reward_dist: 0.000 +/- 0.000
2025-11-20 23:06:13 INFO    |  step: 91787776, eval/episode_reward_near: 0.000 +/- 0.000
2025-11-20 23:06:13 INFO    |  step: 91787776, eval/episode_reward_survive: 0.000 +/- 0.000
2025-11-20 23:06:13 INFO    |  step: 91787776, eval/episode_success_hard: 0.000 +/- 0.000
2025-11-20 23:06:43 INFO    |  actor input shape: (10000, 31)
2025-11-20 23:06:43 INFO    |  encoder input shape: (10000, 37)
2025-11-20 23:06:43 INFO    |  encoder input shape: (10000, 2)
2025-11-20 23:06:44 INFO    |  actor input shape: (10000, 31)
2025-11-20 23:06:44 INFO    |  encoder input shape: (10000, 37)
2025-11-20 23:06:44 INFO    |  encoder input shape: (10000, 2)
2025-11-20 23:06:44 INFO    |  actor input shape: (10000, 31)
2025-11-20 23:06:44 INFO    |  encoder input shape: (10000, 37)
2025-11-20 23:06:44 INFO    |  encoder input shape: (10000, 2)
2025-11-20 23:06:44 INFO    |  Plotted visualizations at env step 92279808.0
2025-11-20 23:06:49 INFO    |  step: 92279808
2025-11-20 23:06:49 INFO    |  step: 92279808, training/sps: 15911.272 +/- 0.000
2025-11-20 23:06:49 INFO    |  step: 92279808, training/actor_loss: 3.471 +/- 0.000
2025-11-20 23:06:49 INFO    |  step: 92279808, training/adaptive_mixing_raw: 0.129 +/- 0.000
2025-11-20 23:06:49 INFO    |  step: 92279808, training/adaptive_mixing_smoothed: 0.129 +/- 0.000
2025-11-20 23:06:49 INFO    |  step: 92279808, training/alpha_loss: 0.000 +/- 0.000
2025-11-20 23:06:49 INFO    |  step: 92279808, training/critic_loss: 3.729 +/- 0.000
2025-11-20 23:06:49 INFO    |  step: 92279808, training/entropy: -3.999 +/- 0.000
2025-11-20 23:06:49 INFO    |  step: 92279808, training/env_grad_mean_norm: 0.619 +/- 0.000
2025-11-20 23:06:49 INFO    |  step: 92279808, training/env_grad_trvar: 64.646 +/- 0.000
2025-11-20 23:06:49 INFO    |  step: 92279808, training/env_rb_bias_squared: 1.287 +/- 0.000
2025-11-20 23:06:49 INFO    |  step: 92279808, training/log_alpha: -4.503 +/- 0.000
2025-11-20 23:06:49 INFO    |  step: 92279808, training/num_env_samples: 192.212 +/- 0.000
2025-11-20 23:06:49 INFO    |  step: 92279808, training/num_rb_samples: 63.788 +/- 0.000
2025-11-20 23:06:49 INFO    |  step: 92279808, training/rb_grad_mean_norm: 0.966 +/- 0.000
2025-11-20 23:06:49 INFO    |  step: 92279808, training/rb_grad_trvar: 57.775 +/- 0.000
2025-11-20 23:06:49 INFO    |  step: 92279808, eval/episode_reward: 182.160 +/- 0.000
2025-11-20 23:06:49 INFO    |  step: 92279808, eval/episode_success: 182.160 +/- 0.000
2025-11-20 23:06:49 INFO    |  step: 92279808, eval/episode_success_easy: 263.871 +/- 0.000
2025-11-20 23:06:49 INFO    |  step: 92279808, eval/episode_dist: 4523.577 +/- 0.000
2025-11-20 23:06:49 INFO    |  step: 92279808, eval/episode_success_any: 0.285 +/- 0.000
2025-11-20 23:06:49 INFO    |  step: 92279808, eval/episode_reward_ctrl: 0.000 +/- 0.000
2025-11-20 23:06:49 INFO    |  step: 92279808, eval/episode_reward_dist: 0.000 +/- 0.000
2025-11-20 23:06:49 INFO    |  step: 92279808, eval/episode_reward_near: 0.000 +/- 0.000
2025-11-20 23:06:49 INFO    |  step: 92279808, eval/episode_reward_survive: 0.000 +/- 0.000
2025-11-20 23:06:49 INFO    |  step: 92279808, eval/episode_success_hard: 0.000 +/- 0.000
2025-11-20 23:07:19 INFO    |  actor input shape: (10000, 31)
2025-11-20 23:07:19 INFO    |  encoder input shape: (10000, 37)
2025-11-20 23:07:19 INFO    |  encoder input shape: (10000, 2)
2025-11-20 23:07:20 INFO    |  actor input shape: (10000, 31)
2025-11-20 23:07:20 INFO    |  encoder input shape: (10000, 37)
2025-11-20 23:07:20 INFO    |  encoder input shape: (10000, 2)
2025-11-20 23:07:20 INFO    |  actor input shape: (10000, 31)
2025-11-20 23:07:20 INFO    |  encoder input shape: (10000, 37)
2025-11-20 23:07:20 INFO    |  encoder input shape: (10000, 2)
2025-11-20 23:07:20 INFO    |  Plotted visualizations at env step 92771840.0
2025-11-20 23:07:25 INFO    |  step: 92771840
2025-11-20 23:07:25 INFO    |  step: 92771840, training/sps: 15869.405 +/- 0.000
2025-11-20 23:07:25 INFO    |  step: 92771840, training/actor_loss: 3.453 +/- 0.000
2025-11-20 23:07:25 INFO    |  step: 92771840, training/adaptive_mixing_raw: 0.339 +/- 0.000
2025-11-20 23:07:25 INFO    |  step: 92771840, training/adaptive_mixing_smoothed: 0.339 +/- 0.000
2025-11-20 23:07:25 INFO    |  step: 92771840, training/alpha_loss: -0.000 +/- 0.000
2025-11-20 23:07:25 INFO    |  step: 92771840, training/critic_loss: 3.707 +/- 0.000
2025-11-20 23:07:25 INFO    |  step: 92771840, training/entropy: -4.001 +/- 0.000
2025-11-20 23:07:25 INFO    |  step: 92771840, training/env_grad_mean_norm: 0.622 +/- 0.000
2025-11-20 23:07:25 INFO    |  step: 92771840, training/env_grad_trvar: 64.975 +/- 0.000
2025-11-20 23:07:25 INFO    |  step: 92771840, training/env_rb_bias_squared: 1.298 +/- 0.000
2025-11-20 23:07:25 INFO    |  step: 92771840, training/log_alpha: -4.496 +/- 0.000
2025-11-20 23:07:25 INFO    |  step: 92771840, training/num_env_samples: 191.998 +/- 0.000
2025-11-20 23:07:25 INFO    |  step: 92771840, training/num_rb_samples: 64.002 +/- 0.000
2025-11-20 23:07:25 INFO    |  step: 92771840, training/rb_grad_mean_norm: 0.971 +/- 0.000
2025-11-20 23:07:25 INFO    |  step: 92771840, training/rb_grad_trvar: 58.447 +/- 0.000
2025-11-20 23:07:25 INFO    |  step: 92771840, eval/episode_reward: 282.133 +/- 0.000
2025-11-20 23:07:25 INFO    |  step: 92771840, eval/episode_success: 282.133 +/- 0.000
2025-11-20 23:07:25 INFO    |  step: 92771840, eval/episode_success_easy: 359.723 +/- 0.000
2025-11-20 23:07:25 INFO    |  step: 92771840, eval/episode_dist: 4072.479 +/- 0.000
2025-11-20 23:07:25 INFO    |  step: 92771840, eval/episode_success_any: 0.438 +/- 0.000
2025-11-20 23:07:25 INFO    |  step: 92771840, eval/episode_reward_ctrl: 0.000 +/- 0.000
2025-11-20 23:07:25 INFO    |  step: 92771840, eval/episode_reward_dist: 0.000 +/- 0.000
2025-11-20 23:07:25 INFO    |  step: 92771840, eval/episode_reward_near: 0.000 +/- 0.000
2025-11-20 23:07:25 INFO    |  step: 92771840, eval/episode_reward_survive: 0.000 +/- 0.000
2025-11-20 23:07:25 INFO    |  step: 92771840, eval/episode_success_hard: 0.000 +/- 0.000
2025-11-20 23:07:55 INFO    |  actor input shape: (10000, 31)
2025-11-20 23:07:55 INFO    |  encoder input shape: (10000, 37)
2025-11-20 23:07:55 INFO    |  encoder input shape: (10000, 2)
2025-11-20 23:07:55 INFO    |  actor input shape: (10000, 31)
2025-11-20 23:07:55 INFO    |  encoder input shape: (10000, 37)
2025-11-20 23:07:55 INFO    |  encoder input shape: (10000, 2)
2025-11-20 23:07:55 INFO    |  actor input shape: (10000, 31)
2025-11-20 23:07:55 INFO    |  encoder input shape: (10000, 37)
2025-11-20 23:07:55 INFO    |  encoder input shape: (10000, 2)
2025-11-20 23:07:56 INFO    |  Plotted visualizations at env step 93263872.0
2025-11-20 23:08:00 INFO    |  step: 93263872
2025-11-20 23:08:00 INFO    |  step: 93263872, training/sps: 15996.734 +/- 0.000
2025-11-20 23:08:00 INFO    |  step: 93263872, training/actor_loss: 3.446 +/- 0.000
2025-11-20 23:08:00 INFO    |  step: 93263872, training/adaptive_mixing_raw: 0.443 +/- 0.000
2025-11-20 23:08:00 INFO    |  step: 93263872, training/adaptive_mixing_smoothed: 0.443 +/- 0.000
2025-11-20 23:08:00 INFO    |  step: 93263872, training/alpha_loss: -0.000 +/- 0.000
2025-11-20 23:08:00 INFO    |  step: 93263872, training/critic_loss: 3.706 +/- 0.000
2025-11-20 23:08:00 INFO    |  step: 93263872, training/entropy: -4.001 +/- 0.000
2025-11-20 23:08:00 INFO    |  step: 93263872, training/env_grad_mean_norm: 0.623 +/- 0.000
2025-11-20 23:08:00 INFO    |  step: 93263872, training/env_grad_trvar: 64.406 +/- 0.000
2025-11-20 23:08:00 INFO    |  step: 93263872, training/env_rb_bias_squared: 1.281 +/- 0.000
2025-11-20 23:08:00 INFO    |  step: 93263872, training/log_alpha: -4.477 +/- 0.000
2025-11-20 23:08:00 INFO    |  step: 93263872, training/num_env_samples: 191.094 +/- 0.000
2025-11-20 23:08:00 INFO    |  step: 93263872, training/num_rb_samples: 64.906 +/- 0.000
2025-11-20 23:08:00 INFO    |  step: 93263872, training/rb_grad_mean_norm: 0.963 +/- 0.000
2025-11-20 23:08:00 INFO    |  step: 93263872, training/rb_grad_trvar: 58.322 +/- 0.000
2025-11-20 23:08:00 INFO    |  step: 93263872, eval/episode_reward: 264.453 +/- 0.000
2025-11-20 23:08:00 INFO    |  step: 93263872, eval/episode_success: 264.453 +/- 0.000
2025-11-20 23:08:00 INFO    |  step: 93263872, eval/episode_success_easy: 360.473 +/- 0.000
2025-11-20 23:08:00 INFO    |  step: 93263872, eval/episode_dist: 3772.249 +/- 0.000
2025-11-20 23:08:00 INFO    |  step: 93263872, eval/episode_success_any: 0.414 +/- 0.000
2025-11-20 23:08:00 INFO    |  step: 93263872, eval/episode_reward_ctrl: 0.000 +/- 0.000
2025-11-20 23:08:00 INFO    |  step: 93263872, eval/episode_reward_dist: 0.000 +/- 0.000
2025-11-20 23:08:00 INFO    |  step: 93263872, eval/episode_reward_near: 0.000 +/- 0.000
2025-11-20 23:08:00 INFO    |  step: 93263872, eval/episode_reward_survive: 0.000 +/- 0.000
2025-11-20 23:08:00 INFO    |  step: 93263872, eval/episode_success_hard: 0.000 +/- 0.000
2025-11-20 23:08:30 INFO    |  actor input shape: (10000, 31)
2025-11-20 23:08:30 INFO    |  encoder input shape: (10000, 37)
2025-11-20 23:08:30 INFO    |  encoder input shape: (10000, 2)
2025-11-20 23:08:31 INFO    |  actor input shape: (10000, 31)
2025-11-20 23:08:31 INFO    |  encoder input shape: (10000, 37)
2025-11-20 23:08:31 INFO    |  encoder input shape: (10000, 2)
2025-11-20 23:08:31 INFO    |  actor input shape: (10000, 31)
2025-11-20 23:08:31 INFO    |  encoder input shape: (10000, 37)
2025-11-20 23:08:31 INFO    |  encoder input shape: (10000, 2)
2025-11-20 23:08:31 INFO    |  Plotted visualizations at env step 93755904.0
2025-11-20 23:08:36 INFO    |  step: 93755904
2025-11-20 23:08:36 INFO    |  step: 93755904, training/sps: 15999.434 +/- 0.000
2025-11-20 23:08:36 INFO    |  step: 93755904, training/actor_loss: 3.442 +/- 0.000
2025-11-20 23:08:36 INFO    |  step: 93755904, training/adaptive_mixing_raw: 0.385 +/- 0.000
2025-11-20 23:08:36 INFO    |  step: 93755904, training/adaptive_mixing_smoothed: 0.385 +/- 0.000
2025-11-20 23:08:36 INFO    |  step: 93755904, training/alpha_loss: -0.000 +/- 0.000
2025-11-20 23:08:36 INFO    |  step: 93755904, training/critic_loss: 3.700 +/- 0.000
2025-11-20 23:08:36 INFO    |  step: 93755904, training/entropy: -4.001 +/- 0.000
2025-11-20 23:08:36 INFO    |  step: 93755904, training/env_grad_mean_norm: 0.620 +/- 0.000
2025-11-20 23:08:36 INFO    |  step: 93755904, training/env_grad_trvar: 64.339 +/- 0.000
2025-11-20 23:08:36 INFO    |  step: 93755904, training/env_rb_bias_squared: 1.308 +/- 0.000
2025-11-20 23:08:36 INFO    |  step: 93755904, training/log_alpha: -4.473 +/- 0.000
2025-11-20 23:08:36 INFO    |  step: 93755904, training/num_env_samples: 192.107 +/- 0.000
2025-11-20 23:08:36 INFO    |  step: 93755904, training/num_rb_samples: 63.893 +/- 0.000
2025-11-20 23:08:36 INFO    |  step: 93755904, training/rb_grad_mean_norm: 0.978 +/- 0.000
2025-11-20 23:08:36 INFO    |  step: 93755904, training/rb_grad_trvar: 59.225 +/- 0.000
2025-11-20 23:08:36 INFO    |  step: 93755904, eval/episode_reward: 261.035 +/- 0.000
2025-11-20 23:08:36 INFO    |  step: 93755904, eval/episode_success: 261.035 +/- 0.000
2025-11-20 23:08:36 INFO    |  step: 93755904, eval/episode_success_easy: 368.879 +/- 0.000
2025-11-20 23:08:36 INFO    |  step: 93755904, eval/episode_dist: 3537.274 +/- 0.000
2025-11-20 23:08:36 INFO    |  step: 93755904, eval/episode_success_any: 0.383 +/- 0.000
2025-11-20 23:08:36 INFO    |  step: 93755904, eval/episode_reward_ctrl: 0.000 +/- 0.000
2025-11-20 23:08:36 INFO    |  step: 93755904, eval/episode_reward_dist: 0.000 +/- 0.000
2025-11-20 23:08:36 INFO    |  step: 93755904, eval/episode_reward_near: 0.000 +/- 0.000
2025-11-20 23:08:36 INFO    |  step: 93755904, eval/episode_reward_survive: 0.000 +/- 0.000
2025-11-20 23:08:36 INFO    |  step: 93755904, eval/episode_success_hard: 0.000 +/- 0.000
2025-11-20 23:09:06 INFO    |  actor input shape: (10000, 31)
2025-11-20 23:09:06 INFO    |  encoder input shape: (10000, 37)
2025-11-20 23:09:06 INFO    |  encoder input shape: (10000, 2)
2025-11-20 23:09:06 INFO    |  actor input shape: (10000, 31)
2025-11-20 23:09:06 INFO    |  encoder input shape: (10000, 37)
2025-11-20 23:09:06 INFO    |  encoder input shape: (10000, 2)
2025-11-20 23:09:06 INFO    |  actor input shape: (10000, 31)
2025-11-20 23:09:06 INFO    |  encoder input shape: (10000, 37)
2025-11-20 23:09:06 INFO    |  encoder input shape: (10000, 2)
2025-11-20 23:09:07 INFO    |  Plotted visualizations at env step 94247936.0
2025-11-20 23:09:11 INFO    |  step: 94247936
2025-11-20 23:09:13 INFO    |  actor input shape: (1, 31)
2025-11-20 23:09:41 INFO    |  step: 94247936, training/sps: 16096.331 +/- 0.000
2025-11-20 23:09:41 INFO    |  step: 94247936, training/actor_loss: 3.436 +/- 0.000
2025-11-20 23:09:41 INFO    |  step: 94247936, training/adaptive_mixing_raw: 0.419 +/- 0.000
2025-11-20 23:09:41 INFO    |  step: 94247936, training/adaptive_mixing_smoothed: 0.419 +/- 0.000
2025-11-20 23:09:41 INFO    |  step: 94247936, training/alpha_loss: 0.000 +/- 0.000
2025-11-20 23:09:41 INFO    |  step: 94247936, training/critic_loss: 3.699 +/- 0.000
2025-11-20 23:09:41 INFO    |  step: 94247936, training/entropy: -4.000 +/- 0.000
2025-11-20 23:09:41 INFO    |  step: 94247936, training/env_grad_mean_norm: 0.624 +/- 0.000
2025-11-20 23:09:41 INFO    |  step: 94247936, training/env_grad_trvar: 65.347 +/- 0.000
2025-11-20 23:09:41 INFO    |  step: 94247936, training/env_rb_bias_squared: 1.332 +/- 0.000
2025-11-20 23:09:41 INFO    |  step: 94247936, training/log_alpha: -4.478 +/- 0.000
2025-11-20 23:09:41 INFO    |  step: 94247936, training/num_env_samples: 192.232 +/- 0.000
2025-11-20 23:09:41 INFO    |  step: 94247936, training/num_rb_samples: 63.768 +/- 0.000
2025-11-20 23:09:41 INFO    |  step: 94247936, training/rb_grad_mean_norm: 0.986 +/- 0.000
2025-11-20 23:09:41 INFO    |  step: 94247936, training/rb_grad_trvar: 60.151 +/- 0.000
2025-11-20 23:09:41 INFO    |  step: 94247936, eval/episode_reward: 194.910 +/- 0.000
2025-11-20 23:09:41 INFO    |  step: 94247936, eval/episode_success: 194.910 +/- 0.000
2025-11-20 23:09:41 INFO    |  step: 94247936, eval/episode_success_easy: 269.250 +/- 0.000
2025-11-20 23:09:41 INFO    |  step: 94247936, eval/episode_dist: 4337.731 +/- 0.000
2025-11-20 23:09:41 INFO    |  step: 94247936, eval/episode_success_any: 0.328 +/- 0.000
2025-11-20 23:09:41 INFO    |  step: 94247936, eval/episode_reward_ctrl: 0.000 +/- 0.000
2025-11-20 23:09:41 INFO    |  step: 94247936, eval/episode_reward_dist: 0.000 +/- 0.000
2025-11-20 23:09:41 INFO    |  step: 94247936, eval/episode_reward_near: 0.000 +/- 0.000
2025-11-20 23:09:41 INFO    |  step: 94247936, eval/episode_reward_survive: 0.000 +/- 0.000
2025-11-20 23:09:41 INFO    |  step: 94247936, eval/episode_success_hard: 0.000 +/- 0.000
2025-11-20 23:10:11 INFO    |  actor input shape: (10000, 31)
2025-11-20 23:10:11 INFO    |  encoder input shape: (10000, 37)
2025-11-20 23:10:11 INFO    |  encoder input shape: (10000, 2)
2025-11-20 23:10:11 INFO    |  actor input shape: (10000, 31)
2025-11-20 23:10:11 INFO    |  encoder input shape: (10000, 37)
2025-11-20 23:10:11 INFO    |  encoder input shape: (10000, 2)
2025-11-20 23:10:11 INFO    |  actor input shape: (10000, 31)
2025-11-20 23:10:11 INFO    |  encoder input shape: (10000, 37)
2025-11-20 23:10:11 INFO    |  encoder input shape: (10000, 2)
2025-11-20 23:10:11 INFO    |  Plotted visualizations at env step 94739968.0
2025-11-20 23:10:16 INFO    |  step: 94739968
2025-11-20 23:10:16 INFO    |  step: 94739968, training/sps: 15988.990 +/- 0.000
2025-11-20 23:10:16 INFO    |  step: 94739968, training/actor_loss: 3.442 +/- 0.000
2025-11-20 23:10:16 INFO    |  step: 94739968, training/adaptive_mixing_raw: 0.354 +/- 0.000
2025-11-20 23:10:16 INFO    |  step: 94739968, training/adaptive_mixing_smoothed: 0.354 +/- 0.000
2025-11-20 23:10:16 INFO    |  step: 94739968, training/alpha_loss: 0.000 +/- 0.000
2025-11-20 23:10:16 INFO    |  step: 94739968, training/critic_loss: 3.702 +/- 0.000
2025-11-20 23:10:16 INFO    |  step: 94739968, training/entropy: -4.000 +/- 0.000
2025-11-20 23:10:16 INFO    |  step: 94739968, training/env_grad_mean_norm: 0.632 +/- 0.000
2025-11-20 23:10:16 INFO    |  step: 94739968, training/env_grad_trvar: 67.088 +/- 0.000
2025-11-20 23:10:16 INFO    |  step: 94739968, training/env_rb_bias_squared: 1.363 +/- 0.000
2025-11-20 23:10:16 INFO    |  step: 94739968, training/log_alpha: -4.476 +/- 0.000
2025-11-20 23:10:16 INFO    |  step: 94739968, training/num_env_samples: 192.469 +/- 0.000
2025-11-20 23:10:16 INFO    |  step: 94739968, training/num_rb_samples: 63.531 +/- 0.000
2025-11-20 23:10:16 INFO    |  step: 94739968, training/rb_grad_mean_norm: 0.998 +/- 0.000
2025-11-20 23:10:16 INFO    |  step: 94739968, training/rb_grad_trvar: 61.353 +/- 0.000
2025-11-20 23:10:16 INFO    |  step: 94739968, eval/episode_reward: 184.801 +/- 0.000
2025-11-20 23:10:16 INFO    |  step: 94739968, eval/episode_success: 184.801 +/- 0.000
2025-11-20 23:10:16 INFO    |  step: 94739968, eval/episode_success_easy: 236.301 +/- 0.000
2025-11-20 23:10:16 INFO    |  step: 94739968, eval/episode_dist: 4230.562 +/- 0.000
2025-11-20 23:10:16 INFO    |  step: 94739968, eval/episode_success_any: 0.309 +/- 0.000
2025-11-20 23:10:16 INFO    |  step: 94739968, eval/episode_reward_ctrl: 0.000 +/- 0.000
2025-11-20 23:10:16 INFO    |  step: 94739968, eval/episode_reward_dist: 0.000 +/- 0.000
2025-11-20 23:10:16 INFO    |  step: 94739968, eval/episode_reward_near: 0.000 +/- 0.000
2025-11-20 23:10:16 INFO    |  step: 94739968, eval/episode_reward_survive: 0.000 +/- 0.000
2025-11-20 23:10:16 INFO    |  step: 94739968, eval/episode_success_hard: 0.000 +/- 0.000
2025-11-20 23:10:46 INFO    |  actor input shape: (10000, 31)
2025-11-20 23:10:46 INFO    |  encoder input shape: (10000, 37)
2025-11-20 23:10:46 INFO    |  encoder input shape: (10000, 2)
2025-11-20 23:10:46 INFO    |  actor input shape: (10000, 31)
2025-11-20 23:10:46 INFO    |  encoder input shape: (10000, 37)
2025-11-20 23:10:46 INFO    |  encoder input shape: (10000, 2)
2025-11-20 23:10:47 INFO    |  actor input shape: (10000, 31)
2025-11-20 23:10:47 INFO    |  encoder input shape: (10000, 37)
2025-11-20 23:10:47 INFO    |  encoder input shape: (10000, 2)
2025-11-20 23:10:47 INFO    |  Plotted visualizations at env step 95232000.0
2025-11-20 23:10:52 INFO    |  step: 95232000
2025-11-20 23:10:52 INFO    |  step: 95232000, training/sps: 16052.574 +/- 0.000
2025-11-20 23:10:52 INFO    |  step: 95232000, training/actor_loss: 3.458 +/- 0.000
2025-11-20 23:10:52 INFO    |  step: 95232000, training/adaptive_mixing_raw: 0.151 +/- 0.000
2025-11-20 23:10:52 INFO    |  step: 95232000, training/adaptive_mixing_smoothed: 0.151 +/- 0.000
2025-11-20 23:10:52 INFO    |  step: 95232000, training/alpha_loss: 0.000 +/- 0.000
2025-11-20 23:10:52 INFO    |  step: 95232000, training/critic_loss: 3.715 +/- 0.000
2025-11-20 23:10:52 INFO    |  step: 95232000, training/entropy: -3.999 +/- 0.000
2025-11-20 23:10:52 INFO    |  step: 95232000, training/env_grad_mean_norm: 0.635 +/- 0.000
2025-11-20 23:10:52 INFO    |  step: 95232000, training/env_grad_trvar: 68.155 +/- 0.000
2025-11-20 23:10:52 INFO    |  step: 95232000, training/env_rb_bias_squared: 1.378 +/- 0.000
2025-11-20 23:10:52 INFO    |  step: 95232000, training/log_alpha: -4.480 +/- 0.000
2025-11-20 23:10:52 INFO    |  step: 95232000, training/num_env_samples: 192.935 +/- 0.000
2025-11-20 23:10:52 INFO    |  step: 95232000, training/num_rb_samples: 63.065 +/- 0.000
2025-11-20 23:10:52 INFO    |  step: 95232000, training/rb_grad_mean_norm: 1.004 +/- 0.000
2025-11-20 23:10:52 INFO    |  step: 95232000, training/rb_grad_trvar: 61.648 +/- 0.000
2025-11-20 23:10:52 INFO    |  step: 95232000, eval/episode_reward: 319.652 +/- 0.000
2025-11-20 23:10:52 INFO    |  step: 95232000, eval/episode_success: 319.652 +/- 0.000
2025-11-20 23:10:52 INFO    |  step: 95232000, eval/episode_success_easy: 409.082 +/- 0.000
2025-11-20 23:10:52 INFO    |  step: 95232000, eval/episode_dist: 3797.250 +/- 0.000
2025-11-20 23:10:52 INFO    |  step: 95232000, eval/episode_success_any: 0.457 +/- 0.000
2025-11-20 23:10:52 INFO    |  step: 95232000, eval/episode_reward_ctrl: 0.000 +/- 0.000
2025-11-20 23:10:52 INFO    |  step: 95232000, eval/episode_reward_dist: 0.000 +/- 0.000
2025-11-20 23:10:52 INFO    |  step: 95232000, eval/episode_reward_near: 0.000 +/- 0.000
2025-11-20 23:10:52 INFO    |  step: 95232000, eval/episode_reward_survive: 0.000 +/- 0.000
2025-11-20 23:10:52 INFO    |  step: 95232000, eval/episode_success_hard: 0.000 +/- 0.000
2025-11-20 23:11:22 INFO    |  actor input shape: (10000, 31)
2025-11-20 23:11:22 INFO    |  encoder input shape: (10000, 37)
2025-11-20 23:11:22 INFO    |  encoder input shape: (10000, 2)
2025-11-20 23:11:22 INFO    |  actor input shape: (10000, 31)
2025-11-20 23:11:22 INFO    |  encoder input shape: (10000, 37)
2025-11-20 23:11:22 INFO    |  encoder input shape: (10000, 2)
2025-11-20 23:11:22 INFO    |  actor input shape: (10000, 31)
2025-11-20 23:11:22 INFO    |  encoder input shape: (10000, 37)
2025-11-20 23:11:22 INFO    |  encoder input shape: (10000, 2)
2025-11-20 23:11:22 INFO    |  Plotted visualizations at env step 95724032.0
2025-11-20 23:11:27 INFO    |  step: 95724032
2025-11-20 23:11:27 INFO    |  step: 95724032, training/sps: 16074.369 +/- 0.000
2025-11-20 23:11:27 INFO    |  step: 95724032, training/actor_loss: 3.448 +/- 0.000
2025-11-20 23:11:27 INFO    |  step: 95724032, training/adaptive_mixing_raw: 0.371 +/- 0.000
2025-11-20 23:11:27 INFO    |  step: 95724032, training/adaptive_mixing_smoothed: 0.371 +/- 0.000
2025-11-20 23:11:27 INFO    |  step: 95724032, training/alpha_loss: 0.000 +/- 0.000
2025-11-20 23:11:27 INFO    |  step: 95724032, training/critic_loss: 3.710 +/- 0.000
2025-11-20 23:11:27 INFO    |  step: 95724032, training/entropy: -3.999 +/- 0.000
2025-11-20 23:11:27 INFO    |  step: 95724032, training/env_grad_mean_norm: 0.629 +/- 0.000
2025-11-20 23:11:27 INFO    |  step: 95724032, training/env_grad_trvar: 66.782 +/- 0.000
2025-11-20 23:11:27 INFO    |  step: 95724032, training/env_rb_bias_squared: 1.358 +/- 0.000
2025-11-20 23:11:27 INFO    |  step: 95724032, training/log_alpha: -4.494 +/- 0.000
2025-11-20 23:11:27 INFO    |  step: 95724032, training/num_env_samples: 193.351 +/- 0.000
2025-11-20 23:11:27 INFO    |  step: 95724032, training/num_rb_samples: 62.649 +/- 0.000
2025-11-20 23:11:27 INFO    |  step: 95724032, training/rb_grad_mean_norm: 0.996 +/- 0.000
2025-11-20 23:11:27 INFO    |  step: 95724032, training/rb_grad_trvar: 60.365 +/- 0.000
2025-11-20 23:11:27 INFO    |  step: 95724032, eval/episode_reward: 275.648 +/- 0.000
2025-11-20 23:11:27 INFO    |  step: 95724032, eval/episode_success: 275.648 +/- 0.000
2025-11-20 23:11:27 INFO    |  step: 95724032, eval/episode_success_easy: 377.719 +/- 0.000
2025-11-20 23:11:27 INFO    |  step: 95724032, eval/episode_dist: 3894.605 +/- 0.000
2025-11-20 23:11:27 INFO    |  step: 95724032, eval/episode_success_any: 0.414 +/- 0.000
2025-11-20 23:11:27 INFO    |  step: 95724032, eval/episode_reward_ctrl: 0.000 +/- 0.000
2025-11-20 23:11:27 INFO    |  step: 95724032, eval/episode_reward_dist: 0.000 +/- 0.000
2025-11-20 23:11:27 INFO    |  step: 95724032, eval/episode_reward_near: 0.000 +/- 0.000
2025-11-20 23:11:27 INFO    |  step: 95724032, eval/episode_reward_survive: 0.000 +/- 0.000
2025-11-20 23:11:27 INFO    |  step: 95724032, eval/episode_success_hard: 0.000 +/- 0.000
2025-11-20 23:11:57 INFO    |  actor input shape: (10000, 31)
2025-11-20 23:11:57 INFO    |  encoder input shape: (10000, 37)
2025-11-20 23:11:57 INFO    |  encoder input shape: (10000, 2)
2025-11-20 23:11:57 INFO    |  actor input shape: (10000, 31)
2025-11-20 23:11:57 INFO    |  encoder input shape: (10000, 37)
2025-11-20 23:11:57 INFO    |  encoder input shape: (10000, 2)
2025-11-20 23:11:57 INFO    |  actor input shape: (10000, 31)
2025-11-20 23:11:57 INFO    |  encoder input shape: (10000, 37)
2025-11-20 23:11:57 INFO    |  encoder input shape: (10000, 2)
2025-11-20 23:11:58 INFO    |  Plotted visualizations at env step 96216064.0
2025-11-20 23:12:03 INFO    |  step: 96216064
2025-11-20 23:12:03 INFO    |  step: 96216064, training/sps: 16079.375 +/- 0.000
2025-11-20 23:12:03 INFO    |  step: 96216064, training/actor_loss: 3.448 +/- 0.000
2025-11-20 23:12:03 INFO    |  step: 96216064, training/adaptive_mixing_raw: 0.224 +/- 0.000
2025-11-20 23:12:03 INFO    |  step: 96216064, training/adaptive_mixing_smoothed: 0.224 +/- 0.000
2025-11-20 23:12:03 INFO    |  step: 96216064, training/alpha_loss: -0.000 +/- 0.000
2025-11-20 23:12:03 INFO    |  step: 96216064, training/critic_loss: 3.710 +/- 0.000
2025-11-20 23:12:03 INFO    |  step: 96216064, training/entropy: -4.001 +/- 0.000
2025-11-20 23:12:03 INFO    |  step: 96216064, training/env_grad_mean_norm: 0.632 +/- 0.000
2025-11-20 23:12:03 INFO    |  step: 96216064, training/env_grad_trvar: 67.127 +/- 0.000
2025-11-20 23:12:03 INFO    |  step: 96216064, training/env_rb_bias_squared: 1.367 +/- 0.000
2025-11-20 23:12:03 INFO    |  step: 96216064, training/log_alpha: -4.501 +/- 0.000
2025-11-20 23:12:03 INFO    |  step: 96216064, training/num_env_samples: 192.622 +/- 0.000
2025-11-20 23:12:03 INFO    |  step: 96216064, training/num_rb_samples: 63.378 +/- 0.000
2025-11-20 23:12:03 INFO    |  step: 96216064, training/rb_grad_mean_norm: 0.997 +/- 0.000
2025-11-20 23:12:03 INFO    |  step: 96216064, training/rb_grad_trvar: 61.332 +/- 0.000
2025-11-20 23:12:03 INFO    |  step: 96216064, eval/episode_reward: 314.145 +/- 0.000
2025-11-20 23:12:03 INFO    |  step: 96216064, eval/episode_success: 314.145 +/- 0.000
2025-11-20 23:12:03 INFO    |  step: 96216064, eval/episode_success_easy: 373.016 +/- 0.000
2025-11-20 23:12:03 INFO    |  step: 96216064, eval/episode_dist: 3970.214 +/- 0.000
2025-11-20 23:12:03 INFO    |  step: 96216064, eval/episode_success_any: 0.434 +/- 0.000
2025-11-20 23:12:03 INFO    |  step: 96216064, eval/episode_reward_ctrl: 0.000 +/- 0.000
2025-11-20 23:12:03 INFO    |  step: 96216064, eval/episode_reward_dist: 0.000 +/- 0.000
2025-11-20 23:12:03 INFO    |  step: 96216064, eval/episode_reward_near: 0.000 +/- 0.000
2025-11-20 23:12:03 INFO    |  step: 96216064, eval/episode_reward_survive: 0.000 +/- 0.000
2025-11-20 23:12:03 INFO    |  step: 96216064, eval/episode_success_hard: 0.000 +/- 0.000
2025-11-20 23:12:33 INFO    |  actor input shape: (10000, 31)
2025-11-20 23:12:33 INFO    |  encoder input shape: (10000, 37)
2025-11-20 23:12:33 INFO    |  encoder input shape: (10000, 2)
2025-11-20 23:12:33 INFO    |  actor input shape: (10000, 31)
2025-11-20 23:12:33 INFO    |  encoder input shape: (10000, 37)
2025-11-20 23:12:33 INFO    |  encoder input shape: (10000, 2)
2025-11-20 23:12:33 INFO    |  actor input shape: (10000, 31)
2025-11-20 23:12:33 INFO    |  encoder input shape: (10000, 37)
2025-11-20 23:12:33 INFO    |  encoder input shape: (10000, 2)
2025-11-20 23:12:33 INFO    |  Plotted visualizations at env step 96708096.0
2025-11-20 23:12:38 INFO    |  step: 96708096
2025-11-20 23:12:40 INFO    |  actor input shape: (1, 31)
2025-11-20 23:13:11 INFO    |  step: 96708096, training/sps: 15995.679 +/- 0.000
2025-11-20 23:13:11 INFO    |  step: 96708096, training/actor_loss: 3.435 +/- 0.000
2025-11-20 23:13:11 INFO    |  step: 96708096, training/adaptive_mixing_raw: 0.399 +/- 0.000
2025-11-20 23:13:11 INFO    |  step: 96708096, training/adaptive_mixing_smoothed: 0.399 +/- 0.000
2025-11-20 23:13:11 INFO    |  step: 96708096, training/alpha_loss: -0.000 +/- 0.000
2025-11-20 23:13:11 INFO    |  step: 96708096, training/critic_loss: 3.701 +/- 0.000
2025-11-20 23:13:11 INFO    |  step: 96708096, training/entropy: -4.000 +/- 0.000
2025-11-20 23:13:11 INFO    |  step: 96708096, training/env_grad_mean_norm: 0.630 +/- 0.000
2025-11-20 23:13:11 INFO    |  step: 96708096, training/env_grad_trvar: 66.836 +/- 0.000
2025-11-20 23:13:11 INFO    |  step: 96708096, training/env_rb_bias_squared: 1.352 +/- 0.000
2025-11-20 23:13:11 INFO    |  step: 96708096, training/log_alpha: -4.498 +/- 0.000
2025-11-20 23:13:11 INFO    |  step: 96708096, training/num_env_samples: 192.040 +/- 0.000
2025-11-20 23:13:11 INFO    |  step: 96708096, training/num_rb_samples: 63.960 +/- 0.000
2025-11-20 23:13:11 INFO    |  step: 96708096, training/rb_grad_mean_norm: 0.993 +/- 0.000
2025-11-20 23:13:11 INFO    |  step: 96708096, training/rb_grad_trvar: 61.253 +/- 0.000
2025-11-20 23:13:11 INFO    |  step: 96708096, eval/episode_reward: 208.367 +/- 0.000
2025-11-20 23:13:11 INFO    |  step: 96708096, eval/episode_success: 208.367 +/- 0.000
2025-11-20 23:13:11 INFO    |  step: 96708096, eval/episode_success_easy: 303.688 +/- 0.000
2025-11-20 23:13:11 INFO    |  step: 96708096, eval/episode_dist: 4216.697 +/- 0.000
2025-11-20 23:13:11 INFO    |  step: 96708096, eval/episode_success_any: 0.320 +/- 0.000
2025-11-20 23:13:11 INFO    |  step: 96708096, eval/episode_reward_ctrl: 0.000 +/- 0.000
2025-11-20 23:13:11 INFO    |  step: 96708096, eval/episode_reward_dist: 0.000 +/- 0.000
2025-11-20 23:13:11 INFO    |  step: 96708096, eval/episode_reward_near: 0.000 +/- 0.000
2025-11-20 23:13:11 INFO    |  step: 96708096, eval/episode_reward_survive: 0.000 +/- 0.000
2025-11-20 23:13:11 INFO    |  step: 96708096, eval/episode_success_hard: 0.000 +/- 0.000
2025-11-20 23:13:41 INFO    |  actor input shape: (10000, 31)
2025-11-20 23:13:41 INFO    |  encoder input shape: (10000, 37)
2025-11-20 23:13:41 INFO    |  encoder input shape: (10000, 2)
2025-11-20 23:13:41 INFO    |  actor input shape: (10000, 31)
2025-11-20 23:13:41 INFO    |  encoder input shape: (10000, 37)
2025-11-20 23:13:41 INFO    |  encoder input shape: (10000, 2)
2025-11-20 23:13:41 INFO    |  actor input shape: (10000, 31)
2025-11-20 23:13:41 INFO    |  encoder input shape: (10000, 37)
2025-11-20 23:13:41 INFO    |  encoder input shape: (10000, 2)
2025-11-20 23:13:41 INFO    |  Plotted visualizations at env step 97200128.0
2025-11-20 23:13:46 INFO    |  step: 97200128
2025-11-20 23:13:46 INFO    |  step: 97200128, training/sps: 16006.330 +/- 0.000
2025-11-20 23:13:46 INFO    |  step: 97200128, training/actor_loss: 3.418 +/- 0.000
2025-11-20 23:13:46 INFO    |  step: 97200128, training/adaptive_mixing_raw: 0.248 +/- 0.000
2025-11-20 23:13:46 INFO    |  step: 97200128, training/adaptive_mixing_smoothed: 0.248 +/- 0.000
2025-11-20 23:13:46 INFO    |  step: 97200128, training/alpha_loss: 0.000 +/- 0.000
2025-11-20 23:13:46 INFO    |  step: 97200128, training/critic_loss: 3.682 +/- 0.000
2025-11-20 23:13:46 INFO    |  step: 97200128, training/entropy: -4.000 +/- 0.000
2025-11-20 23:13:46 INFO    |  step: 97200128, training/env_grad_mean_norm: 0.637 +/- 0.000
2025-11-20 23:13:46 INFO    |  step: 97200128, training/env_grad_trvar: 67.331 +/- 0.000
2025-11-20 23:13:46 INFO    |  step: 97200128, training/env_rb_bias_squared: 1.337 +/- 0.000
2025-11-20 23:13:46 INFO    |  step: 97200128, training/log_alpha: -4.478 +/- 0.000
2025-11-20 23:13:46 INFO    |  step: 97200128, training/num_env_samples: 191.435 +/- 0.000
2025-11-20 23:13:46 INFO    |  step: 97200128, training/num_rb_samples: 64.565 +/- 0.000
2025-11-20 23:13:46 INFO    |  step: 97200128, training/rb_grad_mean_norm: 0.983 +/- 0.000
2025-11-20 23:13:46 INFO    |  step: 97200128, training/rb_grad_trvar: 60.542 +/- 0.000
2025-11-20 23:13:46 INFO    |  step: 97200128, eval/episode_reward: 269.359 +/- 0.000
2025-11-20 23:13:46 INFO    |  step: 97200128, eval/episode_success: 269.359 +/- 0.000
2025-11-20 23:13:46 INFO    |  step: 97200128, eval/episode_success_easy: 336.324 +/- 0.000
2025-11-20 23:13:46 INFO    |  step: 97200128, eval/episode_dist: 4774.571 +/- 0.000
2025-11-20 23:13:46 INFO    |  step: 97200128, eval/episode_success_any: 0.398 +/- 0.000
2025-11-20 23:13:46 INFO    |  step: 97200128, eval/episode_reward_ctrl: 0.000 +/- 0.000
2025-11-20 23:13:46 INFO    |  step: 97200128, eval/episode_reward_dist: 0.000 +/- 0.000
2025-11-20 23:13:46 INFO    |  step: 97200128, eval/episode_reward_near: 0.000 +/- 0.000
2025-11-20 23:13:46 INFO    |  step: 97200128, eval/episode_reward_survive: 0.000 +/- 0.000
2025-11-20 23:13:46 INFO    |  step: 97200128, eval/episode_success_hard: 0.000 +/- 0.000
2025-11-20 23:14:16 INFO    |  actor input shape: (10000, 31)
2025-11-20 23:14:16 INFO    |  encoder input shape: (10000, 37)
2025-11-20 23:14:16 INFO    |  encoder input shape: (10000, 2)
2025-11-20 23:14:17 INFO    |  actor input shape: (10000, 31)
2025-11-20 23:14:17 INFO    |  encoder input shape: (10000, 37)
2025-11-20 23:14:17 INFO    |  encoder input shape: (10000, 2)
2025-11-20 23:14:17 INFO    |  actor input shape: (10000, 31)
2025-11-20 23:14:17 INFO    |  encoder input shape: (10000, 37)
2025-11-20 23:14:17 INFO    |  encoder input shape: (10000, 2)
2025-11-20 23:14:17 INFO    |  Plotted visualizations at env step 97692160.0
2025-11-20 23:14:22 INFO    |  step: 97692160
2025-11-20 23:14:22 INFO    |  step: 97692160, training/sps: 15934.750 +/- 0.000
2025-11-20 23:14:22 INFO    |  step: 97692160, training/actor_loss: 3.406 +/- 0.000
2025-11-20 23:14:22 INFO    |  step: 97692160, training/adaptive_mixing_raw: 0.416 +/- 0.000
2025-11-20 23:14:22 INFO    |  step: 97692160, training/adaptive_mixing_smoothed: 0.416 +/- 0.000
2025-11-20 23:14:22 INFO    |  step: 97692160, training/alpha_loss: -0.000 +/- 0.000
2025-11-20 23:14:22 INFO    |  step: 97692160, training/critic_loss: 3.668 +/- 0.000
2025-11-20 23:14:22 INFO    |  step: 97692160, training/entropy: -4.001 +/- 0.000
2025-11-20 23:14:22 INFO    |  step: 97692160, training/env_grad_mean_norm: 0.637 +/- 0.000
2025-11-20 23:14:22 INFO    |  step: 97692160, training/env_grad_trvar: 67.310 +/- 0.000
2025-11-20 23:14:22 INFO    |  step: 97692160, training/env_rb_bias_squared: 1.314 +/- 0.000
2025-11-20 23:14:22 INFO    |  step: 97692160, training/log_alpha: -4.489 +/- 0.000
2025-11-20 23:14:22 INFO    |  step: 97692160, training/num_env_samples: 190.130 +/- 0.000
2025-11-20 23:14:22 INFO    |  step: 97692160, training/num_rb_samples: 65.870 +/- 0.000
2025-11-20 23:14:22 INFO    |  step: 97692160, training/rb_grad_mean_norm: 0.969 +/- 0.000
2025-11-20 23:14:22 INFO    |  step: 97692160, training/rb_grad_trvar: 60.120 +/- 0.000
2025-11-20 23:14:22 INFO    |  step: 97692160, eval/episode_reward: 300.129 +/- 0.000
2025-11-20 23:14:22 INFO    |  step: 97692160, eval/episode_success: 300.129 +/- 0.000
2025-11-20 23:14:22 INFO    |  step: 97692160, eval/episode_success_easy: 389.898 +/- 0.000
2025-11-20 23:14:22 INFO    |  step: 97692160, eval/episode_dist: 3974.808 +/- 0.000
2025-11-20 23:14:22 INFO    |  step: 97692160, eval/episode_success_any: 0.441 +/- 0.000
2025-11-20 23:14:22 INFO    |  step: 97692160, eval/episode_reward_ctrl: 0.000 +/- 0.000
2025-11-20 23:14:22 INFO    |  step: 97692160, eval/episode_reward_dist: 0.000 +/- 0.000
2025-11-20 23:14:22 INFO    |  step: 97692160, eval/episode_reward_near: 0.000 +/- 0.000
2025-11-20 23:14:22 INFO    |  step: 97692160, eval/episode_reward_survive: 0.000 +/- 0.000
2025-11-20 23:14:22 INFO    |  step: 97692160, eval/episode_success_hard: 0.000 +/- 0.000
2025-11-20 23:14:52 INFO    |  actor input shape: (10000, 31)
2025-11-20 23:14:52 INFO    |  encoder input shape: (10000, 37)
2025-11-20 23:14:52 INFO    |  encoder input shape: (10000, 2)
2025-11-20 23:14:52 INFO    |  actor input shape: (10000, 31)
2025-11-20 23:14:52 INFO    |  encoder input shape: (10000, 37)
2025-11-20 23:14:52 INFO    |  encoder input shape: (10000, 2)
2025-11-20 23:14:52 INFO    |  actor input shape: (10000, 31)
2025-11-20 23:14:52 INFO    |  encoder input shape: (10000, 37)
2025-11-20 23:14:52 INFO    |  encoder input shape: (10000, 2)
2025-11-20 23:14:53 INFO    |  Plotted visualizations at env step 98184192.0
2025-11-20 23:14:57 INFO    |  step: 98184192
2025-11-20 23:14:57 INFO    |  step: 98184192, training/sps: 16068.063 +/- 0.000
2025-11-20 23:14:57 INFO    |  step: 98184192, training/actor_loss: 3.390 +/- 0.000
2025-11-20 23:14:57 INFO    |  step: 98184192, training/adaptive_mixing_raw: 0.179 +/- 0.000
2025-11-20 23:14:57 INFO    |  step: 98184192, training/adaptive_mixing_smoothed: 0.179 +/- 0.000
2025-11-20 23:14:57 INFO    |  step: 98184192, training/alpha_loss: 0.000 +/- 0.000
2025-11-20 23:14:57 INFO    |  step: 98184192, training/critic_loss: 3.651 +/- 0.000
2025-11-20 23:14:57 INFO    |  step: 98184192, training/entropy: -4.000 +/- 0.000
2025-11-20 23:14:57 INFO    |  step: 98184192, training/env_grad_mean_norm: 0.637 +/- 0.000
2025-11-20 23:14:57 INFO    |  step: 98184192, training/env_grad_trvar: 67.677 +/- 0.000
2025-11-20 23:14:57 INFO    |  step: 98184192, training/env_rb_bias_squared: 1.344 +/- 0.000
2025-11-20 23:14:57 INFO    |  step: 98184192, training/log_alpha: -4.490 +/- 0.000
2025-11-20 23:14:57 INFO    |  step: 98184192, training/num_env_samples: 191.557 +/- 0.000
2025-11-20 23:14:57 INFO    |  step: 98184192, training/num_rb_samples: 64.443 +/- 0.000
2025-11-20 23:14:57 INFO    |  step: 98184192, training/rb_grad_mean_norm: 0.984 +/- 0.000
2025-11-20 23:14:57 INFO    |  step: 98184192, training/rb_grad_trvar: 60.710 +/- 0.000
2025-11-20 23:14:57 INFO    |  step: 98184192, eval/episode_reward: 212.957 +/- 0.000
2025-11-20 23:14:57 INFO    |  step: 98184192, eval/episode_success: 212.957 +/- 0.000
2025-11-20 23:14:57 INFO    |  step: 98184192, eval/episode_success_easy: 304.098 +/- 0.000
2025-11-20 23:14:57 INFO    |  step: 98184192, eval/episode_dist: 4739.109 +/- 0.000
2025-11-20 23:14:57 INFO    |  step: 98184192, eval/episode_success_any: 0.328 +/- 0.000
2025-11-20 23:14:57 INFO    |  step: 98184192, eval/episode_reward_ctrl: 0.000 +/- 0.000
2025-11-20 23:14:57 INFO    |  step: 98184192, eval/episode_reward_dist: 0.000 +/- 0.000
2025-11-20 23:14:57 INFO    |  step: 98184192, eval/episode_reward_near: 0.000 +/- 0.000
2025-11-20 23:14:57 INFO    |  step: 98184192, eval/episode_reward_survive: 0.000 +/- 0.000
2025-11-20 23:14:57 INFO    |  step: 98184192, eval/episode_success_hard: 0.000 +/- 0.000
2025-11-20 23:15:27 INFO    |  actor input shape: (10000, 31)
2025-11-20 23:15:27 INFO    |  encoder input shape: (10000, 37)
2025-11-20 23:15:27 INFO    |  encoder input shape: (10000, 2)
2025-11-20 23:15:27 INFO    |  actor input shape: (10000, 31)
2025-11-20 23:15:27 INFO    |  encoder input shape: (10000, 37)
2025-11-20 23:15:27 INFO    |  encoder input shape: (10000, 2)
2025-11-20 23:15:28 INFO    |  actor input shape: (10000, 31)
2025-11-20 23:15:28 INFO    |  encoder input shape: (10000, 37)
2025-11-20 23:15:28 INFO    |  encoder input shape: (10000, 2)
2025-11-20 23:15:28 INFO    |  Plotted visualizations at env step 98676224.0
2025-11-20 23:15:33 INFO    |  step: 98676224
2025-11-20 23:15:33 INFO    |  step: 98676224, training/sps: 16148.216 +/- 0.000
2025-11-20 23:15:33 INFO    |  step: 98676224, training/actor_loss: 3.385 +/- 0.000
2025-11-20 23:15:33 INFO    |  step: 98676224, training/adaptive_mixing_raw: 0.239 +/- 0.000
2025-11-20 23:15:33 INFO    |  step: 98676224, training/adaptive_mixing_smoothed: 0.239 +/- 0.000
2025-11-20 23:15:33 INFO    |  step: 98676224, training/alpha_loss: 0.000 +/- 0.000
2025-11-20 23:15:33 INFO    |  step: 98676224, training/critic_loss: 3.652 +/- 0.000
2025-11-20 23:15:33 INFO    |  step: 98676224, training/entropy: -3.999 +/- 0.000
2025-11-20 23:15:33 INFO    |  step: 98676224, training/env_grad_mean_norm: 0.640 +/- 0.000
2025-11-20 23:15:33 INFO    |  step: 98676224, training/env_grad_trvar: 67.991 +/- 0.000
2025-11-20 23:15:33 INFO    |  step: 98676224, training/env_rb_bias_squared: 1.356 +/- 0.000
2025-11-20 23:15:33 INFO    |  step: 98676224, training/log_alpha: -4.495 +/- 0.000
2025-11-20 23:15:33 INFO    |  step: 98676224, training/num_env_samples: 191.776 +/- 0.000
2025-11-20 23:15:33 INFO    |  step: 98676224, training/num_rb_samples: 64.224 +/- 0.000
2025-11-20 23:15:33 INFO    |  step: 98676224, training/rb_grad_mean_norm: 0.989 +/- 0.000
2025-11-20 23:15:33 INFO    |  step: 98676224, training/rb_grad_trvar: 61.042 +/- 0.000
2025-11-20 23:15:33 INFO    |  step: 98676224, eval/episode_reward: 250.941 +/- 0.000
2025-11-20 23:15:33 INFO    |  step: 98676224, eval/episode_success: 250.941 +/- 0.000
2025-11-20 23:15:33 INFO    |  step: 98676224, eval/episode_success_easy: 333.469 +/- 0.000
2025-11-20 23:15:33 INFO    |  step: 98676224, eval/episode_dist: 4651.478 +/- 0.000
2025-11-20 23:15:33 INFO    |  step: 98676224, eval/episode_success_any: 0.367 +/- 0.000
2025-11-20 23:15:33 INFO    |  step: 98676224, eval/episode_reward_ctrl: 0.000 +/- 0.000
2025-11-20 23:15:33 INFO    |  step: 98676224, eval/episode_reward_dist: 0.000 +/- 0.000
2025-11-20 23:15:33 INFO    |  step: 98676224, eval/episode_reward_near: 0.000 +/- 0.000
2025-11-20 23:15:33 INFO    |  step: 98676224, eval/episode_reward_survive: 0.000 +/- 0.000
2025-11-20 23:15:33 INFO    |  step: 98676224, eval/episode_success_hard: 0.000 +/- 0.000
2025-11-20 23:15:33 INFO    |  total steps: 98676224
[1;34mwandb[0m: 
[1;34mwandb[0m: 🚀 View run [33mrun[0m at: [34m[0m
[1;34mwandb[0m: Find logs at: [1;35mwandb/run-20251120_205207-skyg97wi/logs[0m
