/home/ishirgarg/miniconda3/envs/jaxgcrl/lib/python3.10/site-packages/pydantic/_internal/_generate_schema.py:2249: UnsupportedFieldAttributeWarning: The 'repr' attribute with value False was provided to the `Field()` function, which has no effect in the context it was used. 'repr' is field-specific metadata, and can only be attached to a model field using `Annotated` metadata or by assignment. This may have happened because an `Annotated` type alias using the `type` statement was used, or if the `Field()` function was attached to a single member of a union type.
  warnings.warn(
/home/ishirgarg/miniconda3/envs/jaxgcrl/lib/python3.10/site-packages/pydantic/_internal/_generate_schema.py:2249: UnsupportedFieldAttributeWarning: The 'frozen' attribute with value True was provided to the `Field()` function, which has no effect in the context it was used. 'frozen' is field-specific metadata, and can only be attached to a model field using `Annotated` metadata or by assignment. This may have happened because an `Annotated` type alias using the `type` statement was used, or if the `Field()` function was attached to a single member of a union type.
  warnings.warn(
Gym has been unmaintained since 2022 and does not support NumPy 2.0 amongst other critical functionality.
Please upgrade to Gymnasium, the maintained drop-in replacement of Gym, or contact the authors of your software and request that they upgrade.
Users of this version of Gym should be able to simply replace 'import gym' with 'import gymnasium as gym' in the vast majority of cases.
See the migration guide at https://gymnasium.farama.org/introduction/migration_guide/ for additional information.
2025-11-17 06:18:20 INFO    |  Arguments:
{'action_repeat': 1,
 'adaptive_mixing_warmup_steps': 1000000,
 'agent': 'CRL',
 'alpha_lr': 0.0003,
 'backend': None,
 'batch_size': 256,
 'checkpoint_logdir': None,
 'contrastive_loss_fn': 'fwd_infonce',
 'critic_lr': 0.0003,
 'cuda': True,
 'disable_entropy_actor': False,
 'discounting': 0.99,
 'energy_fn': 'norm',
 'env': 'ant',
 'episode_length': 1001,
 'eval_env': None,
 'exp_name': 'run',
 'goal_proposal_prob': 0.0,
 'goal_proposal_warmup_steps': 0,
 'goal_proposer_name': 'replay_buffer',
 'goal_selection_percentile': 0.5,
 'h_dim': 256,
 'interpolate_to_env_goals': False,
 'log_wandb': True,
 'logsumexp_penalty_coeff': 0.1,
 'max_devices_per_host': 1,
 'max_replay_size': 10000,
 'min_replay_size': 1000,
 'n_hidden': 2,
 'num_envs': 256,
 'num_eval_envs': 256,
 'num_evals': 200,
 'policy_lr': 0.0003,
 'repr_dim': 64,
 'seed': 0,
 'skip_connections': 4,
 'total_env_steps': 80000000,
 'train_step_multiplier': 1,
 'unroll_length': 62,
 'use_adaptive_mixing': True,
 'use_ln': False,
 'use_relu': False,
 'utd_ratio': 0.06306703629032258,
 'vis_length': 1000,
 'visualization_interval': 5,
 'wandb_group': '.',
 'wandb_mode': 'online',
 'wandb_project_name': 'jaxgcrl'}
wandb: Currently logged in as: ishirgarg (ishirgarg-university-of-california-berkeley) to https://api.wandb.ai. Use `wandb login --relogin` to force relogin
wandb: setting up run 2n5mqbv6
wandb: Tracking run with wandb version 0.22.2
wandb: Run data is saved locally in /home/ishirgarg/JaxGCRL/wandb/run-20251117_061821-2n5mqbv6
wandb: Run `wandb offline` to turn off syncing.
wandb: Syncing run run
wandb: ⭐️ View project at https://wandb.ai/ishirgarg-university-of-california-berkeley/jaxgcrl
wandb: 🚀 View run at https://wandb.ai/ishirgarg-university-of-california-berkeley/jaxgcrl/runs/2n5mqbv6
2025-11-17 06:18:23 INFO    |  Unable to initialize backend 'rocm': NOT_FOUND: Could not find registered platform with name: "rocm". Available platform names are: CUDA
2025-11-17 06:18:23 INFO    |  Unable to initialize backend 'tpu': INTERNAL: Failed to open libtpu.so: libtpu.so: cannot open shared object file: No such file or directory
[32m06:18:24 INFO: This is wandb-osh v1.2.2 using communication directory /home/ishirgarg/.wandb_osh_command_dir[0m
2025-11-17 06:18:24 INFO    |  This is wandb-osh v1.2.2 using communication directory /home/ishirgarg/.wandb_osh_command_dir
2025-11-17 06:18:24 INFO    |  Num env: 256
2025-11-17 06:18:24 INFO    |  num_prefill_env_steps: 256000
2025-11-17 06:18:24 INFO    |  num_prefill_actor_steps: 17
2025-11-17 06:18:24 INFO    |  num_training_steps_per_epoch: 25
2025-11-17 06:18:31 INFO    |  actor input shape: (1, 31)
2025-11-17 06:18:32 INFO    |  encoder input shape: (1, 37)
2025-11-17 06:18:32 INFO    |  encoder input shape: (1, 2)
2025-11-17 06:18:32 INFO    |  actor input shape: (256, 31)
2025-11-17 06:18:40 INFO    |  starting training....
2025-11-17 06:18:40 INFO    |  actor input shape: (256, 31)
2025-11-17 06:18:41 INFO    |  actor input shape: (256, 31)
2025-11-17 06:18:41 INFO    |  encoder input shape: (256, 37)
2025-11-17 06:18:41 INFO    |  encoder input shape: (256, 2)
2025-11-17 06:18:41 INFO    |  actor input shape: (1, 31)
2025-11-17 06:18:41 INFO    |  encoder input shape: (1, 37)
2025-11-17 06:18:41 INFO    |  encoder input shape: (1, 2)
2025-11-17 06:18:41 INFO    |  encoder input shape: (256, 37)
2025-11-17 06:18:41 INFO    |  encoder input shape: (256, 2)
2025-11-17 06:19:14 INFO    |  actor input shape: (10000, 31)
2025-11-17 06:19:14 INFO    |  encoder input shape: (10000, 37)
2025-11-17 06:19:14 INFO    |  encoder input shape: (10000, 2)
2025-11-17 06:19:15 INFO    |  actor input shape: (10000, 31)
2025-11-17 06:19:15 INFO    |  encoder input shape: (10000, 37)
2025-11-17 06:19:15 INFO    |  encoder input shape: (10000, 2)
2025-11-17 06:19:15 INFO    |  actor input shape: (10000, 31)
2025-11-17 06:19:15 INFO    |  encoder input shape: (10000, 37)
2025-11-17 06:19:15 INFO    |  encoder input shape: (10000, 2)
2025-11-17 06:19:15 INFO    |  Plotted visualizations at env step 666624.0
2025-11-17 06:19:16 INFO    |  actor input shape: (256, 31)
2025-11-17 06:19:24 INFO    |  step: 666624
2025-11-17 06:19:26 INFO    |  actor input shape: (1, 31)
2025-11-17 06:19:44 INFO    |  step: 666624, training/sps: 11229.734 +/- 0.000
2025-11-17 06:19:44 INFO    |  step: 666624, training/actor_loss: 2.342 +/- 0.000
2025-11-17 06:19:44 INFO    |  step: 666624, training/adaptive_mixing: 0.008 +/- 0.000
2025-11-17 06:19:44 INFO    |  step: 666624, training/alpha_loss: 1.489 +/- 0.000
2025-11-17 06:19:44 INFO    |  step: 666624, training/critic_loss: 3.287 +/- 0.000
2025-11-17 06:19:44 INFO    |  step: 666624, training/entropy: 3.148 +/- 0.000
2025-11-17 06:19:44 INFO    |  step: 666624, training/env_grad_mean_norm: 0.439 +/- 0.000
2025-11-17 06:19:44 INFO    |  step: 666624, training/env_grad_trvar: 43.831 +/- 0.000
2025-11-17 06:19:44 INFO    |  step: 666624, training/env_rb_bias_squared: 0.704 +/- 0.000
2025-11-17 06:19:44 INFO    |  step: 666624, training/log_alpha: -2.835 +/- 0.000
2025-11-17 06:19:44 INFO    |  step: 666624, training/num_env_samples: 126.858 +/- 0.000
2025-11-17 06:19:44 INFO    |  step: 666624, training/num_rb_samples: 129.142 +/- 0.000
2025-11-17 06:19:44 INFO    |  step: 666624, training/rb_grad_mean_norm: 0.441 +/- 0.000
2025-11-17 06:19:44 INFO    |  step: 666624, training/rb_grad_trvar: 44.981 +/- 0.000
2025-11-17 06:19:44 INFO    |  step: 666624, eval/episode_reward: 0.000 +/- 0.000
2025-11-17 06:19:44 INFO    |  step: 666624, eval/episode_success: 0.000 +/- 0.000
2025-11-17 06:19:44 INFO    |  step: 666624, eval/episode_success_easy: 0.000 +/- 0.000
2025-11-17 06:19:44 INFO    |  step: 666624, eval/episode_dist: 7258.880 +/- 0.000
2025-11-17 06:19:44 INFO    |  step: 666624, eval/episode_success_any: 0.000 +/- 0.000
2025-11-17 06:19:44 INFO    |  step: 666624, eval/episode_reward_ctrl: 0.000 +/- 0.000
2025-11-17 06:19:44 INFO    |  step: 666624, eval/episode_reward_dist: 0.000 +/- 0.000
2025-11-17 06:19:44 INFO    |  step: 666624, eval/episode_reward_near: 0.000 +/- 0.000
2025-11-17 06:19:44 INFO    |  step: 666624, eval/episode_reward_survive: 0.000 +/- 0.000
2025-11-17 06:19:44 INFO    |  step: 666624, eval/episode_success_hard: 0.000 +/- 0.000
2025-11-17 06:19:44 INFO    |  actor input shape: (256, 31)
2025-11-17 06:19:44 INFO    |  actor input shape: (256, 31)
2025-11-17 06:19:44 INFO    |  encoder input shape: (256, 37)
2025-11-17 06:19:44 INFO    |  encoder input shape: (256, 2)
2025-11-17 06:19:44 INFO    |  actor input shape: (1, 31)
2025-11-17 06:19:44 INFO    |  encoder input shape: (1, 37)
2025-11-17 06:19:44 INFO    |  encoder input shape: (1, 2)
2025-11-17 06:19:44 INFO    |  encoder input shape: (256, 37)
2025-11-17 06:19:44 INFO    |  encoder input shape: (256, 2)
2025-11-17 06:20:16 INFO    |  actor input shape: (10000, 31)
2025-11-17 06:20:16 INFO    |  encoder input shape: (10000, 37)
2025-11-17 06:20:16 INFO    |  encoder input shape: (10000, 2)
2025-11-17 06:20:16 INFO    |  actor input shape: (10000, 31)
2025-11-17 06:20:16 INFO    |  encoder input shape: (10000, 37)
2025-11-17 06:20:16 INFO    |  encoder input shape: (10000, 2)
2025-11-17 06:20:17 INFO    |  actor input shape: (10000, 31)
2025-11-17 06:20:17 INFO    |  encoder input shape: (10000, 37)
2025-11-17 06:20:17 INFO    |  encoder input shape: (10000, 2)
2025-11-17 06:20:17 INFO    |  Plotted visualizations at env step 1063424.0
2025-11-17 06:20:19 INFO    |  step: 1063424
2025-11-17 06:20:19 INFO    |  step: 1063424, training/sps: 11958.420 +/- 0.000
2025-11-17 06:20:19 INFO    |  step: 1063424, training/actor_loss: 3.142 +/- 0.000
2025-11-17 06:20:19 INFO    |  step: 1063424, training/adaptive_mixing: 0.011 +/- 0.000
2025-11-17 06:20:19 INFO    |  step: 1063424, training/alpha_loss: 0.000 +/- 0.000
2025-11-17 06:20:19 INFO    |  step: 1063424, training/critic_loss: 3.283 +/- 0.000
2025-11-17 06:20:19 INFO    |  step: 1063424, training/entropy: -3.963 +/- 0.000
2025-11-17 06:20:19 INFO    |  step: 1063424, training/env_grad_mean_norm: 0.256 +/- 0.000
2025-11-17 06:20:19 INFO    |  step: 1063424, training/env_grad_trvar: 7.934 +/- 0.000
2025-11-17 06:20:19 INFO    |  step: 1063424, training/env_rb_bias_squared: 0.126 +/- 0.000
2025-11-17 06:20:19 INFO    |  step: 1063424, training/log_alpha: -5.304 +/- 0.000
2025-11-17 06:20:19 INFO    |  step: 1063424, training/num_env_samples: 127.887 +/- 0.000
2025-11-17 06:20:19 INFO    |  step: 1063424, training/num_rb_samples: 128.113 +/- 0.000
2025-11-17 06:20:19 INFO    |  step: 1063424, training/rb_grad_mean_norm: 0.256 +/- 0.000
2025-11-17 06:20:19 INFO    |  step: 1063424, training/rb_grad_trvar: 7.895 +/- 0.000
2025-11-17 06:20:19 INFO    |  step: 1063424, eval/episode_reward: 0.000 +/- 0.000
2025-11-17 06:20:19 INFO    |  step: 1063424, eval/episode_success: 0.000 +/- 0.000
2025-11-17 06:20:19 INFO    |  step: 1063424, eval/episode_success_easy: 0.000 +/- 0.000
2025-11-17 06:20:19 INFO    |  step: 1063424, eval/episode_dist: 8058.480 +/- 0.000
2025-11-17 06:20:19 INFO    |  step: 1063424, eval/episode_success_any: 0.000 +/- 0.000
2025-11-17 06:20:19 INFO    |  step: 1063424, eval/episode_reward_ctrl: 0.000 +/- 0.000
2025-11-17 06:20:19 INFO    |  step: 1063424, eval/episode_reward_dist: 0.000 +/- 0.000
2025-11-17 06:20:19 INFO    |  step: 1063424, eval/episode_reward_near: 0.000 +/- 0.000
2025-11-17 06:20:19 INFO    |  step: 1063424, eval/episode_reward_survive: 0.000 +/- 0.000
2025-11-17 06:20:19 INFO    |  step: 1063424, eval/episode_success_hard: 0.000 +/- 0.000
2025-11-17 06:20:46 INFO    |  actor input shape: (10000, 31)
2025-11-17 06:20:46 INFO    |  encoder input shape: (10000, 37)
2025-11-17 06:20:46 INFO    |  encoder input shape: (10000, 2)
2025-11-17 06:20:46 INFO    |  actor input shape: (10000, 31)
2025-11-17 06:20:46 INFO    |  encoder input shape: (10000, 37)
2025-11-17 06:20:46 INFO    |  encoder input shape: (10000, 2)
2025-11-17 06:20:47 INFO    |  actor input shape: (10000, 31)
2025-11-17 06:20:47 INFO    |  encoder input shape: (10000, 37)
2025-11-17 06:20:47 INFO    |  encoder input shape: (10000, 2)
2025-11-17 06:20:47 INFO    |  Plotted visualizations at env step 1460224.0
2025-11-17 06:20:49 INFO    |  step: 1460224
2025-11-17 06:20:49 INFO    |  step: 1460224, training/sps: 14038.244 +/- 0.000
2025-11-17 06:20:49 INFO    |  step: 1460224, training/actor_loss: 3.127 +/- 0.000
2025-11-17 06:20:49 INFO    |  step: 1460224, training/adaptive_mixing: 0.007 +/- 0.000
2025-11-17 06:20:49 INFO    |  step: 1460224, training/alpha_loss: -0.000 +/- 0.000
2025-11-17 06:20:49 INFO    |  step: 1460224, training/critic_loss: 3.248 +/- 0.000
2025-11-17 06:20:49 INFO    |  step: 1460224, training/entropy: -4.003 +/- 0.000
2025-11-17 06:20:49 INFO    |  step: 1460224, training/env_grad_mean_norm: 0.317 +/- 0.000
2025-11-17 06:20:49 INFO    |  step: 1460224, training/env_grad_trvar: 13.708 +/- 0.000
2025-11-17 06:20:49 INFO    |  step: 1460224, training/env_rb_bias_squared: 0.231 +/- 0.000
2025-11-17 06:20:49 INFO    |  step: 1460224, training/log_alpha: -5.160 +/- 0.000
2025-11-17 06:20:49 INFO    |  step: 1460224, training/num_env_samples: 144.220 +/- 0.000
2025-11-17 06:20:49 INFO    |  step: 1460224, training/num_rb_samples: 111.780 +/- 0.000
2025-11-17 06:20:49 INFO    |  step: 1460224, training/rb_grad_mean_norm: 0.370 +/- 0.000
2025-11-17 06:20:49 INFO    |  step: 1460224, training/rb_grad_trvar: 14.413 +/- 0.000
2025-11-17 06:20:49 INFO    |  step: 1460224, eval/episode_reward: 0.000 +/- 0.000
2025-11-17 06:20:49 INFO    |  step: 1460224, eval/episode_success: 0.000 +/- 0.000
2025-11-17 06:20:49 INFO    |  step: 1460224, eval/episode_success_easy: 0.000 +/- 0.000
2025-11-17 06:20:49 INFO    |  step: 1460224, eval/episode_dist: 6219.640 +/- 0.000
2025-11-17 06:20:49 INFO    |  step: 1460224, eval/episode_success_any: 0.000 +/- 0.000
2025-11-17 06:20:49 INFO    |  step: 1460224, eval/episode_reward_ctrl: 0.000 +/- 0.000
2025-11-17 06:20:49 INFO    |  step: 1460224, eval/episode_reward_dist: 0.000 +/- 0.000
2025-11-17 06:20:49 INFO    |  step: 1460224, eval/episode_reward_near: 0.000 +/- 0.000
2025-11-17 06:20:49 INFO    |  step: 1460224, eval/episode_reward_survive: 0.000 +/- 0.000
2025-11-17 06:20:49 INFO    |  step: 1460224, eval/episode_success_hard: 0.000 +/- 0.000
2025-11-17 06:21:16 INFO    |  actor input shape: (10000, 31)
2025-11-17 06:21:16 INFO    |  encoder input shape: (10000, 37)
2025-11-17 06:21:16 INFO    |  encoder input shape: (10000, 2)
2025-11-17 06:21:16 INFO    |  actor input shape: (10000, 31)
2025-11-17 06:21:16 INFO    |  encoder input shape: (10000, 37)
2025-11-17 06:21:16 INFO    |  encoder input shape: (10000, 2)
2025-11-17 06:21:16 INFO    |  actor input shape: (10000, 31)
2025-11-17 06:21:17 INFO    |  encoder input shape: (10000, 37)
2025-11-17 06:21:17 INFO    |  encoder input shape: (10000, 2)
2025-11-17 06:21:17 INFO    |  Plotted visualizations at env step 1857024.0
2025-11-17 06:21:19 INFO    |  step: 1857024
2025-11-17 06:21:19 INFO    |  step: 1857024, training/sps: 14167.204 +/- 0.000
2025-11-17 06:21:19 INFO    |  step: 1857024, training/actor_loss: 3.009 +/- 0.000
2025-11-17 06:21:19 INFO    |  step: 1857024, training/adaptive_mixing: 0.006 +/- 0.000
2025-11-17 06:21:19 INFO    |  step: 1857024, training/alpha_loss: -0.000 +/- 0.000
2025-11-17 06:21:19 INFO    |  step: 1857024, training/critic_loss: 3.109 +/- 0.000
2025-11-17 06:21:19 INFO    |  step: 1857024, training/entropy: -4.002 +/- 0.000
2025-11-17 06:21:19 INFO    |  step: 1857024, training/env_grad_mean_norm: 0.321 +/- 0.000
2025-11-17 06:21:19 INFO    |  step: 1857024, training/env_grad_trvar: 16.941 +/- 0.000
2025-11-17 06:21:19 INFO    |  step: 1857024, training/env_rb_bias_squared: 0.337 +/- 0.000
2025-11-17 06:21:19 INFO    |  step: 1857024, training/log_alpha: -5.109 +/- 0.000
2025-11-17 06:21:19 INFO    |  step: 1857024, training/num_env_samples: 173.722 +/- 0.000
2025-11-17 06:21:19 INFO    |  step: 1857024, training/num_rb_samples: 82.278 +/- 0.000
2025-11-17 06:21:19 INFO    |  step: 1857024, training/rb_grad_mean_norm: 0.490 +/- 0.000
2025-11-17 06:21:19 INFO    |  step: 1857024, training/rb_grad_trvar: 18.772 +/- 0.000
2025-11-17 06:21:19 INFO    |  step: 1857024, eval/episode_reward: 0.000 +/- 0.000
2025-11-17 06:21:19 INFO    |  step: 1857024, eval/episode_success: 0.000 +/- 0.000
2025-11-17 06:21:19 INFO    |  step: 1857024, eval/episode_success_easy: 0.000 +/- 0.000
2025-11-17 06:21:19 INFO    |  step: 1857024, eval/episode_dist: 6110.922 +/- 0.000
2025-11-17 06:21:19 INFO    |  step: 1857024, eval/episode_success_any: 0.000 +/- 0.000
2025-11-17 06:21:19 INFO    |  step: 1857024, eval/episode_reward_ctrl: 0.000 +/- 0.000
2025-11-17 06:21:19 INFO    |  step: 1857024, eval/episode_reward_dist: 0.000 +/- 0.000
2025-11-17 06:21:19 INFO    |  step: 1857024, eval/episode_reward_near: 0.000 +/- 0.000
2025-11-17 06:21:19 INFO    |  step: 1857024, eval/episode_reward_survive: 0.000 +/- 0.000
2025-11-17 06:21:19 INFO    |  step: 1857024, eval/episode_success_hard: 0.000 +/- 0.000
2025-11-17 06:21:45 INFO    |  actor input shape: (10000, 31)
2025-11-17 06:21:45 INFO    |  encoder input shape: (10000, 37)
2025-11-17 06:21:45 INFO    |  encoder input shape: (10000, 2)
2025-11-17 06:21:45 INFO    |  actor input shape: (10000, 31)
2025-11-17 06:21:45 INFO    |  encoder input shape: (10000, 37)
2025-11-17 06:21:45 INFO    |  encoder input shape: (10000, 2)
2025-11-17 06:21:46 INFO    |  actor input shape: (10000, 31)
2025-11-17 06:21:46 INFO    |  encoder input shape: (10000, 37)
2025-11-17 06:21:46 INFO    |  encoder input shape: (10000, 2)
2025-11-17 06:21:46 INFO    |  Plotted visualizations at env step 2253824.0
2025-11-17 06:21:48 INFO    |  step: 2253824
2025-11-17 06:21:48 INFO    |  step: 2253824, training/sps: 14493.057 +/- 0.000
2025-11-17 06:21:48 INFO    |  step: 2253824, training/actor_loss: 2.865 +/- 0.000
2025-11-17 06:21:48 INFO    |  step: 2253824, training/adaptive_mixing: 0.004 +/- 0.000
2025-11-17 06:21:48 INFO    |  step: 2253824, training/alpha_loss: -0.000 +/- 0.000
2025-11-17 06:21:48 INFO    |  step: 2253824, training/critic_loss: 2.956 +/- 0.000
2025-11-17 06:21:48 INFO    |  step: 2253824, training/entropy: -4.004 +/- 0.000
2025-11-17 06:21:48 INFO    |  step: 2253824, training/env_grad_mean_norm: 0.332 +/- 0.000
2025-11-17 06:21:48 INFO    |  step: 2253824, training/env_grad_trvar: 19.859 +/- 0.000
2025-11-17 06:21:48 INFO    |  step: 2253824, training/env_rb_bias_squared: 0.466 +/- 0.000
2025-11-17 06:21:48 INFO    |  step: 2253824, training/log_alpha: -5.072 +/- 0.000
2025-11-17 06:21:48 INFO    |  step: 2253824, training/num_env_samples: 191.851 +/- 0.000
2025-11-17 06:21:48 INFO    |  step: 2253824, training/num_rb_samples: 64.149 +/- 0.000
2025-11-17 06:21:48 INFO    |  step: 2253824, training/rb_grad_mean_norm: 0.600 +/- 0.000
2025-11-17 06:21:48 INFO    |  step: 2253824, training/rb_grad_trvar: 21.974 +/- 0.000
2025-11-17 06:21:48 INFO    |  step: 2253824, eval/episode_reward: 0.000 +/- 0.000
2025-11-17 06:21:48 INFO    |  step: 2253824, eval/episode_success: 0.000 +/- 0.000
2025-11-17 06:21:48 INFO    |  step: 2253824, eval/episode_success_easy: 8.191 +/- 0.000
2025-11-17 06:21:48 INFO    |  step: 2253824, eval/episode_dist: 5272.824 +/- 0.000
2025-11-17 06:21:48 INFO    |  step: 2253824, eval/episode_success_any: 0.000 +/- 0.000
2025-11-17 06:21:48 INFO    |  step: 2253824, eval/episode_reward_ctrl: 0.000 +/- 0.000
2025-11-17 06:21:48 INFO    |  step: 2253824, eval/episode_reward_dist: 0.000 +/- 0.000
2025-11-17 06:21:48 INFO    |  step: 2253824, eval/episode_reward_near: 0.000 +/- 0.000
2025-11-17 06:21:48 INFO    |  step: 2253824, eval/episode_reward_survive: 0.000 +/- 0.000
2025-11-17 06:21:48 INFO    |  step: 2253824, eval/episode_success_hard: 0.000 +/- 0.000
2025-11-17 06:22:13 INFO    |  actor input shape: (10000, 31)
2025-11-17 06:22:13 INFO    |  encoder input shape: (10000, 37)
2025-11-17 06:22:13 INFO    |  encoder input shape: (10000, 2)
2025-11-17 06:22:14 INFO    |  actor input shape: (10000, 31)
2025-11-17 06:22:14 INFO    |  encoder input shape: (10000, 37)
2025-11-17 06:22:14 INFO    |  encoder input shape: (10000, 2)
2025-11-17 06:22:14 INFO    |  actor input shape: (10000, 31)
2025-11-17 06:22:14 INFO    |  encoder input shape: (10000, 37)
2025-11-17 06:22:14 INFO    |  encoder input shape: (10000, 2)
2025-11-17 06:22:14 INFO    |  Plotted visualizations at env step 2650624.0
2025-11-17 06:22:16 INFO    |  step: 2650624
2025-11-17 06:22:18 INFO    |  actor input shape: (1, 31)
2025-11-17 06:22:35 INFO    |  step: 2650624, training/sps: 15010.767 +/- 0.000
2025-11-17 06:22:35 INFO    |  step: 2650624, training/actor_loss: 2.721 +/- 0.000
2025-11-17 06:22:35 INFO    |  step: 2650624, training/adaptive_mixing: 0.006 +/- 0.000
2025-11-17 06:22:35 INFO    |  step: 2650624, training/alpha_loss: 0.000 +/- 0.000
2025-11-17 06:22:35 INFO    |  step: 2650624, training/critic_loss: 2.795 +/- 0.000
2025-11-17 06:22:35 INFO    |  step: 2650624, training/entropy: -4.000 +/- 0.000
2025-11-17 06:22:35 INFO    |  step: 2650624, training/env_grad_mean_norm: 0.345 +/- 0.000
2025-11-17 06:22:35 INFO    |  step: 2650624, training/env_grad_trvar: 22.528 +/- 0.000
2025-11-17 06:22:35 INFO    |  step: 2650624, training/env_rb_bias_squared: 0.597 +/- 0.000
2025-11-17 06:22:35 INFO    |  step: 2650624, training/log_alpha: -5.052 +/- 0.000
2025-11-17 06:22:35 INFO    |  step: 2650624, training/num_env_samples: 203.485 +/- 0.000
2025-11-17 06:22:35 INFO    |  step: 2650624, training/num_rb_samples: 52.515 +/- 0.000
2025-11-17 06:22:35 INFO    |  step: 2650624, training/rb_grad_mean_norm: 0.693 +/- 0.000
2025-11-17 06:22:35 INFO    |  step: 2650624, training/rb_grad_trvar: 24.034 +/- 0.000
2025-11-17 06:22:35 INFO    |  step: 2650624, eval/episode_reward: 10.520 +/- 0.000
2025-11-17 06:22:35 INFO    |  step: 2650624, eval/episode_success: 10.520 +/- 0.000
2025-11-17 06:22:35 INFO    |  step: 2650624, eval/episode_success_easy: 100.812 +/- 0.000
2025-11-17 06:22:35 INFO    |  step: 2650624, eval/episode_dist: 4149.147 +/- 0.000
2025-11-17 06:22:35 INFO    |  step: 2650624, eval/episode_success_any: 0.031 +/- 0.000
2025-11-17 06:22:35 INFO    |  step: 2650624, eval/episode_reward_ctrl: 0.000 +/- 0.000
2025-11-17 06:22:35 INFO    |  step: 2650624, eval/episode_reward_dist: 0.000 +/- 0.000
2025-11-17 06:22:35 INFO    |  step: 2650624, eval/episode_reward_near: 0.000 +/- 0.000
2025-11-17 06:22:35 INFO    |  step: 2650624, eval/episode_reward_survive: 0.000 +/- 0.000
2025-11-17 06:22:35 INFO    |  step: 2650624, eval/episode_success_hard: 0.000 +/- 0.000
2025-11-17 06:23:00 INFO    |  actor input shape: (10000, 31)
2025-11-17 06:23:00 INFO    |  encoder input shape: (10000, 37)
2025-11-17 06:23:00 INFO    |  encoder input shape: (10000, 2)
2025-11-17 06:23:00 INFO    |  actor input shape: (10000, 31)
2025-11-17 06:23:00 INFO    |  encoder input shape: (10000, 37)
2025-11-17 06:23:00 INFO    |  encoder input shape: (10000, 2)
2025-11-17 06:23:01 INFO    |  actor input shape: (10000, 31)
2025-11-17 06:23:01 INFO    |  encoder input shape: (10000, 37)
2025-11-17 06:23:01 INFO    |  encoder input shape: (10000, 2)
2025-11-17 06:23:01 INFO    |  Plotted visualizations at env step 3047424.0
2025-11-17 06:23:03 INFO    |  step: 3047424
2025-11-17 06:23:03 INFO    |  step: 3047424, training/sps: 15183.656 +/- 0.000
2025-11-17 06:23:03 INFO    |  step: 3047424, training/actor_loss: 2.562 +/- 0.000
2025-11-17 06:23:03 INFO    |  step: 3047424, training/adaptive_mixing: 0.004 +/- 0.000
2025-11-17 06:23:03 INFO    |  step: 3047424, training/alpha_loss: 0.000 +/- 0.000
2025-11-17 06:23:03 INFO    |  step: 3047424, training/critic_loss: 2.631 +/- 0.000
2025-11-17 06:23:03 INFO    |  step: 3047424, training/entropy: -3.997 +/- 0.000
2025-11-17 06:23:03 INFO    |  step: 3047424, training/env_grad_mean_norm: 0.362 +/- 0.000
2025-11-17 06:23:03 INFO    |  step: 3047424, training/env_grad_trvar: 26.769 +/- 0.000
2025-11-17 06:23:03 INFO    |  step: 3047424, training/env_rb_bias_squared: 0.988 +/- 0.000
2025-11-17 06:23:03 INFO    |  step: 3047424, training/log_alpha: -5.032 +/- 0.000
2025-11-17 06:23:03 INFO    |  step: 3047424, training/num_env_samples: 221.027 +/- 0.000
2025-11-17 06:23:03 INFO    |  step: 3047424, training/num_rb_samples: 34.973 +/- 0.000
2025-11-17 06:23:03 INFO    |  step: 3047424, training/rb_grad_mean_norm: 0.908 +/- 0.000
2025-11-17 06:23:03 INFO    |  step: 3047424, training/rb_grad_trvar: 26.489 +/- 0.000
2025-11-17 06:23:03 INFO    |  step: 3047424, eval/episode_reward: 40.078 +/- 0.000
2025-11-17 06:23:03 INFO    |  step: 3047424, eval/episode_success: 40.078 +/- 0.000
2025-11-17 06:23:03 INFO    |  step: 3047424, eval/episode_success_easy: 290.402 +/- 0.000
2025-11-17 06:23:03 INFO    |  step: 3047424, eval/episode_dist: 2766.805 +/- 0.000
2025-11-17 06:23:03 INFO    |  step: 3047424, eval/episode_success_any: 0.148 +/- 0.000
2025-11-17 06:23:03 INFO    |  step: 3047424, eval/episode_reward_ctrl: 0.000 +/- 0.000
2025-11-17 06:23:03 INFO    |  step: 3047424, eval/episode_reward_dist: 0.000 +/- 0.000
2025-11-17 06:23:03 INFO    |  step: 3047424, eval/episode_reward_near: 0.000 +/- 0.000
2025-11-17 06:23:03 INFO    |  step: 3047424, eval/episode_reward_survive: 0.000 +/- 0.000
2025-11-17 06:23:03 INFO    |  step: 3047424, eval/episode_success_hard: 0.000 +/- 0.000
2025-11-17 06:23:27 INFO    |  actor input shape: (10000, 31)
2025-11-17 06:23:27 INFO    |  encoder input shape: (10000, 37)
2025-11-17 06:23:27 INFO    |  encoder input shape: (10000, 2)
2025-11-17 06:23:27 INFO    |  actor input shape: (10000, 31)
2025-11-17 06:23:27 INFO    |  encoder input shape: (10000, 37)
2025-11-17 06:23:27 INFO    |  encoder input shape: (10000, 2)
2025-11-17 06:23:28 INFO    |  actor input shape: (10000, 31)
2025-11-17 06:23:28 INFO    |  encoder input shape: (10000, 37)
2025-11-17 06:23:28 INFO    |  encoder input shape: (10000, 2)
2025-11-17 06:23:28 INFO    |  Plotted visualizations at env step 3444224.0
2025-11-17 06:23:30 INFO    |  step: 3444224
2025-11-17 06:23:30 INFO    |  step: 3444224, training/sps: 15766.291 +/- 0.000
2025-11-17 06:23:30 INFO    |  step: 3444224, training/actor_loss: 2.335 +/- 0.000
2025-11-17 06:23:30 INFO    |  step: 3444224, training/adaptive_mixing: 0.008 +/- 0.000
2025-11-17 06:23:30 INFO    |  step: 3444224, training/alpha_loss: 0.000 +/- 0.000
2025-11-17 06:23:30 INFO    |  step: 3444224, training/critic_loss: 2.380 +/- 0.000
2025-11-17 06:23:30 INFO    |  step: 3444224, training/entropy: -4.000 +/- 0.000
2025-11-17 06:23:30 INFO    |  step: 3444224, training/env_grad_mean_norm: 0.376 +/- 0.000
2025-11-17 06:23:30 INFO    |  step: 3444224, training/env_grad_trvar: 31.353 +/- 0.000
2025-11-17 06:23:30 INFO    |  step: 3444224, training/env_rb_bias_squared: 4.321 +/- 0.000
2025-11-17 06:23:30 INFO    |  step: 3444224, training/log_alpha: -5.045 +/- 0.000
2025-11-17 06:23:30 INFO    |  step: 3444224, training/num_env_samples: 244.565 +/- 0.000
2025-11-17 06:23:30 INFO    |  step: 3444224, training/num_rb_samples: 11.435 +/- 0.000
2025-11-17 06:23:30 INFO    |  step: 3444224, training/rb_grad_mean_norm: 1.804 +/- 0.000
2025-11-17 06:23:30 INFO    |  step: 3444224, training/rb_grad_trvar: 25.304 +/- 0.000
2025-11-17 06:23:30 INFO    |  step: 3444224, eval/episode_reward: 83.465 +/- 0.000
2025-11-17 06:23:30 INFO    |  step: 3444224, eval/episode_success: 83.465 +/- 0.000
2025-11-17 06:23:30 INFO    |  step: 3444224, eval/episode_success_easy: 302.617 +/- 0.000
2025-11-17 06:23:30 INFO    |  step: 3444224, eval/episode_dist: 2436.455 +/- 0.000
2025-11-17 06:23:30 INFO    |  step: 3444224, eval/episode_success_any: 0.277 +/- 0.000
2025-11-17 06:23:30 INFO    |  step: 3444224, eval/episode_reward_ctrl: 0.000 +/- 0.000
2025-11-17 06:23:30 INFO    |  step: 3444224, eval/episode_reward_dist: 0.000 +/- 0.000
2025-11-17 06:23:30 INFO    |  step: 3444224, eval/episode_reward_near: 0.000 +/- 0.000
2025-11-17 06:23:30 INFO    |  step: 3444224, eval/episode_reward_survive: 0.000 +/- 0.000
2025-11-17 06:23:30 INFO    |  step: 3444224, eval/episode_success_hard: 0.000 +/- 0.000
2025-11-17 06:23:53 INFO    |  actor input shape: (10000, 31)
2025-11-17 06:23:53 INFO    |  encoder input shape: (10000, 37)
2025-11-17 06:23:53 INFO    |  encoder input shape: (10000, 2)
2025-11-17 06:23:53 INFO    |  actor input shape: (10000, 31)
2025-11-17 06:23:53 INFO    |  encoder input shape: (10000, 37)
2025-11-17 06:23:53 INFO    |  encoder input shape: (10000, 2)
2025-11-17 06:23:53 INFO    |  actor input shape: (10000, 31)
2025-11-17 06:23:53 INFO    |  encoder input shape: (10000, 37)
2025-11-17 06:23:53 INFO    |  encoder input shape: (10000, 2)
2025-11-17 06:23:54 INFO    |  Plotted visualizations at env step 3841024.0
2025-11-17 06:23:55 INFO    |  step: 3841024
2025-11-17 06:23:55 INFO    |  step: 3841024, training/sps: 16589.563 +/- 0.000
2025-11-17 06:23:55 INFO    |  step: 3841024, training/actor_loss: 2.180 +/- 0.000
2025-11-17 06:23:55 INFO    |  step: 3841024, training/adaptive_mixing: 0.091 +/- 0.000
2025-11-17 06:23:55 INFO    |  step: 3841024, training/alpha_loss: 0.000 +/- 0.000
2025-11-17 06:23:55 INFO    |  step: 3841024, training/critic_loss: 2.203 +/- 0.000
2025-11-17 06:23:55 INFO    |  step: 3841024, training/entropy: -3.999 +/- 0.000
2025-11-17 06:23:55 INFO    |  step: 3841024, training/env_grad_mean_norm: 0.386 +/- 0.000
2025-11-17 06:23:55 INFO    |  step: 3841024, training/env_grad_trvar: 33.742 +/- 0.000
2025-11-17 06:23:55 INFO    |  step: 3841024, training/env_rb_bias_squared: 16.492 +/- 0.000
2025-11-17 06:23:55 INFO    |  step: 3841024, training/log_alpha: -5.058 +/- 0.000
2025-11-17 06:23:55 INFO    |  step: 3841024, training/num_env_samples: 253.936 +/- 0.000
2025-11-17 06:23:55 INFO    |  step: 3841024, training/num_rb_samples: 2.064 +/- 0.000
2025-11-17 06:23:55 INFO    |  step: 3841024, training/rb_grad_mean_norm: 3.105 +/- 0.000
2025-11-17 06:23:55 INFO    |  step: 3841024, training/rb_grad_trvar: 12.572 +/- 0.000
2025-11-17 06:23:55 INFO    |  step: 3841024, eval/episode_reward: 131.211 +/- 0.000
2025-11-17 06:23:55 INFO    |  step: 3841024, eval/episode_success: 131.211 +/- 0.000
2025-11-17 06:23:55 INFO    |  step: 3841024, eval/episode_success_easy: 379.172 +/- 0.000
2025-11-17 06:23:55 INFO    |  step: 3841024, eval/episode_dist: 2965.756 +/- 0.000
2025-11-17 06:23:55 INFO    |  step: 3841024, eval/episode_success_any: 0.391 +/- 0.000
2025-11-17 06:23:55 INFO    |  step: 3841024, eval/episode_reward_ctrl: 0.000 +/- 0.000
2025-11-17 06:23:55 INFO    |  step: 3841024, eval/episode_reward_dist: 0.000 +/- 0.000
2025-11-17 06:23:55 INFO    |  step: 3841024, eval/episode_reward_near: 0.000 +/- 0.000
2025-11-17 06:23:55 INFO    |  step: 3841024, eval/episode_reward_survive: 0.000 +/- 0.000
2025-11-17 06:23:55 INFO    |  step: 3841024, eval/episode_success_hard: 0.000 +/- 0.000
2025-11-17 06:24:18 INFO    |  actor input shape: (10000, 31)
2025-11-17 06:24:18 INFO    |  encoder input shape: (10000, 37)
2025-11-17 06:24:18 INFO    |  encoder input shape: (10000, 2)
2025-11-17 06:24:18 INFO    |  actor input shape: (10000, 31)
2025-11-17 06:24:18 INFO    |  encoder input shape: (10000, 37)
2025-11-17 06:24:18 INFO    |  encoder input shape: (10000, 2)
2025-11-17 06:24:18 INFO    |  actor input shape: (10000, 31)
2025-11-17 06:24:18 INFO    |  encoder input shape: (10000, 37)
2025-11-17 06:24:18 INFO    |  encoder input shape: (10000, 2)
2025-11-17 06:24:19 INFO    |  Plotted visualizations at env step 4237824.0
2025-11-17 06:24:21 INFO    |  step: 4237824
2025-11-17 06:24:21 INFO    |  step: 4237824, training/sps: 17044.023 +/- 0.000
2025-11-17 06:24:21 INFO    |  step: 4237824, training/actor_loss: 2.087 +/- 0.000
2025-11-17 06:24:21 INFO    |  step: 4237824, training/adaptive_mixing: 0.020 +/- 0.000
2025-11-17 06:24:21 INFO    |  step: 4237824, training/alpha_loss: 0.000 +/- 0.000
2025-11-17 06:24:21 INFO    |  step: 4237824, training/critic_loss: 2.105 +/- 0.000
2025-11-17 06:24:21 INFO    |  step: 4237824, training/entropy: -3.998 +/- 0.000
2025-11-17 06:24:21 INFO    |  step: 4237824, training/env_grad_mean_norm: 0.401 +/- 0.000
2025-11-17 06:24:21 INFO    |  step: 4237824, training/env_grad_trvar: 35.412 +/- 0.000
2025-11-17 06:24:21 INFO    |  step: 4237824, training/env_rb_bias_squared: 9.259 +/- 0.000
2025-11-17 06:24:21 INFO    |  step: 4237824, training/log_alpha: -5.055 +/- 0.000
2025-11-17 06:24:21 INFO    |  step: 4237824, training/num_env_samples: 250.740 +/- 0.000
2025-11-17 06:24:21 INFO    |  step: 4237824, training/num_rb_samples: 5.260 +/- 0.000
2025-11-17 06:24:21 INFO    |  step: 4237824, training/rb_grad_mean_norm: 2.656 +/- 0.000
2025-11-17 06:24:21 INFO    |  step: 4237824, training/rb_grad_trvar: 27.307 +/- 0.000
2025-11-17 06:24:21 INFO    |  step: 4237824, eval/episode_reward: 193.465 +/- 0.000
2025-11-17 06:24:21 INFO    |  step: 4237824, eval/episode_success: 193.465 +/- 0.000
2025-11-17 06:24:21 INFO    |  step: 4237824, eval/episode_success_easy: 539.902 +/- 0.000
2025-11-17 06:24:21 INFO    |  step: 4237824, eval/episode_dist: 2186.999 +/- 0.000
2025-11-17 06:24:21 INFO    |  step: 4237824, eval/episode_success_any: 0.539 +/- 0.000
2025-11-17 06:24:21 INFO    |  step: 4237824, eval/episode_reward_ctrl: 0.000 +/- 0.000
2025-11-17 06:24:21 INFO    |  step: 4237824, eval/episode_reward_dist: 0.000 +/- 0.000
2025-11-17 06:24:21 INFO    |  step: 4237824, eval/episode_reward_near: 0.000 +/- 0.000
2025-11-17 06:24:21 INFO    |  step: 4237824, eval/episode_reward_survive: 0.000 +/- 0.000
2025-11-17 06:24:21 INFO    |  step: 4237824, eval/episode_success_hard: 0.000 +/- 0.000
2025-11-17 06:24:42 INFO    |  actor input shape: (10000, 31)
2025-11-17 06:24:42 INFO    |  encoder input shape: (10000, 37)
2025-11-17 06:24:42 INFO    |  encoder input shape: (10000, 2)
2025-11-17 06:24:43 INFO    |  actor input shape: (10000, 31)
2025-11-17 06:24:43 INFO    |  encoder input shape: (10000, 37)
2025-11-17 06:24:43 INFO    |  encoder input shape: (10000, 2)
2025-11-17 06:24:43 INFO    |  actor input shape: (10000, 31)
2025-11-17 06:24:43 INFO    |  encoder input shape: (10000, 37)
2025-11-17 06:24:43 INFO    |  encoder input shape: (10000, 2)
2025-11-17 06:24:43 INFO    |  Plotted visualizations at env step 4634624.0
2025-11-17 06:24:45 INFO    |  step: 4634624
2025-11-17 06:24:47 INFO    |  actor input shape: (1, 31)
2025-11-17 06:25:04 INFO    |  step: 4634624, training/sps: 17599.744 +/- 0.000
2025-11-17 06:25:04 INFO    |  step: 4634624, training/actor_loss: 2.013 +/- 0.000
2025-11-17 06:25:04 INFO    |  step: 4634624, training/adaptive_mixing: 0.006 +/- 0.000
2025-11-17 06:25:04 INFO    |  step: 4634624, training/alpha_loss: -0.000 +/- 0.000
2025-11-17 06:25:04 INFO    |  step: 4634624, training/critic_loss: 2.033 +/- 0.000
2025-11-17 06:25:04 INFO    |  step: 4634624, training/entropy: -4.002 +/- 0.000
2025-11-17 06:25:04 INFO    |  step: 4634624, training/env_grad_mean_norm: 0.417 +/- 0.000
2025-11-17 06:25:04 INFO    |  step: 4634624, training/env_grad_trvar: 37.014 +/- 0.000
2025-11-17 06:25:04 INFO    |  step: 4634624, training/env_rb_bias_squared: 8.013 +/- 0.000
2025-11-17 06:25:04 INFO    |  step: 4634624, training/log_alpha: -5.039 +/- 0.000
2025-11-17 06:25:04 INFO    |  step: 4634624, training/num_env_samples: 249.758 +/- 0.000
2025-11-17 06:25:04 INFO    |  step: 4634624, training/num_rb_samples: 6.242 +/- 0.000
2025-11-17 06:25:04 INFO    |  step: 4634624, training/rb_grad_mean_norm: 2.533 +/- 0.000
2025-11-17 06:25:04 INFO    |  step: 4634624, training/rb_grad_trvar: 30.979 +/- 0.000
2025-11-17 06:25:04 INFO    |  step: 4634624, eval/episode_reward: 226.129 +/- 0.000
2025-11-17 06:25:04 INFO    |  step: 4634624, eval/episode_success: 226.129 +/- 0.000
2025-11-17 06:25:04 INFO    |  step: 4634624, eval/episode_success_easy: 544.570 +/- 0.000
2025-11-17 06:25:04 INFO    |  step: 4634624, eval/episode_dist: 2534.962 +/- 0.000
2025-11-17 06:25:04 INFO    |  step: 4634624, eval/episode_success_any: 0.535 +/- 0.000
2025-11-17 06:25:04 INFO    |  step: 4634624, eval/episode_reward_ctrl: 0.000 +/- 0.000
2025-11-17 06:25:04 INFO    |  step: 4634624, eval/episode_reward_dist: 0.000 +/- 0.000
2025-11-17 06:25:04 INFO    |  step: 4634624, eval/episode_reward_near: 0.000 +/- 0.000
2025-11-17 06:25:04 INFO    |  step: 4634624, eval/episode_reward_survive: 0.000 +/- 0.000
2025-11-17 06:25:04 INFO    |  step: 4634624, eval/episode_success_hard: 0.000 +/- 0.000
2025-11-17 06:25:25 INFO    |  actor input shape: (10000, 31)
2025-11-17 06:25:25 INFO    |  encoder input shape: (10000, 37)
2025-11-17 06:25:25 INFO    |  encoder input shape: (10000, 2)
2025-11-17 06:25:25 INFO    |  actor input shape: (10000, 31)
2025-11-17 06:25:25 INFO    |  encoder input shape: (10000, 37)
2025-11-17 06:25:25 INFO    |  encoder input shape: (10000, 2)
2025-11-17 06:25:26 INFO    |  actor input shape: (10000, 31)
2025-11-17 06:25:26 INFO    |  encoder input shape: (10000, 37)
2025-11-17 06:25:26 INFO    |  encoder input shape: (10000, 2)
2025-11-17 06:25:26 INFO    |  Plotted visualizations at env step 5031424.0
2025-11-17 06:25:28 INFO    |  step: 5031424
2025-11-17 06:25:28 INFO    |  step: 5031424, training/sps: 17943.997 +/- 0.000
2025-11-17 06:25:28 INFO    |  step: 5031424, training/actor_loss: 1.956 +/- 0.000
2025-11-17 06:25:28 INFO    |  step: 5031424, training/adaptive_mixing: 0.005 +/- 0.000
2025-11-17 06:25:28 INFO    |  step: 5031424, training/alpha_loss: 0.000 +/- 0.000
2025-11-17 06:25:28 INFO    |  step: 5031424, training/critic_loss: 1.985 +/- 0.000
2025-11-17 06:25:28 INFO    |  step: 5031424, training/entropy: -3.999 +/- 0.000
2025-11-17 06:25:28 INFO    |  step: 5031424, training/env_grad_mean_norm: 0.432 +/- 0.000
2025-11-17 06:25:28 INFO    |  step: 5031424, training/env_grad_trvar: 38.926 +/- 0.000
2025-11-17 06:25:28 INFO    |  step: 5031424, training/env_rb_bias_squared: 8.716 +/- 0.000
2025-11-17 06:25:28 INFO    |  step: 5031424, training/log_alpha: -5.014 +/- 0.000
2025-11-17 06:25:28 INFO    |  step: 5031424, training/num_env_samples: 250.020 +/- 0.000
2025-11-17 06:25:28 INFO    |  step: 5031424, training/num_rb_samples: 5.980 +/- 0.000
2025-11-17 06:25:28 INFO    |  step: 5031424, training/rb_grad_mean_norm: 2.641 +/- 0.000
2025-11-17 06:25:28 INFO    |  step: 5031424, training/rb_grad_trvar: 31.977 +/- 0.000
2025-11-17 06:25:28 INFO    |  step: 5031424, eval/episode_reward: 191.711 +/- 0.000
2025-11-17 06:25:28 INFO    |  step: 5031424, eval/episode_success: 191.711 +/- 0.000
2025-11-17 06:25:28 INFO    |  step: 5031424, eval/episode_success_easy: 529.930 +/- 0.000
2025-11-17 06:25:28 INFO    |  step: 5031424, eval/episode_dist: 2140.583 +/- 0.000
2025-11-17 06:25:28 INFO    |  step: 5031424, eval/episode_success_any: 0.531 +/- 0.000
2025-11-17 06:25:28 INFO    |  step: 5031424, eval/episode_reward_ctrl: 0.000 +/- 0.000
2025-11-17 06:25:28 INFO    |  step: 5031424, eval/episode_reward_dist: 0.000 +/- 0.000
2025-11-17 06:25:28 INFO    |  step: 5031424, eval/episode_reward_near: 0.000 +/- 0.000
2025-11-17 06:25:28 INFO    |  step: 5031424, eval/episode_reward_survive: 0.000 +/- 0.000
2025-11-17 06:25:28 INFO    |  step: 5031424, eval/episode_success_hard: 0.000 +/- 0.000
2025-11-17 06:25:49 INFO    |  actor input shape: (10000, 31)
2025-11-17 06:25:49 INFO    |  encoder input shape: (10000, 37)
2025-11-17 06:25:49 INFO    |  encoder input shape: (10000, 2)
2025-11-17 06:25:49 INFO    |  actor input shape: (10000, 31)
2025-11-17 06:25:49 INFO    |  encoder input shape: (10000, 37)
2025-11-17 06:25:49 INFO    |  encoder input shape: (10000, 2)
2025-11-17 06:25:49 INFO    |  actor input shape: (10000, 31)
2025-11-17 06:25:49 INFO    |  encoder input shape: (10000, 37)
2025-11-17 06:25:49 INFO    |  encoder input shape: (10000, 2)
2025-11-17 06:25:49 INFO    |  Plotted visualizations at env step 5428224.0
2025-11-17 06:25:51 INFO    |  step: 5428224
2025-11-17 06:25:51 INFO    |  step: 5428224, training/sps: 18394.228 +/- 0.000
2025-11-17 06:25:51 INFO    |  step: 5428224, training/actor_loss: 1.914 +/- 0.000
2025-11-17 06:25:51 INFO    |  step: 5428224, training/adaptive_mixing: 0.006 +/- 0.000
2025-11-17 06:25:51 INFO    |  step: 5428224, training/alpha_loss: -0.000 +/- 0.000
2025-11-17 06:25:51 INFO    |  step: 5428224, training/critic_loss: 1.963 +/- 0.000
2025-11-17 06:25:51 INFO    |  step: 5428224, training/entropy: -4.004 +/- 0.000
2025-11-17 06:25:51 INFO    |  step: 5428224, training/env_grad_mean_norm: 0.445 +/- 0.000
2025-11-17 06:25:51 INFO    |  step: 5428224, training/env_grad_trvar: 40.693 +/- 0.000
2025-11-17 06:25:51 INFO    |  step: 5428224, training/env_rb_bias_squared: 9.483 +/- 0.000
2025-11-17 06:25:51 INFO    |  step: 5428224, training/log_alpha: -4.970 +/- 0.000
2025-11-17 06:25:51 INFO    |  step: 5428224, training/num_env_samples: 250.168 +/- 0.000
2025-11-17 06:25:51 INFO    |  step: 5428224, training/num_rb_samples: 5.832 +/- 0.000
2025-11-17 06:25:51 INFO    |  step: 5428224, training/rb_grad_mean_norm: 2.736 +/- 0.000
2025-11-17 06:25:51 INFO    |  step: 5428224, training/rb_grad_trvar: 32.985 +/- 0.000
2025-11-17 06:25:51 INFO    |  step: 5428224, eval/episode_reward: 143.215 +/- 0.000
2025-11-17 06:25:51 INFO    |  step: 5428224, eval/episode_success: 143.215 +/- 0.000
2025-11-17 06:25:51 INFO    |  step: 5428224, eval/episode_success_easy: 458.367 +/- 0.000
2025-11-17 06:25:51 INFO    |  step: 5428224, eval/episode_dist: 2661.582 +/- 0.000
2025-11-17 06:25:51 INFO    |  step: 5428224, eval/episode_success_any: 0.398 +/- 0.000
2025-11-17 06:25:51 INFO    |  step: 5428224, eval/episode_reward_ctrl: 0.000 +/- 0.000
2025-11-17 06:25:51 INFO    |  step: 5428224, eval/episode_reward_dist: 0.000 +/- 0.000
2025-11-17 06:25:51 INFO    |  step: 5428224, eval/episode_reward_near: 0.000 +/- 0.000
2025-11-17 06:25:51 INFO    |  step: 5428224, eval/episode_reward_survive: 0.000 +/- 0.000
2025-11-17 06:25:51 INFO    |  step: 5428224, eval/episode_success_hard: 0.000 +/- 0.000
2025-11-17 06:26:12 INFO    |  actor input shape: (10000, 31)
2025-11-17 06:26:12 INFO    |  encoder input shape: (10000, 37)
2025-11-17 06:26:12 INFO    |  encoder input shape: (10000, 2)
2025-11-17 06:26:12 INFO    |  actor input shape: (10000, 31)
2025-11-17 06:26:12 INFO    |  encoder input shape: (10000, 37)
2025-11-17 06:26:12 INFO    |  encoder input shape: (10000, 2)
2025-11-17 06:26:12 INFO    |  actor input shape: (10000, 31)
2025-11-17 06:26:12 INFO    |  encoder input shape: (10000, 37)
2025-11-17 06:26:12 INFO    |  encoder input shape: (10000, 2)
2025-11-17 06:26:12 INFO    |  Plotted visualizations at env step 5825024.0
2025-11-17 06:26:14 INFO    |  step: 5825024
2025-11-17 06:26:14 INFO    |  step: 5825024, training/sps: 18722.721 +/- 0.000
2025-11-17 06:26:14 INFO    |  step: 5825024, training/actor_loss: 1.886 +/- 0.000
2025-11-17 06:26:14 INFO    |  step: 5825024, training/adaptive_mixing: 0.004 +/- 0.000
2025-11-17 06:26:14 INFO    |  step: 5825024, training/alpha_loss: -0.000 +/- 0.000
2025-11-17 06:26:14 INFO    |  step: 5825024, training/critic_loss: 1.944 +/- 0.000
2025-11-17 06:26:14 INFO    |  step: 5825024, training/entropy: -4.001 +/- 0.000
2025-11-17 06:26:14 INFO    |  step: 5825024, training/env_grad_mean_norm: 0.452 +/- 0.000
2025-11-17 06:26:14 INFO    |  step: 5825024, training/env_grad_trvar: 41.321 +/- 0.000
2025-11-17 06:26:14 INFO    |  step: 5825024, training/env_rb_bias_squared: 10.113 +/- 0.000
2025-11-17 06:26:14 INFO    |  step: 5825024, training/log_alpha: -4.949 +/- 0.000
2025-11-17 06:26:14 INFO    |  step: 5825024, training/num_env_samples: 250.308 +/- 0.000
2025-11-17 06:26:14 INFO    |  step: 5825024, training/num_rb_samples: 5.692 +/- 0.000
2025-11-17 06:26:14 INFO    |  step: 5825024, training/rb_grad_mean_norm: 2.819 +/- 0.000
2025-11-17 06:26:14 INFO    |  step: 5825024, training/rb_grad_trvar: 33.796 +/- 0.000
2025-11-17 06:26:14 INFO    |  step: 5825024, eval/episode_reward: 208.859 +/- 0.000
2025-11-17 06:26:14 INFO    |  step: 5825024, eval/episode_success: 208.859 +/- 0.000
2025-11-17 06:26:14 INFO    |  step: 5825024, eval/episode_success_easy: 455.102 +/- 0.000
2025-11-17 06:26:14 INFO    |  step: 5825024, eval/episode_dist: 2756.089 +/- 0.000
2025-11-17 06:26:14 INFO    |  step: 5825024, eval/episode_success_any: 0.504 +/- 0.000
2025-11-17 06:26:14 INFO    |  step: 5825024, eval/episode_reward_ctrl: 0.000 +/- 0.000
2025-11-17 06:26:14 INFO    |  step: 5825024, eval/episode_reward_dist: 0.000 +/- 0.000
2025-11-17 06:26:14 INFO    |  step: 5825024, eval/episode_reward_near: 0.000 +/- 0.000
2025-11-17 06:26:14 INFO    |  step: 5825024, eval/episode_reward_survive: 0.000 +/- 0.000
2025-11-17 06:26:14 INFO    |  step: 5825024, eval/episode_success_hard: 0.000 +/- 0.000
2025-11-17 06:26:35 INFO    |  actor input shape: (10000, 31)
2025-11-17 06:26:35 INFO    |  encoder input shape: (10000, 37)
2025-11-17 06:26:35 INFO    |  encoder input shape: (10000, 2)
2025-11-17 06:26:35 INFO    |  actor input shape: (10000, 31)
2025-11-17 06:26:35 INFO    |  encoder input shape: (10000, 37)
2025-11-17 06:26:35 INFO    |  encoder input shape: (10000, 2)
2025-11-17 06:26:35 INFO    |  actor input shape: (10000, 31)
2025-11-17 06:26:35 INFO    |  encoder input shape: (10000, 37)
2025-11-17 06:26:35 INFO    |  encoder input shape: (10000, 2)
2025-11-17 06:26:35 INFO    |  Plotted visualizations at env step 6221824.0
2025-11-17 06:26:37 INFO    |  step: 6221824
2025-11-17 06:26:37 INFO    |  step: 6221824, training/sps: 18690.354 +/- 0.000
2025-11-17 06:26:37 INFO    |  step: 6221824, training/actor_loss: 1.856 +/- 0.000
2025-11-17 06:26:37 INFO    |  step: 6221824, training/adaptive_mixing: 0.005 +/- 0.000
2025-11-17 06:26:37 INFO    |  step: 6221824, training/alpha_loss: -0.000 +/- 0.000
2025-11-17 06:26:37 INFO    |  step: 6221824, training/critic_loss: 1.928 +/- 0.000
2025-11-17 06:26:37 INFO    |  step: 6221824, training/entropy: -4.002 +/- 0.000
2025-11-17 06:26:37 INFO    |  step: 6221824, training/env_grad_mean_norm: 0.462 +/- 0.000
2025-11-17 06:26:37 INFO    |  step: 6221824, training/env_grad_trvar: 43.020 +/- 0.000
2025-11-17 06:26:37 INFO    |  step: 6221824, training/env_rb_bias_squared: 14.095 +/- 0.000
2025-11-17 06:26:37 INFO    |  step: 6221824, training/log_alpha: -4.904 +/- 0.000
2025-11-17 06:26:37 INFO    |  step: 6221824, training/num_env_samples: 251.224 +/- 0.000
2025-11-17 06:26:37 INFO    |  step: 6221824, training/num_rb_samples: 4.776 +/- 0.000
2025-11-17 06:26:37 INFO    |  step: 6221824, training/rb_grad_mean_norm: 3.179 +/- 0.000
2025-11-17 06:26:37 INFO    |  step: 6221824, training/rb_grad_trvar: 32.358 +/- 0.000
2025-11-17 06:26:37 INFO    |  step: 6221824, eval/episode_reward: 241.910 +/- 0.000
2025-11-17 06:26:37 INFO    |  step: 6221824, eval/episode_success: 241.910 +/- 0.000
2025-11-17 06:26:37 INFO    |  step: 6221824, eval/episode_success_easy: 533.387 +/- 0.000
2025-11-17 06:26:37 INFO    |  step: 6221824, eval/episode_dist: 2678.585 +/- 0.000
2025-11-17 06:26:37 INFO    |  step: 6221824, eval/episode_success_any: 0.516 +/- 0.000
2025-11-17 06:26:37 INFO    |  step: 6221824, eval/episode_reward_ctrl: 0.000 +/- 0.000
2025-11-17 06:26:37 INFO    |  step: 6221824, eval/episode_reward_dist: 0.000 +/- 0.000
2025-11-17 06:26:37 INFO    |  step: 6221824, eval/episode_reward_near: 0.000 +/- 0.000
2025-11-17 06:26:37 INFO    |  step: 6221824, eval/episode_reward_survive: 0.000 +/- 0.000
2025-11-17 06:26:37 INFO    |  step: 6221824, eval/episode_success_hard: 0.000 +/- 0.000
2025-11-17 06:26:57 INFO    |  actor input shape: (10000, 31)
2025-11-17 06:26:57 INFO    |  encoder input shape: (10000, 37)
2025-11-17 06:26:57 INFO    |  encoder input shape: (10000, 2)
2025-11-17 06:26:57 INFO    |  actor input shape: (10000, 31)
2025-11-17 06:26:57 INFO    |  encoder input shape: (10000, 37)
2025-11-17 06:26:57 INFO    |  encoder input shape: (10000, 2)
2025-11-17 06:26:58 INFO    |  actor input shape: (10000, 31)
2025-11-17 06:26:58 INFO    |  encoder input shape: (10000, 37)
2025-11-17 06:26:58 INFO    |  encoder input shape: (10000, 2)
2025-11-17 06:26:58 INFO    |  Plotted visualizations at env step 6618624.0
2025-11-17 06:27:00 INFO    |  step: 6618624
2025-11-17 06:27:01 INFO    |  actor input shape: (1, 31)
2025-11-17 06:27:18 INFO    |  step: 6618624, training/sps: 19245.705 +/- 0.000
2025-11-17 06:27:18 INFO    |  step: 6618624, training/actor_loss: 1.837 +/- 0.000
2025-11-17 06:27:18 INFO    |  step: 6618624, training/adaptive_mixing: 0.050 +/- 0.000
2025-11-17 06:27:18 INFO    |  step: 6618624, training/alpha_loss: 0.000 +/- 0.000
2025-11-17 06:27:18 INFO    |  step: 6618624, training/critic_loss: 1.913 +/- 0.000
2025-11-17 06:27:18 INFO    |  step: 6618624, training/entropy: -3.999 +/- 0.000
2025-11-17 06:27:18 INFO    |  step: 6618624, training/env_grad_mean_norm: 0.463 +/- 0.000
2025-11-17 06:27:18 INFO    |  step: 6618624, training/env_grad_trvar: 43.608 +/- 0.000
2025-11-17 06:27:18 INFO    |  step: 6618624, training/env_rb_bias_squared: 23.613 +/- 0.000
2025-11-17 06:27:18 INFO    |  step: 6618624, training/log_alpha: -4.879 +/- 0.000
2025-11-17 06:27:18 INFO    |  step: 6618624, training/num_env_samples: 254.078 +/- 0.000
2025-11-17 06:27:18 INFO    |  step: 6618624, training/num_rb_samples: 1.922 +/- 0.000
2025-11-17 06:27:18 INFO    |  step: 6618624, training/rb_grad_mean_norm: 3.700 +/- 0.000
2025-11-17 06:27:18 INFO    |  step: 6618624, training/rb_grad_trvar: 16.071 +/- 0.000
2025-11-17 06:27:18 INFO    |  step: 6618624, eval/episode_reward: 254.480 +/- 0.000
2025-11-17 06:27:18 INFO    |  step: 6618624, eval/episode_success: 254.480 +/- 0.000
2025-11-17 06:27:18 INFO    |  step: 6618624, eval/episode_success_easy: 546.590 +/- 0.000
2025-11-17 06:27:18 INFO    |  step: 6618624, eval/episode_dist: 2814.720 +/- 0.000
2025-11-17 06:27:18 INFO    |  step: 6618624, eval/episode_success_any: 0.527 +/- 0.000
2025-11-17 06:27:18 INFO    |  step: 6618624, eval/episode_reward_ctrl: 0.000 +/- 0.000
2025-11-17 06:27:18 INFO    |  step: 6618624, eval/episode_reward_dist: 0.000 +/- 0.000
2025-11-17 06:27:18 INFO    |  step: 6618624, eval/episode_reward_near: 0.000 +/- 0.000
2025-11-17 06:27:18 INFO    |  step: 6618624, eval/episode_reward_survive: 0.000 +/- 0.000
2025-11-17 06:27:18 INFO    |  step: 6618624, eval/episode_success_hard: 0.000 +/- 0.000
2025-11-17 06:27:38 INFO    |  actor input shape: (10000, 31)
2025-11-17 06:27:38 INFO    |  encoder input shape: (10000, 37)
2025-11-17 06:27:38 INFO    |  encoder input shape: (10000, 2)
2025-11-17 06:27:38 INFO    |  actor input shape: (10000, 31)
2025-11-17 06:27:38 INFO    |  encoder input shape: (10000, 37)
2025-11-17 06:27:38 INFO    |  encoder input shape: (10000, 2)
2025-11-17 06:27:38 INFO    |  actor input shape: (10000, 31)
2025-11-17 06:27:38 INFO    |  encoder input shape: (10000, 37)
2025-11-17 06:27:38 INFO    |  encoder input shape: (10000, 2)
2025-11-17 06:27:39 INFO    |  Plotted visualizations at env step 7015424.0
2025-11-17 06:27:40 INFO    |  step: 7015424
2025-11-17 06:27:40 INFO    |  step: 7015424, training/sps: 19488.971 +/- 0.000
2025-11-17 06:27:40 INFO    |  step: 7015424, training/actor_loss: 1.830 +/- 0.000
2025-11-17 06:27:40 INFO    |  step: 7015424, training/adaptive_mixing: 0.025 +/- 0.000
2025-11-17 06:27:40 INFO    |  step: 7015424, training/alpha_loss: -0.000 +/- 0.000
2025-11-17 06:27:40 INFO    |  step: 7015424, training/critic_loss: 1.913 +/- 0.000
2025-11-17 06:27:40 INFO    |  step: 7015424, training/entropy: -4.002 +/- 0.000
2025-11-17 06:27:40 INFO    |  step: 7015424, training/env_grad_mean_norm: 0.466 +/- 0.000
2025-11-17 06:27:40 INFO    |  step: 7015424, training/env_grad_trvar: 43.421 +/- 0.000
2025-11-17 06:27:40 INFO    |  step: 7015424, training/env_rb_bias_squared: 16.273 +/- 0.000
2025-11-17 06:27:40 INFO    |  step: 7015424, training/log_alpha: -4.865 +/- 0.000
2025-11-17 06:27:40 INFO    |  step: 7015424, training/num_env_samples: 252.500 +/- 0.000
2025-11-17 06:27:40 INFO    |  step: 7015424, training/num_rb_samples: 3.500 +/- 0.000
2025-11-17 06:27:40 INFO    |  step: 7015424, training/rb_grad_mean_norm: 3.378 +/- 0.000
2025-11-17 06:27:40 INFO    |  step: 7015424, training/rb_grad_trvar: 25.693 +/- 0.000
2025-11-17 06:27:40 INFO    |  step: 7015424, eval/episode_reward: 240.664 +/- 0.000
2025-11-17 06:27:40 INFO    |  step: 7015424, eval/episode_success: 240.664 +/- 0.000
2025-11-17 06:27:40 INFO    |  step: 7015424, eval/episode_success_easy: 591.316 +/- 0.000
2025-11-17 06:27:40 INFO    |  step: 7015424, eval/episode_dist: 2398.183 +/- 0.000
2025-11-17 06:27:40 INFO    |  step: 7015424, eval/episode_success_any: 0.500 +/- 0.000
2025-11-17 06:27:40 INFO    |  step: 7015424, eval/episode_reward_ctrl: 0.000 +/- 0.000
2025-11-17 06:27:40 INFO    |  step: 7015424, eval/episode_reward_dist: 0.000 +/- 0.000
2025-11-17 06:27:40 INFO    |  step: 7015424, eval/episode_reward_near: 0.000 +/- 0.000
2025-11-17 06:27:40 INFO    |  step: 7015424, eval/episode_reward_survive: 0.000 +/- 0.000
2025-11-17 06:27:40 INFO    |  step: 7015424, eval/episode_success_hard: 0.000 +/- 0.000
2025-11-17 06:28:00 INFO    |  actor input shape: (10000, 31)
2025-11-17 06:28:00 INFO    |  encoder input shape: (10000, 37)
2025-11-17 06:28:00 INFO    |  encoder input shape: (10000, 2)
2025-11-17 06:28:00 INFO    |  actor input shape: (10000, 31)
2025-11-17 06:28:00 INFO    |  encoder input shape: (10000, 37)
2025-11-17 06:28:00 INFO    |  encoder input shape: (10000, 2)
2025-11-17 06:28:00 INFO    |  actor input shape: (10000, 31)
2025-11-17 06:28:00 INFO    |  encoder input shape: (10000, 37)
2025-11-17 06:28:00 INFO    |  encoder input shape: (10000, 2)
2025-11-17 06:28:01 INFO    |  Plotted visualizations at env step 7412224.0
2025-11-17 06:28:02 INFO    |  step: 7412224
2025-11-17 06:28:02 INFO    |  step: 7412224, training/sps: 19595.984 +/- 0.000
2025-11-17 06:28:02 INFO    |  step: 7412224, training/actor_loss: 1.833 +/- 0.000
2025-11-17 06:28:02 INFO    |  step: 7412224, training/adaptive_mixing: 0.021 +/- 0.000
2025-11-17 06:28:02 INFO    |  step: 7412224, training/alpha_loss: 0.000 +/- 0.000
2025-11-17 06:28:02 INFO    |  step: 7412224, training/critic_loss: 1.919 +/- 0.000
2025-11-17 06:28:02 INFO    |  step: 7412224, training/entropy: -4.000 +/- 0.000
2025-11-17 06:28:02 INFO    |  step: 7412224, training/env_grad_mean_norm: 0.470 +/- 0.000
2025-11-17 06:28:02 INFO    |  step: 7412224, training/env_grad_trvar: 44.263 +/- 0.000
2025-11-17 06:28:02 INFO    |  step: 7412224, training/env_rb_bias_squared: 14.048 +/- 0.000
2025-11-17 06:28:02 INFO    |  step: 7412224, training/log_alpha: -4.852 +/- 0.000
2025-11-17 06:28:02 INFO    |  step: 7412224, training/num_env_samples: 251.694 +/- 0.000
2025-11-17 06:28:02 INFO    |  step: 7412224, training/num_rb_samples: 4.306 +/- 0.000
2025-11-17 06:28:02 INFO    |  step: 7412224, training/rb_grad_mean_norm: 3.249 +/- 0.000
2025-11-17 06:28:02 INFO    |  step: 7412224, training/rb_grad_trvar: 30.997 +/- 0.000
2025-11-17 06:28:02 INFO    |  step: 7412224, eval/episode_reward: 253.359 +/- 0.000
2025-11-17 06:28:02 INFO    |  step: 7412224, eval/episode_success: 253.359 +/- 0.000
2025-11-17 06:28:02 INFO    |  step: 7412224, eval/episode_success_easy: 564.617 +/- 0.000
2025-11-17 06:28:02 INFO    |  step: 7412224, eval/episode_dist: 2654.447 +/- 0.000
2025-11-17 06:28:02 INFO    |  step: 7412224, eval/episode_success_any: 0.539 +/- 0.000
2025-11-17 06:28:02 INFO    |  step: 7412224, eval/episode_reward_ctrl: 0.000 +/- 0.000
2025-11-17 06:28:02 INFO    |  step: 7412224, eval/episode_reward_dist: 0.000 +/- 0.000
2025-11-17 06:28:02 INFO    |  step: 7412224, eval/episode_reward_near: 0.000 +/- 0.000
2025-11-17 06:28:02 INFO    |  step: 7412224, eval/episode_reward_survive: 0.000 +/- 0.000
2025-11-17 06:28:02 INFO    |  step: 7412224, eval/episode_success_hard: 0.000 +/- 0.000
2025-11-17 06:28:22 INFO    |  actor input shape: (10000, 31)
2025-11-17 06:28:22 INFO    |  encoder input shape: (10000, 37)
2025-11-17 06:28:22 INFO    |  encoder input shape: (10000, 2)
2025-11-17 06:28:22 INFO    |  actor input shape: (10000, 31)
2025-11-17 06:28:22 INFO    |  encoder input shape: (10000, 37)
2025-11-17 06:28:22 INFO    |  encoder input shape: (10000, 2)
2025-11-17 06:28:22 INFO    |  actor input shape: (10000, 31)
2025-11-17 06:28:22 INFO    |  encoder input shape: (10000, 37)
2025-11-17 06:28:22 INFO    |  encoder input shape: (10000, 2)
2025-11-17 06:28:23 INFO    |  Plotted visualizations at env step 7809024.0
2025-11-17 06:28:24 INFO    |  step: 7809024
2025-11-17 06:28:24 INFO    |  step: 7809024, training/sps: 19699.484 +/- 0.000
2025-11-17 06:28:24 INFO    |  step: 7809024, training/actor_loss: 1.829 +/- 0.000
2025-11-17 06:28:24 INFO    |  step: 7809024, training/adaptive_mixing: 0.008 +/- 0.000
2025-11-17 06:28:24 INFO    |  step: 7809024, training/alpha_loss: -0.000 +/- 0.000
2025-11-17 06:28:24 INFO    |  step: 7809024, training/critic_loss: 1.911 +/- 0.000
2025-11-17 06:28:24 INFO    |  step: 7809024, training/entropy: -4.002 +/- 0.000
2025-11-17 06:28:24 INFO    |  step: 7809024, training/env_grad_mean_norm: 0.467 +/- 0.000
2025-11-17 06:28:24 INFO    |  step: 7809024, training/env_grad_trvar: 43.635 +/- 0.000
2025-11-17 06:28:24 INFO    |  step: 7809024, training/env_rb_bias_squared: 11.804 +/- 0.000
2025-11-17 06:28:24 INFO    |  step: 7809024, training/log_alpha: -4.840 +/- 0.000
2025-11-17 06:28:24 INFO    |  step: 7809024, training/num_env_samples: 250.963 +/- 0.000
2025-11-17 06:28:24 INFO    |  step: 7809024, training/num_rb_samples: 5.037 +/- 0.000
2025-11-17 06:28:24 INFO    |  step: 7809024, training/rb_grad_mean_norm: 3.027 +/- 0.000
2025-11-17 06:28:24 INFO    |  step: 7809024, training/rb_grad_trvar: 33.486 +/- 0.000
2025-11-17 06:28:24 INFO    |  step: 7809024, eval/episode_reward: 322.961 +/- 0.000
2025-11-17 06:28:24 INFO    |  step: 7809024, eval/episode_success: 322.961 +/- 0.000
2025-11-17 06:28:24 INFO    |  step: 7809024, eval/episode_success_easy: 603.594 +/- 0.000
2025-11-17 06:28:24 INFO    |  step: 7809024, eval/episode_dist: 2279.521 +/- 0.000
2025-11-17 06:28:24 INFO    |  step: 7809024, eval/episode_success_any: 0.605 +/- 0.000
2025-11-17 06:28:24 INFO    |  step: 7809024, eval/episode_reward_ctrl: 0.000 +/- 0.000
2025-11-17 06:28:24 INFO    |  step: 7809024, eval/episode_reward_dist: 0.000 +/- 0.000
2025-11-17 06:28:24 INFO    |  step: 7809024, eval/episode_reward_near: 0.000 +/- 0.000
2025-11-17 06:28:24 INFO    |  step: 7809024, eval/episode_reward_survive: 0.000 +/- 0.000
2025-11-17 06:28:24 INFO    |  step: 7809024, eval/episode_success_hard: 0.000 +/- 0.000
2025-11-17 06:28:44 INFO    |  actor input shape: (10000, 31)
2025-11-17 06:28:44 INFO    |  encoder input shape: (10000, 37)
2025-11-17 06:28:44 INFO    |  encoder input shape: (10000, 2)
2025-11-17 06:28:44 INFO    |  actor input shape: (10000, 31)
2025-11-17 06:28:44 INFO    |  encoder input shape: (10000, 37)
2025-11-17 06:28:44 INFO    |  encoder input shape: (10000, 2)
2025-11-17 06:28:44 INFO    |  actor input shape: (10000, 31)
2025-11-17 06:28:44 INFO    |  encoder input shape: (10000, 37)
2025-11-17 06:28:44 INFO    |  encoder input shape: (10000, 2)
2025-11-17 06:28:45 INFO    |  Plotted visualizations at env step 8205824.0
2025-11-17 06:28:46 INFO    |  step: 8205824
2025-11-17 06:28:46 INFO    |  step: 8205824, training/sps: 19748.304 +/- 0.000
2025-11-17 06:28:46 INFO    |  step: 8205824, training/actor_loss: 1.817 +/- 0.000
2025-11-17 06:28:46 INFO    |  step: 8205824, training/adaptive_mixing: 0.004 +/- 0.000
2025-11-17 06:28:46 INFO    |  step: 8205824, training/alpha_loss: 0.000 +/- 0.000
2025-11-17 06:28:46 INFO    |  step: 8205824, training/critic_loss: 1.904 +/- 0.000
2025-11-17 06:28:46 INFO    |  step: 8205824, training/entropy: -3.998 +/- 0.000
2025-11-17 06:28:46 INFO    |  step: 8205824, training/env_grad_mean_norm: 0.473 +/- 0.000
2025-11-17 06:28:46 INFO    |  step: 8205824, training/env_grad_trvar: 44.320 +/- 0.000
2025-11-17 06:28:46 INFO    |  step: 8205824, training/env_rb_bias_squared: 12.240 +/- 0.000
2025-11-17 06:28:46 INFO    |  step: 8205824, training/log_alpha: -4.822 +/- 0.000
2025-11-17 06:28:46 INFO    |  step: 8205824, training/num_env_samples: 251.242 +/- 0.000
2025-11-17 06:28:46 INFO    |  step: 8205824, training/num_rb_samples: 4.758 +/- 0.000
2025-11-17 06:28:46 INFO    |  step: 8205824, training/rb_grad_mean_norm: 3.087 +/- 0.000
2025-11-17 06:28:46 INFO    |  step: 8205824, training/rb_grad_trvar: 32.495 +/- 0.000
2025-11-17 06:28:46 INFO    |  step: 8205824, eval/episode_reward: 324.262 +/- 0.000
2025-11-17 06:28:46 INFO    |  step: 8205824, eval/episode_success: 324.262 +/- 0.000
2025-11-17 06:28:46 INFO    |  step: 8205824, eval/episode_success_easy: 592.285 +/- 0.000
2025-11-17 06:28:46 INFO    |  step: 8205824, eval/episode_dist: 2442.062 +/- 0.000
2025-11-17 06:28:46 INFO    |  step: 8205824, eval/episode_success_any: 0.594 +/- 0.000
2025-11-17 06:28:46 INFO    |  step: 8205824, eval/episode_reward_ctrl: 0.000 +/- 0.000
2025-11-17 06:28:46 INFO    |  step: 8205824, eval/episode_reward_dist: 0.000 +/- 0.000
2025-11-17 06:28:46 INFO    |  step: 8205824, eval/episode_reward_near: 0.000 +/- 0.000
2025-11-17 06:28:46 INFO    |  step: 8205824, eval/episode_reward_survive: 0.000 +/- 0.000
2025-11-17 06:28:46 INFO    |  step: 8205824, eval/episode_success_hard: 0.000 +/- 0.000
2025-11-17 06:29:06 INFO    |  actor input shape: (10000, 31)
2025-11-17 06:29:06 INFO    |  encoder input shape: (10000, 37)
2025-11-17 06:29:06 INFO    |  encoder input shape: (10000, 2)
2025-11-17 06:29:06 INFO    |  actor input shape: (10000, 31)
2025-11-17 06:29:06 INFO    |  encoder input shape: (10000, 37)
2025-11-17 06:29:06 INFO    |  encoder input shape: (10000, 2)
2025-11-17 06:29:06 INFO    |  actor input shape: (10000, 31)
2025-11-17 06:29:06 INFO    |  encoder input shape: (10000, 37)
2025-11-17 06:29:06 INFO    |  encoder input shape: (10000, 2)
2025-11-17 06:29:06 INFO    |  Plotted visualizations at env step 8602624.0
2025-11-17 06:29:08 INFO    |  step: 8602624
2025-11-17 06:29:10 INFO    |  actor input shape: (1, 31)
2025-11-17 06:29:28 INFO    |  step: 8602624, training/sps: 19738.748 +/- 0.000
2025-11-17 06:29:28 INFO    |  step: 8602624, training/actor_loss: 1.804 +/- 0.000
2025-11-17 06:29:28 INFO    |  step: 8602624, training/adaptive_mixing: 0.025 +/- 0.000
2025-11-17 06:29:28 INFO    |  step: 8602624, training/alpha_loss: -0.000 +/- 0.000
2025-11-17 06:29:28 INFO    |  step: 8602624, training/critic_loss: 1.886 +/- 0.000
2025-11-17 06:29:28 INFO    |  step: 8602624, training/entropy: -4.002 +/- 0.000
2025-11-17 06:29:28 INFO    |  step: 8602624, training/env_grad_mean_norm: 0.478 +/- 0.000
2025-11-17 06:29:28 INFO    |  step: 8602624, training/env_grad_trvar: 45.166 +/- 0.000
2025-11-17 06:29:28 INFO    |  step: 8602624, training/env_rb_bias_squared: 12.399 +/- 0.000
2025-11-17 06:29:28 INFO    |  step: 8602624, training/log_alpha: -4.813 +/- 0.000
2025-11-17 06:29:28 INFO    |  step: 8602624, training/num_env_samples: 251.096 +/- 0.000
2025-11-17 06:29:28 INFO    |  step: 8602624, training/num_rb_samples: 4.904 +/- 0.000
2025-11-17 06:29:28 INFO    |  step: 8602624, training/rb_grad_mean_norm: 3.098 +/- 0.000
2025-11-17 06:29:28 INFO    |  step: 8602624, training/rb_grad_trvar: 33.823 +/- 0.000
2025-11-17 06:29:28 INFO    |  step: 8602624, eval/episode_reward: 184.500 +/- 0.000
2025-11-17 06:29:28 INFO    |  step: 8602624, eval/episode_success: 184.500 +/- 0.000
2025-11-17 06:29:28 INFO    |  step: 8602624, eval/episode_success_easy: 435.957 +/- 0.000
2025-11-17 06:29:28 INFO    |  step: 8602624, eval/episode_dist: 3813.184 +/- 0.000
2025-11-17 06:29:28 INFO    |  step: 8602624, eval/episode_success_any: 0.418 +/- 0.000
2025-11-17 06:29:28 INFO    |  step: 8602624, eval/episode_reward_ctrl: 0.000 +/- 0.000
2025-11-17 06:29:28 INFO    |  step: 8602624, eval/episode_reward_dist: 0.000 +/- 0.000
2025-11-17 06:29:28 INFO    |  step: 8602624, eval/episode_reward_near: 0.000 +/- 0.000
2025-11-17 06:29:28 INFO    |  step: 8602624, eval/episode_reward_survive: 0.000 +/- 0.000
2025-11-17 06:29:28 INFO    |  step: 8602624, eval/episode_success_hard: 0.000 +/- 0.000
2025-11-17 06:29:47 INFO    |  actor input shape: (10000, 31)
2025-11-17 06:29:47 INFO    |  encoder input shape: (10000, 37)
2025-11-17 06:29:47 INFO    |  encoder input shape: (10000, 2)
2025-11-17 06:29:48 INFO    |  actor input shape: (10000, 31)
2025-11-17 06:29:48 INFO    |  encoder input shape: (10000, 37)
2025-11-17 06:29:48 INFO    |  encoder input shape: (10000, 2)
2025-11-17 06:29:48 INFO    |  actor input shape: (10000, 31)
2025-11-17 06:29:48 INFO    |  encoder input shape: (10000, 37)
2025-11-17 06:29:48 INFO    |  encoder input shape: (10000, 2)
2025-11-17 06:29:48 INFO    |  Plotted visualizations at env step 8999424.0
2025-11-17 06:29:50 INFO    |  step: 8999424
2025-11-17 06:29:50 INFO    |  step: 8999424, training/sps: 19651.174 +/- 0.000
2025-11-17 06:29:50 INFO    |  step: 8999424, training/actor_loss: 1.798 +/- 0.000
2025-11-17 06:29:50 INFO    |  step: 8999424, training/adaptive_mixing: 0.005 +/- 0.000
2025-11-17 06:29:50 INFO    |  step: 8999424, training/alpha_loss: -0.000 +/- 0.000
2025-11-17 06:29:50 INFO    |  step: 8999424, training/critic_loss: 1.881 +/- 0.000
2025-11-17 06:29:50 INFO    |  step: 8999424, training/entropy: -4.001 +/- 0.000
2025-11-17 06:29:50 INFO    |  step: 8999424, training/env_grad_mean_norm: 0.478 +/- 0.000
2025-11-17 06:29:50 INFO    |  step: 8999424, training/env_grad_trvar: 45.140 +/- 0.000
2025-11-17 06:29:50 INFO    |  step: 8999424, training/env_rb_bias_squared: 12.683 +/- 0.000
2025-11-17 06:29:50 INFO    |  step: 8999424, training/log_alpha: -4.792 +/- 0.000
2025-11-17 06:29:50 INFO    |  step: 8999424, training/num_env_samples: 250.926 +/- 0.000
2025-11-17 06:29:50 INFO    |  step: 8999424, training/num_rb_samples: 5.074 +/- 0.000
2025-11-17 06:29:50 INFO    |  step: 8999424, training/rb_grad_mean_norm: 3.104 +/- 0.000
2025-11-17 06:29:50 INFO    |  step: 8999424, training/rb_grad_trvar: 34.951 +/- 0.000
2025-11-17 06:29:50 INFO    |  step: 8999424, eval/episode_reward: 302.891 +/- 0.000
2025-11-17 06:29:50 INFO    |  step: 8999424, eval/episode_success: 302.891 +/- 0.000
2025-11-17 06:29:50 INFO    |  step: 8999424, eval/episode_success_easy: 563.582 +/- 0.000
2025-11-17 06:29:50 INFO    |  step: 8999424, eval/episode_dist: 2855.911 +/- 0.000
2025-11-17 06:29:50 INFO    |  step: 8999424, eval/episode_success_any: 0.594 +/- 0.000
2025-11-17 06:29:50 INFO    |  step: 8999424, eval/episode_reward_ctrl: 0.000 +/- 0.000
2025-11-17 06:29:50 INFO    |  step: 8999424, eval/episode_reward_dist: 0.000 +/- 0.000
2025-11-17 06:29:50 INFO    |  step: 8999424, eval/episode_reward_near: 0.000 +/- 0.000
2025-11-17 06:29:50 INFO    |  step: 8999424, eval/episode_reward_survive: 0.000 +/- 0.000
2025-11-17 06:29:50 INFO    |  step: 8999424, eval/episode_success_hard: 0.000 +/- 0.000
2025-11-17 06:30:09 INFO    |  actor input shape: (10000, 31)
2025-11-17 06:30:09 INFO    |  encoder input shape: (10000, 37)
2025-11-17 06:30:09 INFO    |  encoder input shape: (10000, 2)
2025-11-17 06:30:10 INFO    |  actor input shape: (10000, 31)
2025-11-17 06:30:10 INFO    |  encoder input shape: (10000, 37)
2025-11-17 06:30:10 INFO    |  encoder input shape: (10000, 2)
2025-11-17 06:30:10 INFO    |  actor input shape: (10000, 31)
2025-11-17 06:30:10 INFO    |  encoder input shape: (10000, 37)
2025-11-17 06:30:10 INFO    |  encoder input shape: (10000, 2)
2025-11-17 06:30:10 INFO    |  Plotted visualizations at env step 9396224.0
2025-11-17 06:30:12 INFO    |  step: 9396224
2025-11-17 06:30:12 INFO    |  step: 9396224, training/sps: 19739.006 +/- 0.000
2025-11-17 06:30:12 INFO    |  step: 9396224, training/actor_loss: 1.782 +/- 0.000
2025-11-17 06:30:12 INFO    |  step: 9396224, training/adaptive_mixing: 0.003 +/- 0.000
2025-11-17 06:30:12 INFO    |  step: 9396224, training/alpha_loss: 0.000 +/- 0.000
2025-11-17 06:30:12 INFO    |  step: 9396224, training/critic_loss: 1.861 +/- 0.000
2025-11-17 06:30:12 INFO    |  step: 9396224, training/entropy: -3.999 +/- 0.000
2025-11-17 06:30:12 INFO    |  step: 9396224, training/env_grad_mean_norm: 0.476 +/- 0.000
2025-11-17 06:30:12 INFO    |  step: 9396224, training/env_grad_trvar: 44.654 +/- 0.000
2025-11-17 06:30:12 INFO    |  step: 9396224, training/env_rb_bias_squared: 19.386 +/- 0.000
2025-11-17 06:30:12 INFO    |  step: 9396224, training/log_alpha: -4.791 +/- 0.000
2025-11-17 06:30:12 INFO    |  step: 9396224, training/num_env_samples: 252.786 +/- 0.000
2025-11-17 06:30:12 INFO    |  step: 9396224, training/num_rb_samples: 3.214 +/- 0.000
2025-11-17 06:30:12 INFO    |  step: 9396224, training/rb_grad_mean_norm: 3.688 +/- 0.000
2025-11-17 06:30:12 INFO    |  step: 9396224, training/rb_grad_trvar: 27.607 +/- 0.000
2025-11-17 06:30:12 INFO    |  step: 9396224, eval/episode_reward: 386.746 +/- 0.000
2025-11-17 06:30:12 INFO    |  step: 9396224, eval/episode_success: 386.746 +/- 0.000
2025-11-17 06:30:12 INFO    |  step: 9396224, eval/episode_success_easy: 604.762 +/- 0.000
2025-11-17 06:30:12 INFO    |  step: 9396224, eval/episode_dist: 2100.901 +/- 0.000
2025-11-17 06:30:12 INFO    |  step: 9396224, eval/episode_success_any: 0.641 +/- 0.000
2025-11-17 06:30:12 INFO    |  step: 9396224, eval/episode_reward_ctrl: 0.000 +/- 0.000
2025-11-17 06:30:12 INFO    |  step: 9396224, eval/episode_reward_dist: 0.000 +/- 0.000
2025-11-17 06:30:12 INFO    |  step: 9396224, eval/episode_reward_near: 0.000 +/- 0.000
2025-11-17 06:30:12 INFO    |  step: 9396224, eval/episode_reward_survive: 0.000 +/- 0.000
2025-11-17 06:30:12 INFO    |  step: 9396224, eval/episode_success_hard: 0.000 +/- 0.000
2025-11-17 06:30:31 INFO    |  actor input shape: (10000, 31)
2025-11-17 06:30:31 INFO    |  encoder input shape: (10000, 37)
2025-11-17 06:30:31 INFO    |  encoder input shape: (10000, 2)
2025-11-17 06:30:31 INFO    |  actor input shape: (10000, 31)
2025-11-17 06:30:31 INFO    |  encoder input shape: (10000, 37)
2025-11-17 06:30:31 INFO    |  encoder input shape: (10000, 2)
2025-11-17 06:30:32 INFO    |  actor input shape: (10000, 31)
2025-11-17 06:30:32 INFO    |  encoder input shape: (10000, 37)
2025-11-17 06:30:32 INFO    |  encoder input shape: (10000, 2)
2025-11-17 06:30:32 INFO    |  Plotted visualizations at env step 9793024.0
2025-11-17 06:30:34 INFO    |  step: 9793024
2025-11-17 06:30:34 INFO    |  step: 9793024, training/sps: 19891.484 +/- 0.000
2025-11-17 06:30:34 INFO    |  step: 9793024, training/actor_loss: 1.774 +/- 0.000
2025-11-17 06:30:34 INFO    |  step: 9793024, training/adaptive_mixing: 0.035 +/- 0.000
2025-11-17 06:30:34 INFO    |  step: 9793024, training/alpha_loss: 0.000 +/- 0.000
2025-11-17 06:30:34 INFO    |  step: 9793024, training/critic_loss: 1.846 +/- 0.000
2025-11-17 06:30:34 INFO    |  step: 9793024, training/entropy: -3.999 +/- 0.000
2025-11-17 06:30:34 INFO    |  step: 9793024, training/env_grad_mean_norm: 0.481 +/- 0.000
2025-11-17 06:30:34 INFO    |  step: 9793024, training/env_grad_trvar: 45.834 +/- 0.000
2025-11-17 06:30:34 INFO    |  step: 9793024, training/env_rb_bias_squared: 22.940 +/- 0.000
2025-11-17 06:30:34 INFO    |  step: 9793024, training/log_alpha: -4.783 +/- 0.000
2025-11-17 06:30:34 INFO    |  step: 9793024, training/num_env_samples: 253.466 +/- 0.000
2025-11-17 06:30:34 INFO    |  step: 9793024, training/num_rb_samples: 2.534 +/- 0.000
2025-11-17 06:30:34 INFO    |  step: 9793024, training/rb_grad_mean_norm: 3.864 +/- 0.000
2025-11-17 06:30:34 INFO    |  step: 9793024, training/rb_grad_trvar: 23.306 +/- 0.000
2025-11-17 06:30:34 INFO    |  step: 9793024, eval/episode_reward: 225.773 +/- 0.000
2025-11-17 06:30:34 INFO    |  step: 9793024, eval/episode_success: 225.773 +/- 0.000
2025-11-17 06:30:34 INFO    |  step: 9793024, eval/episode_success_easy: 533.066 +/- 0.000
2025-11-17 06:30:34 INFO    |  step: 9793024, eval/episode_dist: 3047.984 +/- 0.000
2025-11-17 06:30:34 INFO    |  step: 9793024, eval/episode_success_any: 0.484 +/- 0.000
2025-11-17 06:30:34 INFO    |  step: 9793024, eval/episode_reward_ctrl: 0.000 +/- 0.000
2025-11-17 06:30:34 INFO    |  step: 9793024, eval/episode_reward_dist: 0.000 +/- 0.000
2025-11-17 06:30:34 INFO    |  step: 9793024, eval/episode_reward_near: 0.000 +/- 0.000
2025-11-17 06:30:34 INFO    |  step: 9793024, eval/episode_reward_survive: 0.000 +/- 0.000
2025-11-17 06:30:34 INFO    |  step: 9793024, eval/episode_success_hard: 0.000 +/- 0.000
2025-11-17 06:30:53 INFO    |  actor input shape: (10000, 31)
2025-11-17 06:30:53 INFO    |  encoder input shape: (10000, 37)
2025-11-17 06:30:53 INFO    |  encoder input shape: (10000, 2)
2025-11-17 06:30:53 INFO    |  actor input shape: (10000, 31)
2025-11-17 06:30:53 INFO    |  encoder input shape: (10000, 37)
2025-11-17 06:30:53 INFO    |  encoder input shape: (10000, 2)
2025-11-17 06:30:53 INFO    |  actor input shape: (10000, 31)
2025-11-17 06:30:53 INFO    |  encoder input shape: (10000, 37)
2025-11-17 06:30:53 INFO    |  encoder input shape: (10000, 2)
2025-11-17 06:30:54 INFO    |  Plotted visualizations at env step 10189824.0
2025-11-17 06:30:56 INFO    |  step: 10189824
2025-11-17 06:30:56 INFO    |  step: 10189824, training/sps: 19861.845 +/- 0.000
2025-11-17 06:30:56 INFO    |  step: 10189824, training/actor_loss: 1.771 +/- 0.000
2025-11-17 06:30:56 INFO    |  step: 10189824, training/adaptive_mixing: 0.020 +/- 0.000
2025-11-17 06:30:56 INFO    |  step: 10189824, training/alpha_loss: -0.000 +/- 0.000
2025-11-17 06:30:56 INFO    |  step: 10189824, training/critic_loss: 1.841 +/- 0.000
2025-11-17 06:30:56 INFO    |  step: 10189824, training/entropy: -4.002 +/- 0.000
2025-11-17 06:30:56 INFO    |  step: 10189824, training/env_grad_mean_norm: 0.473 +/- 0.000
2025-11-17 06:30:56 INFO    |  step: 10189824, training/env_grad_trvar: 44.649 +/- 0.000
2025-11-17 06:30:56 INFO    |  step: 10189824, training/env_rb_bias_squared: 18.460 +/- 0.000
2025-11-17 06:30:56 INFO    |  step: 10189824, training/log_alpha: -4.779 +/- 0.000
2025-11-17 06:30:56 INFO    |  step: 10189824, training/num_env_samples: 252.456 +/- 0.000
2025-11-17 06:30:56 INFO    |  step: 10189824, training/num_rb_samples: 3.544 +/- 0.000
2025-11-17 06:30:56 INFO    |  step: 10189824, training/rb_grad_mean_norm: 3.579 +/- 0.000
2025-11-17 06:30:56 INFO    |  step: 10189824, training/rb_grad_trvar: 29.477 +/- 0.000
2025-11-17 06:30:56 INFO    |  step: 10189824, eval/episode_reward: 344.965 +/- 0.000
2025-11-17 06:30:56 INFO    |  step: 10189824, eval/episode_success: 344.965 +/- 0.000
2025-11-17 06:30:56 INFO    |  step: 10189824, eval/episode_success_easy: 591.559 +/- 0.000
2025-11-17 06:30:56 INFO    |  step: 10189824, eval/episode_dist: 2237.771 +/- 0.000
2025-11-17 06:30:56 INFO    |  step: 10189824, eval/episode_success_any: 0.570 +/- 0.000
2025-11-17 06:30:56 INFO    |  step: 10189824, eval/episode_reward_ctrl: 0.000 +/- 0.000
2025-11-17 06:30:56 INFO    |  step: 10189824, eval/episode_reward_dist: 0.000 +/- 0.000
2025-11-17 06:30:56 INFO    |  step: 10189824, eval/episode_reward_near: 0.000 +/- 0.000
2025-11-17 06:30:56 INFO    |  step: 10189824, eval/episode_reward_survive: 0.000 +/- 0.000
2025-11-17 06:30:56 INFO    |  step: 10189824, eval/episode_success_hard: 0.000 +/- 0.000
2025-11-17 06:31:15 INFO    |  actor input shape: (10000, 31)
2025-11-17 06:31:15 INFO    |  encoder input shape: (10000, 37)
2025-11-17 06:31:15 INFO    |  encoder input shape: (10000, 2)
2025-11-17 06:31:15 INFO    |  actor input shape: (10000, 31)
2025-11-17 06:31:15 INFO    |  encoder input shape: (10000, 37)
2025-11-17 06:31:15 INFO    |  encoder input shape: (10000, 2)
2025-11-17 06:31:15 INFO    |  actor input shape: (10000, 31)
2025-11-17 06:31:15 INFO    |  encoder input shape: (10000, 37)
2025-11-17 06:31:15 INFO    |  encoder input shape: (10000, 2)
2025-11-17 06:31:15 INFO    |  Plotted visualizations at env step 10586624.0
2025-11-17 06:31:17 INFO    |  step: 10586624
2025-11-17 06:31:19 INFO    |  actor input shape: (1, 31)
2025-11-17 06:31:37 INFO    |  step: 10586624, training/sps: 19897.992 +/- 0.000
2025-11-17 06:31:37 INFO    |  step: 10586624, training/actor_loss: 1.778 +/- 0.000
2025-11-17 06:31:37 INFO    |  step: 10586624, training/adaptive_mixing: 0.003 +/- 0.000
2025-11-17 06:31:37 INFO    |  step: 10586624, training/alpha_loss: 0.000 +/- 0.000
2025-11-17 06:31:37 INFO    |  step: 10586624, training/critic_loss: 1.837 +/- 0.000
2025-11-17 06:31:37 INFO    |  step: 10586624, training/entropy: -3.998 +/- 0.000
2025-11-17 06:31:37 INFO    |  step: 10586624, training/env_grad_mean_norm: 0.469 +/- 0.000
2025-11-17 06:31:37 INFO    |  step: 10586624, training/env_grad_trvar: 43.936 +/- 0.000
2025-11-17 06:31:37 INFO    |  step: 10586624, training/env_rb_bias_squared: 16.628 +/- 0.000
2025-11-17 06:31:37 INFO    |  step: 10586624, training/log_alpha: -4.786 +/- 0.000
2025-11-17 06:31:37 INFO    |  step: 10586624, training/num_env_samples: 251.936 +/- 0.000
2025-11-17 06:31:37 INFO    |  step: 10586624, training/num_rb_samples: 4.064 +/- 0.000
2025-11-17 06:31:37 INFO    |  step: 10586624, training/rb_grad_mean_norm: 3.433 +/- 0.000
2025-11-17 06:31:37 INFO    |  step: 10586624, training/rb_grad_trvar: 32.358 +/- 0.000
2025-11-17 06:31:37 INFO    |  step: 10586624, eval/episode_reward: 307.316 +/- 0.000
2025-11-17 06:31:37 INFO    |  step: 10586624, eval/episode_success: 307.316 +/- 0.000
2025-11-17 06:31:37 INFO    |  step: 10586624, eval/episode_success_easy: 575.234 +/- 0.000
2025-11-17 06:31:37 INFO    |  step: 10586624, eval/episode_dist: 2334.422 +/- 0.000
2025-11-17 06:31:37 INFO    |  step: 10586624, eval/episode_success_any: 0.574 +/- 0.000
2025-11-17 06:31:37 INFO    |  step: 10586624, eval/episode_reward_ctrl: 0.000 +/- 0.000
2025-11-17 06:31:37 INFO    |  step: 10586624, eval/episode_reward_dist: 0.000 +/- 0.000
2025-11-17 06:31:37 INFO    |  step: 10586624, eval/episode_reward_near: 0.000 +/- 0.000
2025-11-17 06:31:37 INFO    |  step: 10586624, eval/episode_reward_survive: 0.000 +/- 0.000
2025-11-17 06:31:37 INFO    |  step: 10586624, eval/episode_success_hard: 0.000 +/- 0.000
2025-11-17 06:31:56 INFO    |  actor input shape: (10000, 31)
2025-11-17 06:31:56 INFO    |  encoder input shape: (10000, 37)
2025-11-17 06:31:56 INFO    |  encoder input shape: (10000, 2)
2025-11-17 06:31:57 INFO    |  actor input shape: (10000, 31)
2025-11-17 06:31:57 INFO    |  encoder input shape: (10000, 37)
2025-11-17 06:31:57 INFO    |  encoder input shape: (10000, 2)
2025-11-17 06:31:57 INFO    |  actor input shape: (10000, 31)
2025-11-17 06:31:57 INFO    |  encoder input shape: (10000, 37)
2025-11-17 06:31:57 INFO    |  encoder input shape: (10000, 2)
2025-11-17 06:31:57 INFO    |  Plotted visualizations at env step 10983424.0
2025-11-17 06:31:59 INFO    |  step: 10983424
2025-11-17 06:31:59 INFO    |  step: 10983424, training/sps: 19693.342 +/- 0.000
2025-11-17 06:31:59 INFO    |  step: 10983424, training/actor_loss: 1.779 +/- 0.000
2025-11-17 06:31:59 INFO    |  step: 10983424, training/adaptive_mixing: 0.005 +/- 0.000
2025-11-17 06:31:59 INFO    |  step: 10983424, training/alpha_loss: -0.000 +/- 0.000
2025-11-17 06:31:59 INFO    |  step: 10983424, training/critic_loss: 1.829 +/- 0.000
2025-11-17 06:31:59 INFO    |  step: 10983424, training/entropy: -4.001 +/- 0.000
2025-11-17 06:31:59 INFO    |  step: 10983424, training/env_grad_mean_norm: 0.465 +/- 0.000
2025-11-17 06:31:59 INFO    |  step: 10983424, training/env_grad_trvar: 43.485 +/- 0.000
2025-11-17 06:31:59 INFO    |  step: 10983424, training/env_rb_bias_squared: 16.115 +/- 0.000
2025-11-17 06:31:59 INFO    |  step: 10983424, training/log_alpha: -4.796 +/- 0.000
2025-11-17 06:31:59 INFO    |  step: 10983424, training/num_env_samples: 251.929 +/- 0.000
2025-11-17 06:31:59 INFO    |  step: 10983424, training/num_rb_samples: 4.071 +/- 0.000
2025-11-17 06:31:59 INFO    |  step: 10983424, training/rb_grad_mean_norm: 3.438 +/- 0.000
2025-11-17 06:31:59 INFO    |  step: 10983424, training/rb_grad_trvar: 32.272 +/- 0.000
2025-11-17 06:31:59 INFO    |  step: 10983424, eval/episode_reward: 284.945 +/- 0.000
2025-11-17 06:31:59 INFO    |  step: 10983424, eval/episode_success: 284.945 +/- 0.000
2025-11-17 06:31:59 INFO    |  step: 10983424, eval/episode_success_easy: 480.188 +/- 0.000
2025-11-17 06:31:59 INFO    |  step: 10983424, eval/episode_dist: 2773.291 +/- 0.000
2025-11-17 06:31:59 INFO    |  step: 10983424, eval/episode_success_any: 0.508 +/- 0.000
2025-11-17 06:31:59 INFO    |  step: 10983424, eval/episode_reward_ctrl: 0.000 +/- 0.000
2025-11-17 06:31:59 INFO    |  step: 10983424, eval/episode_reward_dist: 0.000 +/- 0.000
2025-11-17 06:31:59 INFO    |  step: 10983424, eval/episode_reward_near: 0.000 +/- 0.000
2025-11-17 06:31:59 INFO    |  step: 10983424, eval/episode_reward_survive: 0.000 +/- 0.000
2025-11-17 06:31:59 INFO    |  step: 10983424, eval/episode_success_hard: 0.000 +/- 0.000
2025-11-17 06:32:18 INFO    |  actor input shape: (10000, 31)
2025-11-17 06:32:18 INFO    |  encoder input shape: (10000, 37)
2025-11-17 06:32:18 INFO    |  encoder input shape: (10000, 2)
2025-11-17 06:32:19 INFO    |  actor input shape: (10000, 31)
2025-11-17 06:32:19 INFO    |  encoder input shape: (10000, 37)
2025-11-17 06:32:19 INFO    |  encoder input shape: (10000, 2)
2025-11-17 06:32:19 INFO    |  actor input shape: (10000, 31)
2025-11-17 06:32:19 INFO    |  encoder input shape: (10000, 37)
2025-11-17 06:32:19 INFO    |  encoder input shape: (10000, 2)
2025-11-17 06:32:19 INFO    |  Plotted visualizations at env step 11380224.0
2025-11-17 06:32:21 INFO    |  step: 11380224
2025-11-17 06:32:21 INFO    |  step: 11380224, training/sps: 19722.615 +/- 0.000
2025-11-17 06:32:21 INFO    |  step: 11380224, training/actor_loss: 1.774 +/- 0.000
2025-11-17 06:32:21 INFO    |  step: 11380224, training/adaptive_mixing: 0.020 +/- 0.000
2025-11-17 06:32:21 INFO    |  step: 11380224, training/alpha_loss: 0.000 +/- 0.000
2025-11-17 06:32:21 INFO    |  step: 11380224, training/critic_loss: 1.818 +/- 0.000
2025-11-17 06:32:21 INFO    |  step: 11380224, training/entropy: -3.998 +/- 0.000
2025-11-17 06:32:21 INFO    |  step: 11380224, training/env_grad_mean_norm: 0.466 +/- 0.000
2025-11-17 06:32:21 INFO    |  step: 11380224, training/env_grad_trvar: 43.968 +/- 0.000
2025-11-17 06:32:21 INFO    |  step: 11380224, training/env_rb_bias_squared: 18.643 +/- 0.000
2025-11-17 06:32:21 INFO    |  step: 11380224, training/log_alpha: -4.791 +/- 0.000
2025-11-17 06:32:21 INFO    |  step: 11380224, training/num_env_samples: 252.662 +/- 0.000
2025-11-17 06:32:21 INFO    |  step: 11380224, training/num_rb_samples: 3.338 +/- 0.000
2025-11-17 06:32:21 INFO    |  step: 11380224, training/rb_grad_mean_norm: 3.634 +/- 0.000
2025-11-17 06:32:21 INFO    |  step: 11380224, training/rb_grad_trvar: 28.429 +/- 0.000
2025-11-17 06:32:21 INFO    |  step: 11380224, eval/episode_reward: 320.195 +/- 0.000
2025-11-17 06:32:21 INFO    |  step: 11380224, eval/episode_success: 320.195 +/- 0.000
2025-11-17 06:32:21 INFO    |  step: 11380224, eval/episode_success_easy: 533.871 +/- 0.000
2025-11-17 06:32:21 INFO    |  step: 11380224, eval/episode_dist: 2245.637 +/- 0.000
2025-11-17 06:32:21 INFO    |  step: 11380224, eval/episode_success_any: 0.574 +/- 0.000
2025-11-17 06:32:21 INFO    |  step: 11380224, eval/episode_reward_ctrl: 0.000 +/- 0.000
2025-11-17 06:32:21 INFO    |  step: 11380224, eval/episode_reward_dist: 0.000 +/- 0.000
2025-11-17 06:32:21 INFO    |  step: 11380224, eval/episode_reward_near: 0.000 +/- 0.000
2025-11-17 06:32:21 INFO    |  step: 11380224, eval/episode_reward_survive: 0.000 +/- 0.000
2025-11-17 06:32:21 INFO    |  step: 11380224, eval/episode_success_hard: 0.000 +/- 0.000
2025-11-17 06:32:40 INFO    |  actor input shape: (10000, 31)
2025-11-17 06:32:40 INFO    |  encoder input shape: (10000, 37)
2025-11-17 06:32:40 INFO    |  encoder input shape: (10000, 2)
2025-11-17 06:32:40 INFO    |  actor input shape: (10000, 31)
2025-11-17 06:32:40 INFO    |  encoder input shape: (10000, 37)
2025-11-17 06:32:40 INFO    |  encoder input shape: (10000, 2)
2025-11-17 06:32:41 INFO    |  actor input shape: (10000, 31)
2025-11-17 06:32:41 INFO    |  encoder input shape: (10000, 37)
2025-11-17 06:32:41 INFO    |  encoder input shape: (10000, 2)
2025-11-17 06:32:41 INFO    |  Plotted visualizations at env step 11777024.0
2025-11-17 06:32:43 INFO    |  step: 11777024
2025-11-17 06:32:43 INFO    |  step: 11777024, training/sps: 19895.073 +/- 0.000
2025-11-17 06:32:43 INFO    |  step: 11777024, training/actor_loss: 1.783 +/- 0.000
2025-11-17 06:32:43 INFO    |  step: 11777024, training/adaptive_mixing: 0.006 +/- 0.000
2025-11-17 06:32:43 INFO    |  step: 11777024, training/alpha_loss: -0.000 +/- 0.000
2025-11-17 06:32:43 INFO    |  step: 11777024, training/critic_loss: 1.830 +/- 0.000
2025-11-17 06:32:43 INFO    |  step: 11777024, training/entropy: -4.001 +/- 0.000
2025-11-17 06:32:43 INFO    |  step: 11777024, training/env_grad_mean_norm: 0.459 +/- 0.000
2025-11-17 06:32:43 INFO    |  step: 11777024, training/env_grad_trvar: 42.896 +/- 0.000
2025-11-17 06:32:43 INFO    |  step: 11777024, training/env_rb_bias_squared: 16.923 +/- 0.000
2025-11-17 06:32:43 INFO    |  step: 11777024, training/log_alpha: -4.789 +/- 0.000
2025-11-17 06:32:43 INFO    |  step: 11777024, training/num_env_samples: 252.206 +/- 0.000
2025-11-17 06:32:43 INFO    |  step: 11777024, training/num_rb_samples: 3.794 +/- 0.000
2025-11-17 06:32:43 INFO    |  step: 11777024, training/rb_grad_mean_norm: 3.488 +/- 0.000
2025-11-17 06:32:43 INFO    |  step: 11777024, training/rb_grad_trvar: 30.593 +/- 0.000
2025-11-17 06:32:43 INFO    |  step: 11777024, eval/episode_reward: 271.641 +/- 0.000
2025-11-17 06:32:43 INFO    |  step: 11777024, eval/episode_success: 271.641 +/- 0.000
2025-11-17 06:32:43 INFO    |  step: 11777024, eval/episode_success_easy: 468.207 +/- 0.000
2025-11-17 06:32:43 INFO    |  step: 11777024, eval/episode_dist: 2973.524 +/- 0.000
2025-11-17 06:32:43 INFO    |  step: 11777024, eval/episode_success_any: 0.504 +/- 0.000
2025-11-17 06:32:43 INFO    |  step: 11777024, eval/episode_reward_ctrl: 0.000 +/- 0.000
2025-11-17 06:32:43 INFO    |  step: 11777024, eval/episode_reward_dist: 0.000 +/- 0.000
2025-11-17 06:32:43 INFO    |  step: 11777024, eval/episode_reward_near: 0.000 +/- 0.000
2025-11-17 06:32:43 INFO    |  step: 11777024, eval/episode_reward_survive: 0.000 +/- 0.000
2025-11-17 06:32:43 INFO    |  step: 11777024, eval/episode_success_hard: 0.000 +/- 0.000
2025-11-17 06:33:02 INFO    |  actor input shape: (10000, 31)
2025-11-17 06:33:02 INFO    |  encoder input shape: (10000, 37)
2025-11-17 06:33:02 INFO    |  encoder input shape: (10000, 2)
2025-11-17 06:33:02 INFO    |  actor input shape: (10000, 31)
2025-11-17 06:33:02 INFO    |  encoder input shape: (10000, 37)
2025-11-17 06:33:02 INFO    |  encoder input shape: (10000, 2)
2025-11-17 06:33:03 INFO    |  actor input shape: (10000, 31)
2025-11-17 06:33:03 INFO    |  encoder input shape: (10000, 37)
2025-11-17 06:33:03 INFO    |  encoder input shape: (10000, 2)
2025-11-17 06:33:03 INFO    |  Plotted visualizations at env step 12173824.0
2025-11-17 06:33:05 INFO    |  step: 12173824
2025-11-17 06:33:05 INFO    |  step: 12173824, training/sps: 19688.726 +/- 0.000
2025-11-17 06:33:05 INFO    |  step: 12173824, training/actor_loss: 1.794 +/- 0.000
2025-11-17 06:33:05 INFO    |  step: 12173824, training/adaptive_mixing: 0.003 +/- 0.000
2025-11-17 06:33:05 INFO    |  step: 12173824, training/alpha_loss: 0.000 +/- 0.000
2025-11-17 06:33:05 INFO    |  step: 12173824, training/critic_loss: 1.837 +/- 0.000
2025-11-17 06:33:05 INFO    |  step: 12173824, training/entropy: -4.000 +/- 0.000
2025-11-17 06:33:05 INFO    |  step: 12173824, training/env_grad_mean_norm: 0.451 +/- 0.000
2025-11-17 06:33:05 INFO    |  step: 12173824, training/env_grad_trvar: 41.882 +/- 0.000
2025-11-17 06:33:05 INFO    |  step: 12173824, training/env_rb_bias_squared: 16.558 +/- 0.000
2025-11-17 06:33:05 INFO    |  step: 12173824, training/log_alpha: -4.795 +/- 0.000
2025-11-17 06:33:05 INFO    |  step: 12173824, training/num_env_samples: 252.190 +/- 0.000
2025-11-17 06:33:05 INFO    |  step: 12173824, training/num_rb_samples: 3.810 +/- 0.000
2025-11-17 06:33:05 INFO    |  step: 12173824, training/rb_grad_mean_norm: 3.448 +/- 0.000
2025-11-17 06:33:05 INFO    |  step: 12173824, training/rb_grad_trvar: 30.051 +/- 0.000
2025-11-17 06:33:05 INFO    |  step: 12173824, eval/episode_reward: 257.094 +/- 0.000
2025-11-17 06:33:05 INFO    |  step: 12173824, eval/episode_success: 257.094 +/- 0.000
2025-11-17 06:33:05 INFO    |  step: 12173824, eval/episode_success_easy: 497.324 +/- 0.000
2025-11-17 06:33:05 INFO    |  step: 12173824, eval/episode_dist: 2720.057 +/- 0.000
2025-11-17 06:33:05 INFO    |  step: 12173824, eval/episode_success_any: 0.504 +/- 0.000
2025-11-17 06:33:05 INFO    |  step: 12173824, eval/episode_reward_ctrl: 0.000 +/- 0.000
2025-11-17 06:33:05 INFO    |  step: 12173824, eval/episode_reward_dist: 0.000 +/- 0.000
2025-11-17 06:33:05 INFO    |  step: 12173824, eval/episode_reward_near: 0.000 +/- 0.000
2025-11-17 06:33:05 INFO    |  step: 12173824, eval/episode_reward_survive: 0.000 +/- 0.000
2025-11-17 06:33:05 INFO    |  step: 12173824, eval/episode_success_hard: 0.000 +/- 0.000
2025-11-17 06:33:24 INFO    |  actor input shape: (10000, 31)
2025-11-17 06:33:24 INFO    |  encoder input shape: (10000, 37)
2025-11-17 06:33:24 INFO    |  encoder input shape: (10000, 2)
2025-11-17 06:33:24 INFO    |  actor input shape: (10000, 31)
2025-11-17 06:33:24 INFO    |  encoder input shape: (10000, 37)
2025-11-17 06:33:24 INFO    |  encoder input shape: (10000, 2)
2025-11-17 06:33:24 INFO    |  actor input shape: (10000, 31)
2025-11-17 06:33:24 INFO    |  encoder input shape: (10000, 37)
2025-11-17 06:33:24 INFO    |  encoder input shape: (10000, 2)
2025-11-17 06:33:25 INFO    |  Plotted visualizations at env step 12570624.0
2025-11-17 06:33:26 INFO    |  step: 12570624
2025-11-17 06:33:28 INFO    |  actor input shape: (1, 31)
2025-11-17 06:33:46 INFO    |  step: 12570624, training/sps: 19893.758 +/- 0.000
2025-11-17 06:33:46 INFO    |  step: 12570624, training/actor_loss: 1.780 +/- 0.000
2025-11-17 06:33:46 INFO    |  step: 12570624, training/adaptive_mixing: 0.042 +/- 0.000
2025-11-17 06:33:46 INFO    |  step: 12570624, training/alpha_loss: 0.000 +/- 0.000
2025-11-17 06:33:46 INFO    |  step: 12570624, training/critic_loss: 1.825 +/- 0.000
2025-11-17 06:33:46 INFO    |  step: 12570624, training/entropy: -3.999 +/- 0.000
2025-11-17 06:33:46 INFO    |  step: 12570624, training/env_grad_mean_norm: 0.452 +/- 0.000
2025-11-17 06:33:46 INFO    |  step: 12570624, training/env_grad_trvar: 42.060 +/- 0.000
2025-11-17 06:33:46 INFO    |  step: 12570624, training/env_rb_bias_squared: 22.139 +/- 0.000
2025-11-17 06:33:46 INFO    |  step: 12570624, training/log_alpha: -4.788 +/- 0.000
2025-11-17 06:33:46 INFO    |  step: 12570624, training/num_env_samples: 253.797 +/- 0.000
2025-11-17 06:33:46 INFO    |  step: 12570624, training/num_rb_samples: 2.203 +/- 0.000
2025-11-17 06:33:46 INFO    |  step: 12570624, training/rb_grad_mean_norm: 3.725 +/- 0.000
2025-11-17 06:33:46 INFO    |  step: 12570624, training/rb_grad_trvar: 18.905 +/- 0.000
2025-11-17 06:33:46 INFO    |  step: 12570624, eval/episode_reward: 233.496 +/- 0.000
2025-11-17 06:33:46 INFO    |  step: 12570624, eval/episode_success: 233.496 +/- 0.000
2025-11-17 06:33:46 INFO    |  step: 12570624, eval/episode_success_easy: 504.039 +/- 0.000
2025-11-17 06:33:46 INFO    |  step: 12570624, eval/episode_dist: 2513.625 +/- 0.000
2025-11-17 06:33:46 INFO    |  step: 12570624, eval/episode_success_any: 0.480 +/- 0.000
2025-11-17 06:33:46 INFO    |  step: 12570624, eval/episode_reward_ctrl: 0.000 +/- 0.000
2025-11-17 06:33:46 INFO    |  step: 12570624, eval/episode_reward_dist: 0.000 +/- 0.000
2025-11-17 06:33:46 INFO    |  step: 12570624, eval/episode_reward_near: 0.000 +/- 0.000
2025-11-17 06:33:46 INFO    |  step: 12570624, eval/episode_reward_survive: 0.000 +/- 0.000
2025-11-17 06:33:46 INFO    |  step: 12570624, eval/episode_success_hard: 0.000 +/- 0.000
2025-11-17 06:34:06 INFO    |  actor input shape: (10000, 31)
2025-11-17 06:34:06 INFO    |  encoder input shape: (10000, 37)
2025-11-17 06:34:06 INFO    |  encoder input shape: (10000, 2)
2025-11-17 06:34:06 INFO    |  actor input shape: (10000, 31)
2025-11-17 06:34:06 INFO    |  encoder input shape: (10000, 37)
2025-11-17 06:34:06 INFO    |  encoder input shape: (10000, 2)
2025-11-17 06:34:06 INFO    |  actor input shape: (10000, 31)
2025-11-17 06:34:06 INFO    |  encoder input shape: (10000, 37)
2025-11-17 06:34:06 INFO    |  encoder input shape: (10000, 2)
2025-11-17 06:34:06 INFO    |  Plotted visualizations at env step 12967424.0
2025-11-17 06:34:08 INFO    |  step: 12967424
2025-11-17 06:34:08 INFO    |  step: 12967424, training/sps: 19304.166 +/- 0.000
2025-11-17 06:34:08 INFO    |  step: 12967424, training/actor_loss: 1.791 +/- 0.000
2025-11-17 06:34:08 INFO    |  step: 12967424, training/adaptive_mixing: 0.035 +/- 0.000
2025-11-17 06:34:08 INFO    |  step: 12967424, training/alpha_loss: -0.000 +/- 0.000
2025-11-17 06:34:08 INFO    |  step: 12967424, training/critic_loss: 1.832 +/- 0.000
2025-11-17 06:34:08 INFO    |  step: 12967424, training/entropy: -4.001 +/- 0.000
2025-11-17 06:34:08 INFO    |  step: 12967424, training/env_grad_mean_norm: 0.450 +/- 0.000
2025-11-17 06:34:08 INFO    |  step: 12967424, training/env_grad_trvar: 41.691 +/- 0.000
2025-11-17 06:34:08 INFO    |  step: 12967424, training/env_rb_bias_squared: 16.741 +/- 0.000
2025-11-17 06:34:08 INFO    |  step: 12967424, training/log_alpha: -4.783 +/- 0.000
2025-11-17 06:34:08 INFO    |  step: 12967424, training/num_env_samples: 252.320 +/- 0.000
2025-11-17 06:34:08 INFO    |  step: 12967424, training/num_rb_samples: 3.680 +/- 0.000
2025-11-17 06:34:08 INFO    |  step: 12967424, training/rb_grad_mean_norm: 3.412 +/- 0.000
2025-11-17 06:34:08 INFO    |  step: 12967424, training/rb_grad_trvar: 27.795 +/- 0.000
2025-11-17 06:34:08 INFO    |  step: 12967424, eval/episode_reward: 219.586 +/- 0.000
2025-11-17 06:34:08 INFO    |  step: 12967424, eval/episode_success: 219.586 +/- 0.000
2025-11-17 06:34:08 INFO    |  step: 12967424, eval/episode_success_easy: 469.336 +/- 0.000
2025-11-17 06:34:08 INFO    |  step: 12967424, eval/episode_dist: 2835.433 +/- 0.000
2025-11-17 06:34:08 INFO    |  step: 12967424, eval/episode_success_any: 0.492 +/- 0.000
2025-11-17 06:34:08 INFO    |  step: 12967424, eval/episode_reward_ctrl: 0.000 +/- 0.000
2025-11-17 06:34:08 INFO    |  step: 12967424, eval/episode_reward_dist: 0.000 +/- 0.000
2025-11-17 06:34:08 INFO    |  step: 12967424, eval/episode_reward_near: 0.000 +/- 0.000
2025-11-17 06:34:08 INFO    |  step: 12967424, eval/episode_reward_survive: 0.000 +/- 0.000
2025-11-17 06:34:08 INFO    |  step: 12967424, eval/episode_success_hard: 0.000 +/- 0.000
2025-11-17 06:34:28 INFO    |  actor input shape: (10000, 31)
2025-11-17 06:34:28 INFO    |  encoder input shape: (10000, 37)
2025-11-17 06:34:28 INFO    |  encoder input shape: (10000, 2)
2025-11-17 06:34:28 INFO    |  actor input shape: (10000, 31)
2025-11-17 06:34:28 INFO    |  encoder input shape: (10000, 37)
2025-11-17 06:34:28 INFO    |  encoder input shape: (10000, 2)
2025-11-17 06:34:28 INFO    |  actor input shape: (10000, 31)
2025-11-17 06:34:28 INFO    |  encoder input shape: (10000, 37)
2025-11-17 06:34:28 INFO    |  encoder input shape: (10000, 2)
2025-11-17 06:34:29 INFO    |  Plotted visualizations at env step 13364224.0
2025-11-17 06:34:30 INFO    |  step: 13364224
2025-11-17 06:34:30 INFO    |  step: 13364224, training/sps: 19555.230 +/- 0.000
2025-11-17 06:34:30 INFO    |  step: 13364224, training/actor_loss: 1.802 +/- 0.000
2025-11-17 06:34:30 INFO    |  step: 13364224, training/adaptive_mixing: 0.004 +/- 0.000
2025-11-17 06:34:30 INFO    |  step: 13364224, training/alpha_loss: 0.000 +/- 0.000
2025-11-17 06:34:30 INFO    |  step: 13364224, training/critic_loss: 1.842 +/- 0.000
2025-11-17 06:34:30 INFO    |  step: 13364224, training/entropy: -4.000 +/- 0.000
2025-11-17 06:34:30 INFO    |  step: 13364224, training/env_grad_mean_norm: 0.447 +/- 0.000
2025-11-17 06:34:30 INFO    |  step: 13364224, training/env_grad_trvar: 41.301 +/- 0.000
2025-11-17 06:34:30 INFO    |  step: 13364224, training/env_rb_bias_squared: 12.487 +/- 0.000
2025-11-17 06:34:30 INFO    |  step: 13364224, training/log_alpha: -4.778 +/- 0.000
2025-11-17 06:34:30 INFO    |  step: 13364224, training/num_env_samples: 251.189 +/- 0.000
2025-11-17 06:34:30 INFO    |  step: 13364224, training/num_rb_samples: 4.811 +/- 0.000
2025-11-17 06:34:30 INFO    |  step: 13364224, training/rb_grad_mean_norm: 3.078 +/- 0.000
2025-11-17 06:34:30 INFO    |  step: 13364224, training/rb_grad_trvar: 33.071 +/- 0.000
2025-11-17 06:34:30 INFO    |  step: 13364224, eval/episode_reward: 254.375 +/- 0.000
2025-11-17 06:34:30 INFO    |  step: 13364224, eval/episode_success: 254.375 +/- 0.000
2025-11-17 06:34:30 INFO    |  step: 13364224, eval/episode_success_easy: 538.758 +/- 0.000
2025-11-17 06:34:30 INFO    |  step: 13364224, eval/episode_dist: 1990.206 +/- 0.000
2025-11-17 06:34:30 INFO    |  step: 13364224, eval/episode_success_any: 0.469 +/- 0.000
2025-11-17 06:34:30 INFO    |  step: 13364224, eval/episode_reward_ctrl: 0.000 +/- 0.000
2025-11-17 06:34:30 INFO    |  step: 13364224, eval/episode_reward_dist: 0.000 +/- 0.000
2025-11-17 06:34:30 INFO    |  step: 13364224, eval/episode_reward_near: 0.000 +/- 0.000
2025-11-17 06:34:30 INFO    |  step: 13364224, eval/episode_reward_survive: 0.000 +/- 0.000
2025-11-17 06:34:30 INFO    |  step: 13364224, eval/episode_success_hard: 0.000 +/- 0.000
2025-11-17 06:34:50 INFO    |  actor input shape: (10000, 31)
2025-11-17 06:34:50 INFO    |  encoder input shape: (10000, 37)
2025-11-17 06:34:50 INFO    |  encoder input shape: (10000, 2)
2025-11-17 06:34:50 INFO    |  actor input shape: (10000, 31)
2025-11-17 06:34:50 INFO    |  encoder input shape: (10000, 37)
2025-11-17 06:34:50 INFO    |  encoder input shape: (10000, 2)
2025-11-17 06:34:50 INFO    |  actor input shape: (10000, 31)
2025-11-17 06:34:50 INFO    |  encoder input shape: (10000, 37)
2025-11-17 06:34:50 INFO    |  encoder input shape: (10000, 2)
2025-11-17 06:34:51 INFO    |  Plotted visualizations at env step 13761024.0
2025-11-17 06:34:52 INFO    |  step: 13761024
2025-11-17 06:34:52 INFO    |  step: 13761024, training/sps: 19541.680 +/- 0.000
2025-11-17 06:34:52 INFO    |  step: 13761024, training/actor_loss: 1.798 +/- 0.000
2025-11-17 06:34:52 INFO    |  step: 13761024, training/adaptive_mixing: 0.005 +/- 0.000
2025-11-17 06:34:52 INFO    |  step: 13761024, training/alpha_loss: -0.000 +/- 0.000
2025-11-17 06:34:52 INFO    |  step: 13761024, training/critic_loss: 1.834 +/- 0.000
2025-11-17 06:34:52 INFO    |  step: 13761024, training/entropy: -4.000 +/- 0.000
2025-11-17 06:34:52 INFO    |  step: 13761024, training/env_grad_mean_norm: 0.449 +/- 0.000
2025-11-17 06:34:52 INFO    |  step: 13761024, training/env_grad_trvar: 41.833 +/- 0.000
2025-11-17 06:34:52 INFO    |  step: 13761024, training/env_rb_bias_squared: 13.201 +/- 0.000
2025-11-17 06:34:52 INFO    |  step: 13761024, training/log_alpha: -4.773 +/- 0.000
2025-11-17 06:34:52 INFO    |  step: 13761024, training/num_env_samples: 251.383 +/- 0.000
2025-11-17 06:34:52 INFO    |  step: 13761024, training/num_rb_samples: 4.617 +/- 0.000
2025-11-17 06:34:52 INFO    |  step: 13761024, training/rb_grad_mean_norm: 3.159 +/- 0.000
2025-11-17 06:34:52 INFO    |  step: 13761024, training/rb_grad_trvar: 32.877 +/- 0.000
2025-11-17 06:34:52 INFO    |  step: 13761024, eval/episode_reward: 239.625 +/- 0.000
2025-11-17 06:34:52 INFO    |  step: 13761024, eval/episode_success: 239.625 +/- 0.000
2025-11-17 06:34:52 INFO    |  step: 13761024, eval/episode_success_easy: 542.617 +/- 0.000
2025-11-17 06:34:52 INFO    |  step: 13761024, eval/episode_dist: 2337.725 +/- 0.000
2025-11-17 06:34:52 INFO    |  step: 13761024, eval/episode_success_any: 0.492 +/- 0.000
2025-11-17 06:34:52 INFO    |  step: 13761024, eval/episode_reward_ctrl: 0.000 +/- 0.000
2025-11-17 06:34:52 INFO    |  step: 13761024, eval/episode_reward_dist: 0.000 +/- 0.000
2025-11-17 06:34:52 INFO    |  step: 13761024, eval/episode_reward_near: 0.000 +/- 0.000
2025-11-17 06:34:52 INFO    |  step: 13761024, eval/episode_reward_survive: 0.000 +/- 0.000
2025-11-17 06:34:52 INFO    |  step: 13761024, eval/episode_success_hard: 0.000 +/- 0.000
2025-11-17 06:35:12 INFO    |  actor input shape: (10000, 31)
2025-11-17 06:35:12 INFO    |  encoder input shape: (10000, 37)
2025-11-17 06:35:12 INFO    |  encoder input shape: (10000, 2)
2025-11-17 06:35:12 INFO    |  actor input shape: (10000, 31)
2025-11-17 06:35:12 INFO    |  encoder input shape: (10000, 37)
2025-11-17 06:35:12 INFO    |  encoder input shape: (10000, 2)
2025-11-17 06:35:12 INFO    |  actor input shape: (10000, 31)
2025-11-17 06:35:12 INFO    |  encoder input shape: (10000, 37)
2025-11-17 06:35:12 INFO    |  encoder input shape: (10000, 2)
2025-11-17 06:35:13 INFO    |  Plotted visualizations at env step 14157824.0
2025-11-17 06:35:14 INFO    |  step: 14157824
2025-11-17 06:35:14 INFO    |  step: 14157824, training/sps: 19621.434 +/- 0.000
2025-11-17 06:35:14 INFO    |  step: 14157824, training/actor_loss: 1.792 +/- 0.000
2025-11-17 06:35:14 INFO    |  step: 14157824, training/adaptive_mixing: 0.005 +/- 0.000
2025-11-17 06:35:14 INFO    |  step: 14157824, training/alpha_loss: 0.000 +/- 0.000
2025-11-17 06:35:14 INFO    |  step: 14157824, training/critic_loss: 1.827 +/- 0.000
2025-11-17 06:35:14 INFO    |  step: 14157824, training/entropy: -3.999 +/- 0.000
2025-11-17 06:35:14 INFO    |  step: 14157824, training/env_grad_mean_norm: 0.447 +/- 0.000
2025-11-17 06:35:14 INFO    |  step: 14157824, training/env_grad_trvar: 41.354 +/- 0.000
2025-11-17 06:35:14 INFO    |  step: 14157824, training/env_rb_bias_squared: 14.816 +/- 0.000
2025-11-17 06:35:14 INFO    |  step: 14157824, training/log_alpha: -4.778 +/- 0.000
2025-11-17 06:35:14 INFO    |  step: 14157824, training/num_env_samples: 251.780 +/- 0.000
2025-11-17 06:35:14 INFO    |  step: 14157824, training/num_rb_samples: 4.220 +/- 0.000
2025-11-17 06:35:15 INFO    |  step: 14157824, training/rb_grad_mean_norm: 3.315 +/- 0.000
2025-11-17 06:35:15 INFO    |  step: 14157824, training/rb_grad_trvar: 32.052 +/- 0.000
2025-11-17 06:35:15 INFO    |  step: 14157824, eval/episode_reward: 322.738 +/- 0.000
2025-11-17 06:35:15 INFO    |  step: 14157824, eval/episode_success: 322.738 +/- 0.000
2025-11-17 06:35:15 INFO    |  step: 14157824, eval/episode_success_easy: 616.523 +/- 0.000
2025-11-17 06:35:15 INFO    |  step: 14157824, eval/episode_dist: 2222.325 +/- 0.000
2025-11-17 06:35:15 INFO    |  step: 14157824, eval/episode_success_any: 0.648 +/- 0.000
2025-11-17 06:35:15 INFO    |  step: 14157824, eval/episode_reward_ctrl: 0.000 +/- 0.000
2025-11-17 06:35:15 INFO    |  step: 14157824, eval/episode_reward_dist: 0.000 +/- 0.000
2025-11-17 06:35:15 INFO    |  step: 14157824, eval/episode_reward_near: 0.000 +/- 0.000
2025-11-17 06:35:15 INFO    |  step: 14157824, eval/episode_reward_survive: 0.000 +/- 0.000
2025-11-17 06:35:15 INFO    |  step: 14157824, eval/episode_success_hard: 0.000 +/- 0.000
2025-11-17 06:35:34 INFO    |  actor input shape: (10000, 31)
2025-11-17 06:35:34 INFO    |  encoder input shape: (10000, 37)
2025-11-17 06:35:34 INFO    |  encoder input shape: (10000, 2)
2025-11-17 06:35:34 INFO    |  actor input shape: (10000, 31)
2025-11-17 06:35:34 INFO    |  encoder input shape: (10000, 37)
2025-11-17 06:35:34 INFO    |  encoder input shape: (10000, 2)
2025-11-17 06:35:35 INFO    |  actor input shape: (10000, 31)
2025-11-17 06:35:35 INFO    |  encoder input shape: (10000, 37)
2025-11-17 06:35:35 INFO    |  encoder input shape: (10000, 2)
2025-11-17 06:35:35 INFO    |  Plotted visualizations at env step 14554624.0
2025-11-17 06:35:37 INFO    |  step: 14554624
2025-11-17 06:35:38 INFO    |  actor input shape: (1, 31)
2025-11-17 06:35:56 INFO    |  step: 14554624, training/sps: 19558.319 +/- 0.000
2025-11-17 06:35:56 INFO    |  step: 14554624, training/actor_loss: 1.792 +/- 0.000
2025-11-17 06:35:56 INFO    |  step: 14554624, training/adaptive_mixing: 0.021 +/- 0.000
2025-11-17 06:35:56 INFO    |  step: 14554624, training/alpha_loss: 0.000 +/- 0.000
2025-11-17 06:35:56 INFO    |  step: 14554624, training/critic_loss: 1.830 +/- 0.000
2025-11-17 06:35:56 INFO    |  step: 14554624, training/entropy: -4.000 +/- 0.000
2025-11-17 06:35:56 INFO    |  step: 14554624, training/env_grad_mean_norm: 0.450 +/- 0.000
2025-11-17 06:35:56 INFO    |  step: 14554624, training/env_grad_trvar: 42.140 +/- 0.000
2025-11-17 06:35:56 INFO    |  step: 14554624, training/env_rb_bias_squared: 15.973 +/- 0.000
2025-11-17 06:35:56 INFO    |  step: 14554624, training/log_alpha: -4.772 +/- 0.000
2025-11-17 06:35:56 INFO    |  step: 14554624, training/num_env_samples: 251.996 +/- 0.000
2025-11-17 06:35:56 INFO    |  step: 14554624, training/num_rb_samples: 4.004 +/- 0.000
2025-11-17 06:35:56 INFO    |  step: 14554624, training/rb_grad_mean_norm: 3.399 +/- 0.000
2025-11-17 06:35:56 INFO    |  step: 14554624, training/rb_grad_trvar: 31.788 +/- 0.000
2025-11-17 06:35:56 INFO    |  step: 14554624, eval/episode_reward: 255.566 +/- 0.000
2025-11-17 06:35:56 INFO    |  step: 14554624, eval/episode_success: 255.566 +/- 0.000
2025-11-17 06:35:56 INFO    |  step: 14554624, eval/episode_success_easy: 510.367 +/- 0.000
2025-11-17 06:35:56 INFO    |  step: 14554624, eval/episode_dist: 2445.710 +/- 0.000
2025-11-17 06:35:56 INFO    |  step: 14554624, eval/episode_success_any: 0.504 +/- 0.000
2025-11-17 06:35:56 INFO    |  step: 14554624, eval/episode_reward_ctrl: 0.000 +/- 0.000
2025-11-17 06:35:56 INFO    |  step: 14554624, eval/episode_reward_dist: 0.000 +/- 0.000
2025-11-17 06:35:56 INFO    |  step: 14554624, eval/episode_reward_near: 0.000 +/- 0.000
2025-11-17 06:35:56 INFO    |  step: 14554624, eval/episode_reward_survive: 0.000 +/- 0.000
2025-11-17 06:35:56 INFO    |  step: 14554624, eval/episode_success_hard: 0.000 +/- 0.000
2025-11-17 06:36:16 INFO    |  actor input shape: (10000, 31)
2025-11-17 06:36:16 INFO    |  encoder input shape: (10000, 37)
2025-11-17 06:36:16 INFO    |  encoder input shape: (10000, 2)
2025-11-17 06:36:16 INFO    |  actor input shape: (10000, 31)
2025-11-17 06:36:16 INFO    |  encoder input shape: (10000, 37)
2025-11-17 06:36:16 INFO    |  encoder input shape: (10000, 2)
2025-11-17 06:36:16 INFO    |  actor input shape: (10000, 31)
2025-11-17 06:36:16 INFO    |  encoder input shape: (10000, 37)
2025-11-17 06:36:16 INFO    |  encoder input shape: (10000, 2)
2025-11-17 06:36:17 INFO    |  Plotted visualizations at env step 14951424.0
2025-11-17 06:36:19 INFO    |  step: 14951424
2025-11-17 06:36:19 INFO    |  step: 14951424, training/sps: 19496.148 +/- 0.000
2025-11-17 06:36:19 INFO    |  step: 14951424, training/actor_loss: 1.792 +/- 0.000
2025-11-17 06:36:19 INFO    |  step: 14951424, training/adaptive_mixing: 0.005 +/- 0.000
2025-11-17 06:36:19 INFO    |  step: 14951424, training/alpha_loss: -0.000 +/- 0.000
2025-11-17 06:36:19 INFO    |  step: 14951424, training/critic_loss: 1.829 +/- 0.000
2025-11-17 06:36:19 INFO    |  step: 14951424, training/entropy: -4.000 +/- 0.000
2025-11-17 06:36:19 INFO    |  step: 14951424, training/env_grad_mean_norm: 0.447 +/- 0.000
2025-11-17 06:36:19 INFO    |  step: 14951424, training/env_grad_trvar: 41.758 +/- 0.000
2025-11-17 06:36:19 INFO    |  step: 14951424, training/env_rb_bias_squared: 13.955 +/- 0.000
2025-11-17 06:36:19 INFO    |  step: 14951424, training/log_alpha: -4.771 +/- 0.000
2025-11-17 06:36:19 INFO    |  step: 14951424, training/num_env_samples: 251.593 +/- 0.000
2025-11-17 06:36:19 INFO    |  step: 14951424, training/num_rb_samples: 4.407 +/- 0.000
2025-11-17 06:36:19 INFO    |  step: 14951424, training/rb_grad_mean_norm: 3.216 +/- 0.000
2025-11-17 06:36:19 INFO    |  step: 14951424, training/rb_grad_trvar: 31.954 +/- 0.000
2025-11-17 06:36:19 INFO    |  step: 14951424, eval/episode_reward: 246.617 +/- 0.000
2025-11-17 06:36:19 INFO    |  step: 14951424, eval/episode_success: 246.617 +/- 0.000
2025-11-17 06:36:19 INFO    |  step: 14951424, eval/episode_success_easy: 469.281 +/- 0.000
2025-11-17 06:36:19 INFO    |  step: 14951424, eval/episode_dist: 2868.575 +/- 0.000
2025-11-17 06:36:19 INFO    |  step: 14951424, eval/episode_success_any: 0.469 +/- 0.000
2025-11-17 06:36:19 INFO    |  step: 14951424, eval/episode_reward_ctrl: 0.000 +/- 0.000
2025-11-17 06:36:19 INFO    |  step: 14951424, eval/episode_reward_dist: 0.000 +/- 0.000
2025-11-17 06:36:19 INFO    |  step: 14951424, eval/episode_reward_near: 0.000 +/- 0.000
2025-11-17 06:36:19 INFO    |  step: 14951424, eval/episode_reward_survive: 0.000 +/- 0.000
2025-11-17 06:36:19 INFO    |  step: 14951424, eval/episode_success_hard: 0.000 +/- 0.000
2025-11-17 06:36:38 INFO    |  actor input shape: (10000, 31)
2025-11-17 06:36:38 INFO    |  encoder input shape: (10000, 37)
2025-11-17 06:36:38 INFO    |  encoder input shape: (10000, 2)
2025-11-17 06:36:38 INFO    |  actor input shape: (10000, 31)
2025-11-17 06:36:38 INFO    |  encoder input shape: (10000, 37)
2025-11-17 06:36:38 INFO    |  encoder input shape: (10000, 2)
2025-11-17 06:36:38 INFO    |  actor input shape: (10000, 31)
2025-11-17 06:36:38 INFO    |  encoder input shape: (10000, 37)
2025-11-17 06:36:38 INFO    |  encoder input shape: (10000, 2)
2025-11-17 06:36:39 INFO    |  Plotted visualizations at env step 15348224.0
2025-11-17 06:36:41 INFO    |  step: 15348224
2025-11-17 06:36:41 INFO    |  step: 15348224, training/sps: 19634.675 +/- 0.000
2025-11-17 06:36:41 INFO    |  step: 15348224, training/actor_loss: 1.784 +/- 0.000
2025-11-17 06:36:41 INFO    |  step: 15348224, training/adaptive_mixing: 0.050 +/- 0.000
2025-11-17 06:36:41 INFO    |  step: 15348224, training/alpha_loss: 0.000 +/- 0.000
2025-11-17 06:36:41 INFO    |  step: 15348224, training/critic_loss: 1.821 +/- 0.000
2025-11-17 06:36:41 INFO    |  step: 15348224, training/entropy: -3.999 +/- 0.000
2025-11-17 06:36:41 INFO    |  step: 15348224, training/env_grad_mean_norm: 0.446 +/- 0.000
2025-11-17 06:36:41 INFO    |  step: 15348224, training/env_grad_trvar: 41.581 +/- 0.000
2025-11-17 06:36:41 INFO    |  step: 15348224, training/env_rb_bias_squared: 18.055 +/- 0.000
2025-11-17 06:36:41 INFO    |  step: 15348224, training/log_alpha: -4.775 +/- 0.000
2025-11-17 06:36:41 INFO    |  step: 15348224, training/num_env_samples: 252.701 +/- 0.000
2025-11-17 06:36:41 INFO    |  step: 15348224, training/num_rb_samples: 3.299 +/- 0.000
2025-11-17 06:36:41 INFO    |  step: 15348224, training/rb_grad_mean_norm: 3.513 +/- 0.000
2025-11-17 06:36:41 INFO    |  step: 15348224, training/rb_grad_trvar: 26.526 +/- 0.000
2025-11-17 06:36:41 INFO    |  step: 15348224, eval/episode_reward: 276.070 +/- 0.000
2025-11-17 06:36:41 INFO    |  step: 15348224, eval/episode_success: 276.070 +/- 0.000
2025-11-17 06:36:41 INFO    |  step: 15348224, eval/episode_success_easy: 501.031 +/- 0.000
2025-11-17 06:36:41 INFO    |  step: 15348224, eval/episode_dist: 2572.315 +/- 0.000
2025-11-17 06:36:41 INFO    |  step: 15348224, eval/episode_success_any: 0.512 +/- 0.000
2025-11-17 06:36:41 INFO    |  step: 15348224, eval/episode_reward_ctrl: 0.000 +/- 0.000
2025-11-17 06:36:41 INFO    |  step: 15348224, eval/episode_reward_dist: 0.000 +/- 0.000
2025-11-17 06:36:41 INFO    |  step: 15348224, eval/episode_reward_near: 0.000 +/- 0.000
2025-11-17 06:36:41 INFO    |  step: 15348224, eval/episode_reward_survive: 0.000 +/- 0.000
2025-11-17 06:36:41 INFO    |  step: 15348224, eval/episode_success_hard: 0.000 +/- 0.000
2025-11-17 06:37:00 INFO    |  actor input shape: (10000, 31)
2025-11-17 06:37:00 INFO    |  encoder input shape: (10000, 37)
2025-11-17 06:37:00 INFO    |  encoder input shape: (10000, 2)
2025-11-17 06:37:00 INFO    |  actor input shape: (10000, 31)
2025-11-17 06:37:00 INFO    |  encoder input shape: (10000, 37)
2025-11-17 06:37:00 INFO    |  encoder input shape: (10000, 2)
2025-11-17 06:37:01 INFO    |  actor input shape: (10000, 31)
2025-11-17 06:37:01 INFO    |  encoder input shape: (10000, 37)
2025-11-17 06:37:01 INFO    |  encoder input shape: (10000, 2)
2025-11-17 06:37:01 INFO    |  Plotted visualizations at env step 15745024.0
2025-11-17 06:37:03 INFO    |  step: 15745024
2025-11-17 06:37:03 INFO    |  step: 15745024, training/sps: 19569.696 +/- 0.000
2025-11-17 06:37:03 INFO    |  step: 15745024, training/actor_loss: 1.789 +/- 0.000
2025-11-17 06:37:03 INFO    |  step: 15745024, training/adaptive_mixing: 0.007 +/- 0.000
2025-11-17 06:37:03 INFO    |  step: 15745024, training/alpha_loss: 0.000 +/- 0.000
2025-11-17 06:37:03 INFO    |  step: 15745024, training/critic_loss: 1.827 +/- 0.000
2025-11-17 06:37:03 INFO    |  step: 15745024, training/entropy: -4.000 +/- 0.000
2025-11-17 06:37:03 INFO    |  step: 15745024, training/env_grad_mean_norm: 0.445 +/- 0.000
2025-11-17 06:37:03 INFO    |  step: 15745024, training/env_grad_trvar: 41.429 +/- 0.000
2025-11-17 06:37:03 INFO    |  step: 15745024, training/env_rb_bias_squared: 14.965 +/- 0.000
2025-11-17 06:37:03 INFO    |  step: 15745024, training/log_alpha: -4.779 +/- 0.000
2025-11-17 06:37:03 INFO    |  step: 15745024, training/num_env_samples: 252.139 +/- 0.000
2025-11-17 06:37:03 INFO    |  step: 15745024, training/num_rb_samples: 3.861 +/- 0.000
2025-11-17 06:37:03 INFO    |  step: 15745024, training/rb_grad_mean_norm: 3.284 +/- 0.000
2025-11-17 06:37:03 INFO    |  step: 15745024, training/rb_grad_trvar: 27.933 +/- 0.000
2025-11-17 06:37:03 INFO    |  step: 15745024, eval/episode_reward: 188.500 +/- 0.000
2025-11-17 06:37:03 INFO    |  step: 15745024, eval/episode_success: 188.500 +/- 0.000
2025-11-17 06:37:03 INFO    |  step: 15745024, eval/episode_success_easy: 472.117 +/- 0.000
2025-11-17 06:37:03 INFO    |  step: 15745024, eval/episode_dist: 2845.018 +/- 0.000
2025-11-17 06:37:03 INFO    |  step: 15745024, eval/episode_success_any: 0.434 +/- 0.000
2025-11-17 06:37:03 INFO    |  step: 15745024, eval/episode_reward_ctrl: 0.000 +/- 0.000
2025-11-17 06:37:03 INFO    |  step: 15745024, eval/episode_reward_dist: 0.000 +/- 0.000
2025-11-17 06:37:03 INFO    |  step: 15745024, eval/episode_reward_near: 0.000 +/- 0.000
2025-11-17 06:37:03 INFO    |  step: 15745024, eval/episode_reward_survive: 0.000 +/- 0.000
2025-11-17 06:37:03 INFO    |  step: 15745024, eval/episode_success_hard: 0.000 +/- 0.000
2025-11-17 06:37:22 INFO    |  actor input shape: (10000, 31)
2025-11-17 06:37:22 INFO    |  encoder input shape: (10000, 37)
2025-11-17 06:37:22 INFO    |  encoder input shape: (10000, 2)
2025-11-17 06:37:22 INFO    |  actor input shape: (10000, 31)
2025-11-17 06:37:22 INFO    |  encoder input shape: (10000, 37)
2025-11-17 06:37:22 INFO    |  encoder input shape: (10000, 2)
2025-11-17 06:37:23 INFO    |  actor input shape: (10000, 31)
2025-11-17 06:37:23 INFO    |  encoder input shape: (10000, 37)
2025-11-17 06:37:23 INFO    |  encoder input shape: (10000, 2)
2025-11-17 06:37:23 INFO    |  Plotted visualizations at env step 16141824.0
2025-11-17 06:37:25 INFO    |  step: 16141824
2025-11-17 06:37:25 INFO    |  step: 16141824, training/sps: 19570.528 +/- 0.000
2025-11-17 06:37:25 INFO    |  step: 16141824, training/actor_loss: 1.786 +/- 0.000
2025-11-17 06:37:25 INFO    |  step: 16141824, training/adaptive_mixing: 0.024 +/- 0.000
2025-11-17 06:37:25 INFO    |  step: 16141824, training/alpha_loss: -0.000 +/- 0.000
2025-11-17 06:37:25 INFO    |  step: 16141824, training/critic_loss: 1.826 +/- 0.000
2025-11-17 06:37:25 INFO    |  step: 16141824, training/entropy: -4.000 +/- 0.000
2025-11-17 06:37:25 INFO    |  step: 16141824, training/env_grad_mean_norm: 0.441 +/- 0.000
2025-11-17 06:37:25 INFO    |  step: 16141824, training/env_grad_trvar: 40.881 +/- 0.000
2025-11-17 06:37:25 INFO    |  step: 16141824, training/env_rb_bias_squared: 14.275 +/- 0.000
2025-11-17 06:37:25 INFO    |  step: 16141824, training/log_alpha: -4.779 +/- 0.000
2025-11-17 06:37:25 INFO    |  step: 16141824, training/num_env_samples: 251.930 +/- 0.000
2025-11-17 06:37:25 INFO    |  step: 16141824, training/num_rb_samples: 4.070 +/- 0.000
2025-11-17 06:37:25 INFO    |  step: 16141824, training/rb_grad_mean_norm: 3.221 +/- 0.000
2025-11-17 06:37:25 INFO    |  step: 16141824, training/rb_grad_trvar: 29.025 +/- 0.000
2025-11-17 06:37:25 INFO    |  step: 16141824, eval/episode_reward: 276.328 +/- 0.000
2025-11-17 06:37:25 INFO    |  step: 16141824, eval/episode_success: 276.328 +/- 0.000
2025-11-17 06:37:25 INFO    |  step: 16141824, eval/episode_success_easy: 517.695 +/- 0.000
2025-11-17 06:37:25 INFO    |  step: 16141824, eval/episode_dist: 2221.726 +/- 0.000
2025-11-17 06:37:25 INFO    |  step: 16141824, eval/episode_success_any: 0.484 +/- 0.000
2025-11-17 06:37:25 INFO    |  step: 16141824, eval/episode_reward_ctrl: 0.000 +/- 0.000
2025-11-17 06:37:25 INFO    |  step: 16141824, eval/episode_reward_dist: 0.000 +/- 0.000
2025-11-17 06:37:25 INFO    |  step: 16141824, eval/episode_reward_near: 0.000 +/- 0.000
2025-11-17 06:37:25 INFO    |  step: 16141824, eval/episode_reward_survive: 0.000 +/- 0.000
2025-11-17 06:37:25 INFO    |  step: 16141824, eval/episode_success_hard: 0.000 +/- 0.000
2025-11-17 06:37:44 INFO    |  actor input shape: (10000, 31)
2025-11-17 06:37:44 INFO    |  encoder input shape: (10000, 37)
2025-11-17 06:37:44 INFO    |  encoder input shape: (10000, 2)
2025-11-17 06:37:44 INFO    |  actor input shape: (10000, 31)
2025-11-17 06:37:44 INFO    |  encoder input shape: (10000, 37)
2025-11-17 06:37:44 INFO    |  encoder input shape: (10000, 2)
2025-11-17 06:37:45 INFO    |  actor input shape: (10000, 31)
2025-11-17 06:37:45 INFO    |  encoder input shape: (10000, 37)
2025-11-17 06:37:45 INFO    |  encoder input shape: (10000, 2)
2025-11-17 06:37:45 INFO    |  Plotted visualizations at env step 16538624.0
2025-11-17 06:37:47 INFO    |  step: 16538624
2025-11-17 06:37:48 INFO    |  actor input shape: (1, 31)
2025-11-17 06:38:06 INFO    |  step: 16538624, training/sps: 19589.895 +/- 0.000
2025-11-17 06:38:06 INFO    |  step: 16538624, training/actor_loss: 1.789 +/- 0.000
2025-11-17 06:38:06 INFO    |  step: 16538624, training/adaptive_mixing: 0.004 +/- 0.000
2025-11-17 06:38:06 INFO    |  step: 16538624, training/alpha_loss: -0.000 +/- 0.000
2025-11-17 06:38:06 INFO    |  step: 16538624, training/critic_loss: 1.825 +/- 0.000
2025-11-17 06:38:06 INFO    |  step: 16538624, training/entropy: -4.001 +/- 0.000
2025-11-17 06:38:06 INFO    |  step: 16538624, training/env_grad_mean_norm: 0.439 +/- 0.000
2025-11-17 06:38:06 INFO    |  step: 16538624, training/env_grad_trvar: 40.491 +/- 0.000
2025-11-17 06:38:06 INFO    |  step: 16538624, training/env_rb_bias_squared: 13.488 +/- 0.000
2025-11-17 06:38:06 INFO    |  step: 16538624, training/log_alpha: -4.780 +/- 0.000
2025-11-17 06:38:06 INFO    |  step: 16538624, training/num_env_samples: 251.599 +/- 0.000
2025-11-17 06:38:06 INFO    |  step: 16538624, training/num_rb_samples: 4.401 +/- 0.000
2025-11-17 06:38:06 INFO    |  step: 16538624, training/rb_grad_mean_norm: 3.169 +/- 0.000
2025-11-17 06:38:06 INFO    |  step: 16538624, training/rb_grad_trvar: 31.158 +/- 0.000
2025-11-17 06:38:06 INFO    |  step: 16538624, eval/episode_reward: 315.000 +/- 0.000
2025-11-17 06:38:06 INFO    |  step: 16538624, eval/episode_success: 315.000 +/- 0.000
2025-11-17 06:38:06 INFO    |  step: 16538624, eval/episode_success_easy: 548.508 +/- 0.000
2025-11-17 06:38:06 INFO    |  step: 16538624, eval/episode_dist: 2407.862 +/- 0.000
2025-11-17 06:38:06 INFO    |  step: 16538624, eval/episode_success_any: 0.598 +/- 0.000
2025-11-17 06:38:06 INFO    |  step: 16538624, eval/episode_reward_ctrl: 0.000 +/- 0.000
2025-11-17 06:38:06 INFO    |  step: 16538624, eval/episode_reward_dist: 0.000 +/- 0.000
2025-11-17 06:38:06 INFO    |  step: 16538624, eval/episode_reward_near: 0.000 +/- 0.000
2025-11-17 06:38:06 INFO    |  step: 16538624, eval/episode_reward_survive: 0.000 +/- 0.000
2025-11-17 06:38:06 INFO    |  step: 16538624, eval/episode_success_hard: 0.000 +/- 0.000
2025-11-17 06:38:26 INFO    |  actor input shape: (10000, 31)
2025-11-17 06:38:26 INFO    |  encoder input shape: (10000, 37)
2025-11-17 06:38:26 INFO    |  encoder input shape: (10000, 2)
2025-11-17 06:38:26 INFO    |  actor input shape: (10000, 31)
2025-11-17 06:38:26 INFO    |  encoder input shape: (10000, 37)
2025-11-17 06:38:26 INFO    |  encoder input shape: (10000, 2)
2025-11-17 06:38:26 INFO    |  actor input shape: (10000, 31)
2025-11-17 06:38:26 INFO    |  encoder input shape: (10000, 37)
2025-11-17 06:38:26 INFO    |  encoder input shape: (10000, 2)
2025-11-17 06:38:26 INFO    |  Plotted visualizations at env step 16935424.0
2025-11-17 06:38:28 INFO    |  step: 16935424
2025-11-17 06:38:28 INFO    |  step: 16935424, training/sps: 19496.759 +/- 0.000
2025-11-17 06:38:28 INFO    |  step: 16935424, training/actor_loss: 1.792 +/- 0.000
2025-11-17 06:38:28 INFO    |  step: 16935424, training/adaptive_mixing: 0.025 +/- 0.000
2025-11-17 06:38:28 INFO    |  step: 16935424, training/alpha_loss: -0.000 +/- 0.000
2025-11-17 06:38:28 INFO    |  step: 16935424, training/critic_loss: 1.825 +/- 0.000
2025-11-17 06:38:28 INFO    |  step: 16935424, training/entropy: -4.000 +/- 0.000
2025-11-17 06:38:28 INFO    |  step: 16935424, training/env_grad_mean_norm: 0.441 +/- 0.000
2025-11-17 06:38:28 INFO    |  step: 16935424, training/env_grad_trvar: 41.036 +/- 0.000
2025-11-17 06:38:28 INFO    |  step: 16935424, training/env_rb_bias_squared: 13.065 +/- 0.000
2025-11-17 06:38:28 INFO    |  step: 16935424, training/log_alpha: -4.786 +/- 0.000
2025-11-17 06:38:28 INFO    |  step: 16935424, training/num_env_samples: 251.218 +/- 0.000
2025-11-17 06:38:28 INFO    |  step: 16935424, training/num_rb_samples: 4.782 +/- 0.000
2025-11-17 06:38:28 INFO    |  step: 16935424, training/rb_grad_mean_norm: 3.122 +/- 0.000
2025-11-17 06:38:28 INFO    |  step: 16935424, training/rb_grad_trvar: 33.929 +/- 0.000
2025-11-17 06:38:28 INFO    |  step: 16935424, eval/episode_reward: 276.297 +/- 0.000
2025-11-17 06:38:28 INFO    |  step: 16935424, eval/episode_success: 276.297 +/- 0.000
2025-11-17 06:38:28 INFO    |  step: 16935424, eval/episode_success_easy: 505.070 +/- 0.000
2025-11-17 06:38:28 INFO    |  step: 16935424, eval/episode_dist: 2772.067 +/- 0.000
2025-11-17 06:38:28 INFO    |  step: 16935424, eval/episode_success_any: 0.531 +/- 0.000
2025-11-17 06:38:28 INFO    |  step: 16935424, eval/episode_reward_ctrl: 0.000 +/- 0.000
2025-11-17 06:38:28 INFO    |  step: 16935424, eval/episode_reward_dist: 0.000 +/- 0.000
2025-11-17 06:38:28 INFO    |  step: 16935424, eval/episode_reward_near: 0.000 +/- 0.000
2025-11-17 06:38:28 INFO    |  step: 16935424, eval/episode_reward_survive: 0.000 +/- 0.000
2025-11-17 06:38:28 INFO    |  step: 16935424, eval/episode_success_hard: 0.000 +/- 0.000
2025-11-17 06:38:48 INFO    |  actor input shape: (10000, 31)
2025-11-17 06:38:48 INFO    |  encoder input shape: (10000, 37)
2025-11-17 06:38:48 INFO    |  encoder input shape: (10000, 2)
2025-11-17 06:38:48 INFO    |  actor input shape: (10000, 31)
2025-11-17 06:38:48 INFO    |  encoder input shape: (10000, 37)
2025-11-17 06:38:48 INFO    |  encoder input shape: (10000, 2)
2025-11-17 06:38:48 INFO    |  actor input shape: (10000, 31)
2025-11-17 06:38:48 INFO    |  encoder input shape: (10000, 37)
2025-11-17 06:38:48 INFO    |  encoder input shape: (10000, 2)
2025-11-17 06:38:48 INFO    |  Plotted visualizations at env step 17332224.0
2025-11-17 06:38:50 INFO    |  step: 17332224
2025-11-17 06:38:50 INFO    |  step: 17332224, training/sps: 19549.179 +/- 0.000
2025-11-17 06:38:50 INFO    |  step: 17332224, training/actor_loss: 1.790 +/- 0.000
2025-11-17 06:38:50 INFO    |  step: 17332224, training/adaptive_mixing: 0.004 +/- 0.000
2025-11-17 06:38:50 INFO    |  step: 17332224, training/alpha_loss: 0.000 +/- 0.000
2025-11-17 06:38:50 INFO    |  step: 17332224, training/critic_loss: 1.820 +/- 0.000
2025-11-17 06:38:50 INFO    |  step: 17332224, training/entropy: -3.998 +/- 0.000
2025-11-17 06:38:50 INFO    |  step: 17332224, training/env_grad_mean_norm: 0.446 +/- 0.000
2025-11-17 06:38:50 INFO    |  step: 17332224, training/env_grad_trvar: 42.234 +/- 0.000
2025-11-17 06:38:50 INFO    |  step: 17332224, training/env_rb_bias_squared: 12.953 +/- 0.000
2025-11-17 06:38:50 INFO    |  step: 17332224, training/log_alpha: -4.776 +/- 0.000
2025-11-17 06:38:50 INFO    |  step: 17332224, training/num_env_samples: 251.115 +/- 0.000
2025-11-17 06:38:50 INFO    |  step: 17332224, training/num_rb_samples: 4.885 +/- 0.000
2025-11-17 06:38:50 INFO    |  step: 17332224, training/rb_grad_mean_norm: 3.081 +/- 0.000
2025-11-17 06:38:50 INFO    |  step: 17332224, training/rb_grad_trvar: 34.382 +/- 0.000
2025-11-17 06:38:50 INFO    |  step: 17332224, eval/episode_reward: 330.148 +/- 0.000
2025-11-17 06:38:50 INFO    |  step: 17332224, eval/episode_success: 330.148 +/- 0.000
2025-11-17 06:38:50 INFO    |  step: 17332224, eval/episode_success_easy: 569.363 +/- 0.000
2025-11-17 06:38:50 INFO    |  step: 17332224, eval/episode_dist: 2334.710 +/- 0.000
2025-11-17 06:38:50 INFO    |  step: 17332224, eval/episode_success_any: 0.625 +/- 0.000
2025-11-17 06:38:50 INFO    |  step: 17332224, eval/episode_reward_ctrl: 0.000 +/- 0.000
2025-11-17 06:38:50 INFO    |  step: 17332224, eval/episode_reward_dist: 0.000 +/- 0.000
2025-11-17 06:38:50 INFO    |  step: 17332224, eval/episode_reward_near: 0.000 +/- 0.000
2025-11-17 06:38:50 INFO    |  step: 17332224, eval/episode_reward_survive: 0.000 +/- 0.000
2025-11-17 06:38:50 INFO    |  step: 17332224, eval/episode_success_hard: 0.000 +/- 0.000
2025-11-17 06:39:10 INFO    |  actor input shape: (10000, 31)
2025-11-17 06:39:10 INFO    |  encoder input shape: (10000, 37)
2025-11-17 06:39:10 INFO    |  encoder input shape: (10000, 2)
2025-11-17 06:39:10 INFO    |  actor input shape: (10000, 31)
2025-11-17 06:39:10 INFO    |  encoder input shape: (10000, 37)
2025-11-17 06:39:10 INFO    |  encoder input shape: (10000, 2)
2025-11-17 06:39:10 INFO    |  actor input shape: (10000, 31)
2025-11-17 06:39:10 INFO    |  encoder input shape: (10000, 37)
2025-11-17 06:39:10 INFO    |  encoder input shape: (10000, 2)
2025-11-17 06:39:11 INFO    |  Plotted visualizations at env step 17729024.0
2025-11-17 06:39:12 INFO    |  step: 17729024
2025-11-17 06:39:12 INFO    |  step: 17729024, training/sps: 19585.643 +/- 0.000
2025-11-17 06:39:12 INFO    |  step: 17729024, training/actor_loss: 1.784 +/- 0.000
2025-11-17 06:39:12 INFO    |  step: 17729024, training/adaptive_mixing: 0.003 +/- 0.000
2025-11-17 06:39:12 INFO    |  step: 17729024, training/alpha_loss: -0.000 +/- 0.000
2025-11-17 06:39:12 INFO    |  step: 17729024, training/critic_loss: 1.815 +/- 0.000
2025-11-17 06:39:12 INFO    |  step: 17729024, training/entropy: -4.001 +/- 0.000
2025-11-17 06:39:12 INFO    |  step: 17729024, training/env_grad_mean_norm: 0.450 +/- 0.000
2025-11-17 06:39:12 INFO    |  step: 17729024, training/env_grad_trvar: 43.069 +/- 0.000
2025-11-17 06:39:12 INFO    |  step: 17729024, training/env_rb_bias_squared: 17.892 +/- 0.000
2025-11-17 06:39:12 INFO    |  step: 17729024, training/log_alpha: -4.772 +/- 0.000
2025-11-17 06:39:12 INFO    |  step: 17729024, training/num_env_samples: 252.551 +/- 0.000
2025-11-17 06:39:12 INFO    |  step: 17729024, training/num_rb_samples: 3.449 +/- 0.000
2025-11-17 06:39:12 INFO    |  step: 17729024, training/rb_grad_mean_norm: 3.511 +/- 0.000
2025-11-17 06:39:12 INFO    |  step: 17729024, training/rb_grad_trvar: 27.780 +/- 0.000
2025-11-17 06:39:12 INFO    |  step: 17729024, eval/episode_reward: 318.941 +/- 0.000
2025-11-17 06:39:12 INFO    |  step: 17729024, eval/episode_success: 318.941 +/- 0.000
2025-11-17 06:39:12 INFO    |  step: 17729024, eval/episode_success_easy: 590.398 +/- 0.000
2025-11-17 06:39:12 INFO    |  step: 17729024, eval/episode_dist: 2017.887 +/- 0.000
2025-11-17 06:39:12 INFO    |  step: 17729024, eval/episode_success_any: 0.555 +/- 0.000
2025-11-17 06:39:12 INFO    |  step: 17729024, eval/episode_reward_ctrl: 0.000 +/- 0.000
2025-11-17 06:39:12 INFO    |  step: 17729024, eval/episode_reward_dist: 0.000 +/- 0.000
2025-11-17 06:39:12 INFO    |  step: 17729024, eval/episode_reward_near: 0.000 +/- 0.000
2025-11-17 06:39:12 INFO    |  step: 17729024, eval/episode_reward_survive: 0.000 +/- 0.000
2025-11-17 06:39:12 INFO    |  step: 17729024, eval/episode_success_hard: 0.000 +/- 0.000
2025-11-17 06:39:32 INFO    |  actor input shape: (10000, 31)
2025-11-17 06:39:32 INFO    |  encoder input shape: (10000, 37)
2025-11-17 06:39:32 INFO    |  encoder input shape: (10000, 2)
2025-11-17 06:39:32 INFO    |  actor input shape: (10000, 31)
2025-11-17 06:39:32 INFO    |  encoder input shape: (10000, 37)
2025-11-17 06:39:32 INFO    |  encoder input shape: (10000, 2)
2025-11-17 06:39:32 INFO    |  actor input shape: (10000, 31)
2025-11-17 06:39:32 INFO    |  encoder input shape: (10000, 37)
2025-11-17 06:39:32 INFO    |  encoder input shape: (10000, 2)
2025-11-17 06:39:33 INFO    |  Plotted visualizations at env step 18125824.0
2025-11-17 06:39:34 INFO    |  step: 18125824
2025-11-17 06:39:34 INFO    |  step: 18125824, training/sps: 19588.841 +/- 0.000
2025-11-17 06:39:34 INFO    |  step: 18125824, training/actor_loss: 1.776 +/- 0.000
2025-11-17 06:39:34 INFO    |  step: 18125824, training/adaptive_mixing: 0.009 +/- 0.000
2025-11-17 06:39:34 INFO    |  step: 18125824, training/alpha_loss: 0.000 +/- 0.000
2025-11-17 06:39:34 INFO    |  step: 18125824, training/critic_loss: 1.808 +/- 0.000
2025-11-17 06:39:34 INFO    |  step: 18125824, training/entropy: -4.000 +/- 0.000
2025-11-17 06:39:34 INFO    |  step: 18125824, training/env_grad_mean_norm: 0.457 +/- 0.000
2025-11-17 06:39:34 INFO    |  step: 18125824, training/env_grad_trvar: 44.128 +/- 0.000
2025-11-17 06:39:34 INFO    |  step: 18125824, training/env_rb_bias_squared: 23.134 +/- 0.000
2025-11-17 06:39:34 INFO    |  step: 18125824, training/log_alpha: -4.761 +/- 0.000
2025-11-17 06:39:34 INFO    |  step: 18125824, training/num_env_samples: 253.387 +/- 0.000
2025-11-17 06:39:34 INFO    |  step: 18125824, training/num_rb_samples: 2.613 +/- 0.000
2025-11-17 06:39:34 INFO    |  step: 18125824, training/rb_grad_mean_norm: 3.877 +/- 0.000
2025-11-17 06:39:34 INFO    |  step: 18125824, training/rb_grad_trvar: 24.374 +/- 0.000
2025-11-17 06:39:34 INFO    |  step: 18125824, eval/episode_reward: 303.500 +/- 0.000
2025-11-17 06:39:34 INFO    |  step: 18125824, eval/episode_success: 303.500 +/- 0.000
2025-11-17 06:39:34 INFO    |  step: 18125824, eval/episode_success_easy: 592.094 +/- 0.000
2025-11-17 06:39:34 INFO    |  step: 18125824, eval/episode_dist: 2132.490 +/- 0.000
2025-11-17 06:39:34 INFO    |  step: 18125824, eval/episode_success_any: 0.637 +/- 0.000
2025-11-17 06:39:34 INFO    |  step: 18125824, eval/episode_reward_ctrl: 0.000 +/- 0.000
2025-11-17 06:39:34 INFO    |  step: 18125824, eval/episode_reward_dist: 0.000 +/- 0.000
2025-11-17 06:39:34 INFO    |  step: 18125824, eval/episode_reward_near: 0.000 +/- 0.000
2025-11-17 06:39:34 INFO    |  step: 18125824, eval/episode_reward_survive: 0.000 +/- 0.000
2025-11-17 06:39:34 INFO    |  step: 18125824, eval/episode_success_hard: 0.000 +/- 0.000
2025-11-17 06:39:54 INFO    |  actor input shape: (10000, 31)
2025-11-17 06:39:54 INFO    |  encoder input shape: (10000, 37)
2025-11-17 06:39:54 INFO    |  encoder input shape: (10000, 2)
2025-11-17 06:39:54 INFO    |  actor input shape: (10000, 31)
2025-11-17 06:39:54 INFO    |  encoder input shape: (10000, 37)
2025-11-17 06:39:54 INFO    |  encoder input shape: (10000, 2)
2025-11-17 06:39:54 INFO    |  actor input shape: (10000, 31)
2025-11-17 06:39:54 INFO    |  encoder input shape: (10000, 37)
2025-11-17 06:39:54 INFO    |  encoder input shape: (10000, 2)
2025-11-17 06:39:55 INFO    |  Plotted visualizations at env step 18522624.0
2025-11-17 06:39:56 INFO    |  step: 18522624
2025-11-17 06:39:58 INFO    |  actor input shape: (1, 31)
2025-11-17 06:40:14 INFO    |  step: 18522624, training/sps: 19693.581 +/- 0.000
2025-11-17 06:40:14 INFO    |  step: 18522624, training/actor_loss: 1.780 +/- 0.000
2025-11-17 06:40:14 INFO    |  step: 18522624, training/adaptive_mixing: 0.037 +/- 0.000
2025-11-17 06:40:14 INFO    |  step: 18522624, training/alpha_loss: -0.000 +/- 0.000
2025-11-17 06:40:14 INFO    |  step: 18522624, training/critic_loss: 1.814 +/- 0.000
2025-11-17 06:40:14 INFO    |  step: 18522624, training/entropy: -4.001 +/- 0.000
2025-11-17 06:40:14 INFO    |  step: 18522624, training/env_grad_mean_norm: 0.456 +/- 0.000
2025-11-17 06:40:14 INFO    |  step: 18522624, training/env_grad_trvar: 44.258 +/- 0.000
2025-11-17 06:40:14 INFO    |  step: 18522624, training/env_rb_bias_squared: 19.767 +/- 0.000
2025-11-17 06:40:14 INFO    |  step: 18522624, training/log_alpha: -4.756 +/- 0.000
2025-11-17 06:40:14 INFO    |  step: 18522624, training/num_env_samples: 252.776 +/- 0.000
2025-11-17 06:40:14 INFO    |  step: 18522624, training/num_rb_samples: 3.224 +/- 0.000
2025-11-17 06:40:14 INFO    |  step: 18522624, training/rb_grad_mean_norm: 3.624 +/- 0.000
2025-11-17 06:40:14 INFO    |  step: 18522624, training/rb_grad_trvar: 28.119 +/- 0.000
2025-11-17 06:40:14 INFO    |  step: 18522624, eval/episode_reward: 325.535 +/- 0.000
2025-11-17 06:40:14 INFO    |  step: 18522624, eval/episode_success: 325.535 +/- 0.000
2025-11-17 06:40:14 INFO    |  step: 18522624, eval/episode_success_easy: 599.883 +/- 0.000
2025-11-17 06:40:14 INFO    |  step: 18522624, eval/episode_dist: 2081.139 +/- 0.000
2025-11-17 06:40:14 INFO    |  step: 18522624, eval/episode_success_any: 0.617 +/- 0.000
2025-11-17 06:40:14 INFO    |  step: 18522624, eval/episode_reward_ctrl: 0.000 +/- 0.000
2025-11-17 06:40:14 INFO    |  step: 18522624, eval/episode_reward_dist: 0.000 +/- 0.000
2025-11-17 06:40:14 INFO    |  step: 18522624, eval/episode_reward_near: 0.000 +/- 0.000
2025-11-17 06:40:14 INFO    |  step: 18522624, eval/episode_reward_survive: 0.000 +/- 0.000
2025-11-17 06:40:14 INFO    |  step: 18522624, eval/episode_success_hard: 0.000 +/- 0.000
2025-11-17 06:40:34 INFO    |  actor input shape: (10000, 31)
2025-11-17 06:40:34 INFO    |  encoder input shape: (10000, 37)
2025-11-17 06:40:34 INFO    |  encoder input shape: (10000, 2)
2025-11-17 06:40:34 INFO    |  actor input shape: (10000, 31)
2025-11-17 06:40:34 INFO    |  encoder input shape: (10000, 37)
2025-11-17 06:40:34 INFO    |  encoder input shape: (10000, 2)
2025-11-17 06:40:34 INFO    |  actor input shape: (10000, 31)
2025-11-17 06:40:34 INFO    |  encoder input shape: (10000, 37)
2025-11-17 06:40:34 INFO    |  encoder input shape: (10000, 2)
2025-11-17 06:40:35 INFO    |  Plotted visualizations at env step 18919424.0
2025-11-17 06:40:36 INFO    |  step: 18919424
2025-11-17 06:40:36 INFO    |  step: 18919424, training/sps: 19507.704 +/- 0.000
2025-11-17 06:40:36 INFO    |  step: 18919424, training/actor_loss: 1.787 +/- 0.000
2025-11-17 06:40:36 INFO    |  step: 18919424, training/adaptive_mixing: 0.036 +/- 0.000
2025-11-17 06:40:36 INFO    |  step: 18919424, training/alpha_loss: -0.000 +/- 0.000
2025-11-17 06:40:36 INFO    |  step: 18919424, training/critic_loss: 1.821 +/- 0.000
2025-11-17 06:40:36 INFO    |  step: 18919424, training/entropy: -4.001 +/- 0.000
2025-11-17 06:40:36 INFO    |  step: 18919424, training/env_grad_mean_norm: 0.456 +/- 0.000
2025-11-17 06:40:36 INFO    |  step: 18919424, training/env_grad_trvar: 44.181 +/- 0.000
2025-11-17 06:40:36 INFO    |  step: 18919424, training/env_rb_bias_squared: 15.857 +/- 0.000
2025-11-17 06:40:36 INFO    |  step: 18919424, training/log_alpha: -4.746 +/- 0.000
2025-11-17 06:40:36 INFO    |  step: 18919424, training/num_env_samples: 251.995 +/- 0.000
2025-11-17 06:40:36 INFO    |  step: 18919424, training/num_rb_samples: 4.005 +/- 0.000
2025-11-17 06:40:36 INFO    |  step: 18919424, training/rb_grad_mean_norm: 3.376 +/- 0.000
2025-11-17 06:40:36 INFO    |  step: 18919424, training/rb_grad_trvar: 31.268 +/- 0.000
2025-11-17 06:40:36 INFO    |  step: 18919424, eval/episode_reward: 286.688 +/- 0.000
2025-11-17 06:40:36 INFO    |  step: 18919424, eval/episode_success: 286.688 +/- 0.000
2025-11-17 06:40:36 INFO    |  step: 18919424, eval/episode_success_easy: 576.227 +/- 0.000
2025-11-17 06:40:36 INFO    |  step: 18919424, eval/episode_dist: 2141.662 +/- 0.000
2025-11-17 06:40:36 INFO    |  step: 18919424, eval/episode_success_any: 0.539 +/- 0.000
2025-11-17 06:40:36 INFO    |  step: 18919424, eval/episode_reward_ctrl: 0.000 +/- 0.000
2025-11-17 06:40:36 INFO    |  step: 18919424, eval/episode_reward_dist: 0.000 +/- 0.000
2025-11-17 06:40:36 INFO    |  step: 18919424, eval/episode_reward_near: 0.000 +/- 0.000
2025-11-17 06:40:36 INFO    |  step: 18919424, eval/episode_reward_survive: 0.000 +/- 0.000
2025-11-17 06:40:36 INFO    |  step: 18919424, eval/episode_success_hard: 0.000 +/- 0.000
2025-11-17 06:40:56 INFO    |  actor input shape: (10000, 31)
2025-11-17 06:40:56 INFO    |  encoder input shape: (10000, 37)
2025-11-17 06:40:56 INFO    |  encoder input shape: (10000, 2)
2025-11-17 06:40:56 INFO    |  actor input shape: (10000, 31)
2025-11-17 06:40:56 INFO    |  encoder input shape: (10000, 37)
2025-11-17 06:40:56 INFO    |  encoder input shape: (10000, 2)
2025-11-17 06:40:56 INFO    |  actor input shape: (10000, 31)
2025-11-17 06:40:56 INFO    |  encoder input shape: (10000, 37)
2025-11-17 06:40:56 INFO    |  encoder input shape: (10000, 2)
2025-11-17 06:40:57 INFO    |  Plotted visualizations at env step 19316224.0
2025-11-17 06:40:58 INFO    |  step: 19316224
2025-11-17 06:40:58 INFO    |  step: 19316224, training/sps: 19561.519 +/- 0.000
2025-11-17 06:40:58 INFO    |  step: 19316224, training/actor_loss: 1.783 +/- 0.000
2025-11-17 06:40:58 INFO    |  step: 19316224, training/adaptive_mixing: 0.043 +/- 0.000
2025-11-17 06:40:58 INFO    |  step: 19316224, training/alpha_loss: 0.000 +/- 0.000
2025-11-17 06:40:58 INFO    |  step: 19316224, training/critic_loss: 1.822 +/- 0.000
2025-11-17 06:40:58 INFO    |  step: 19316224, training/entropy: -3.999 +/- 0.000
2025-11-17 06:40:58 INFO    |  step: 19316224, training/env_grad_mean_norm: 0.458 +/- 0.000
2025-11-17 06:40:58 INFO    |  step: 19316224, training/env_grad_trvar: 44.239 +/- 0.000
2025-11-17 06:40:58 INFO    |  step: 19316224, training/env_rb_bias_squared: 13.707 +/- 0.000
2025-11-17 06:40:59 INFO    |  step: 19316224, training/log_alpha: -4.731 +/- 0.000
2025-11-17 06:40:59 INFO    |  step: 19316224, training/num_env_samples: 251.311 +/- 0.000
2025-11-17 06:40:59 INFO    |  step: 19316224, training/num_rb_samples: 4.689 +/- 0.000
2025-11-17 06:40:59 INFO    |  step: 19316224, training/rb_grad_mean_norm: 3.196 +/- 0.000
2025-11-17 06:40:59 INFO    |  step: 19316224, training/rb_grad_trvar: 34.355 +/- 0.000
2025-11-17 06:40:59 INFO    |  step: 19316224, eval/episode_reward: 262.734 +/- 0.000
2025-11-17 06:40:59 INFO    |  step: 19316224, eval/episode_success: 262.734 +/- 0.000
2025-11-17 06:40:59 INFO    |  step: 19316224, eval/episode_success_easy: 528.824 +/- 0.000
2025-11-17 06:40:59 INFO    |  step: 19316224, eval/episode_dist: 2345.524 +/- 0.000
2025-11-17 06:40:59 INFO    |  step: 19316224, eval/episode_success_any: 0.570 +/- 0.000
2025-11-17 06:40:59 INFO    |  step: 19316224, eval/episode_reward_ctrl: 0.000 +/- 0.000
2025-11-17 06:40:59 INFO    |  step: 19316224, eval/episode_reward_dist: 0.000 +/- 0.000
2025-11-17 06:40:59 INFO    |  step: 19316224, eval/episode_reward_near: 0.000 +/- 0.000
2025-11-17 06:40:59 INFO    |  step: 19316224, eval/episode_reward_survive: 0.000 +/- 0.000
2025-11-17 06:40:59 INFO    |  step: 19316224, eval/episode_success_hard: 0.000 +/- 0.000
2025-11-17 06:41:18 INFO    |  actor input shape: (10000, 31)
2025-11-17 06:41:18 INFO    |  encoder input shape: (10000, 37)
2025-11-17 06:41:18 INFO    |  encoder input shape: (10000, 2)
2025-11-17 06:41:18 INFO    |  actor input shape: (10000, 31)
2025-11-17 06:41:18 INFO    |  encoder input shape: (10000, 37)
2025-11-17 06:41:18 INFO    |  encoder input shape: (10000, 2)
2025-11-17 06:41:18 INFO    |  actor input shape: (10000, 31)
2025-11-17 06:41:18 INFO    |  encoder input shape: (10000, 37)
2025-11-17 06:41:18 INFO    |  encoder input shape: (10000, 2)
2025-11-17 06:41:19 INFO    |  Plotted visualizations at env step 19713024.0
2025-11-17 06:41:21 INFO    |  step: 19713024
2025-11-17 06:41:21 INFO    |  step: 19713024, training/sps: 19605.681 +/- 0.000
2025-11-17 06:41:21 INFO    |  step: 19713024, training/actor_loss: 1.786 +/- 0.000
2025-11-17 06:41:21 INFO    |  step: 19713024, training/adaptive_mixing: 0.007 +/- 0.000
2025-11-17 06:41:21 INFO    |  step: 19713024, training/alpha_loss: -0.000 +/- 0.000
2025-11-17 06:41:21 INFO    |  step: 19713024, training/critic_loss: 1.825 +/- 0.000
2025-11-17 06:41:21 INFO    |  step: 19713024, training/entropy: -4.000 +/- 0.000
2025-11-17 06:41:21 INFO    |  step: 19713024, training/env_grad_mean_norm: 0.456 +/- 0.000
2025-11-17 06:41:21 INFO    |  step: 19713024, training/env_grad_trvar: 43.581 +/- 0.000
2025-11-17 06:41:21 INFO    |  step: 19713024, training/env_rb_bias_squared: 11.009 +/- 0.000
2025-11-17 06:41:21 INFO    |  step: 19713024, training/log_alpha: -4.736 +/- 0.000
2025-11-17 06:41:21 INFO    |  step: 19713024, training/num_env_samples: 250.347 +/- 0.000
2025-11-17 06:41:21 INFO    |  step: 19713024, training/num_rb_samples: 5.653 +/- 0.000
2025-11-17 06:41:21 INFO    |  step: 19713024, training/rb_grad_mean_norm: 2.946 +/- 0.000
2025-11-17 06:41:21 INFO    |  step: 19713024, training/rb_grad_trvar: 37.553 +/- 0.000
2025-11-17 06:41:21 INFO    |  step: 19713024, eval/episode_reward: 346.410 +/- 0.000
2025-11-17 06:41:21 INFO    |  step: 19713024, eval/episode_success: 346.410 +/- 0.000
2025-11-17 06:41:21 INFO    |  step: 19713024, eval/episode_success_easy: 585.359 +/- 0.000
2025-11-17 06:41:21 INFO    |  step: 19713024, eval/episode_dist: 2245.332 +/- 0.000
2025-11-17 06:41:21 INFO    |  step: 19713024, eval/episode_success_any: 0.578 +/- 0.000
2025-11-17 06:41:21 INFO    |  step: 19713024, eval/episode_reward_ctrl: 0.000 +/- 0.000
2025-11-17 06:41:21 INFO    |  step: 19713024, eval/episode_reward_dist: 0.000 +/- 0.000
2025-11-17 06:41:21 INFO    |  step: 19713024, eval/episode_reward_near: 0.000 +/- 0.000
2025-11-17 06:41:21 INFO    |  step: 19713024, eval/episode_reward_survive: 0.000 +/- 0.000
2025-11-17 06:41:21 INFO    |  step: 19713024, eval/episode_success_hard: 0.000 +/- 0.000
2025-11-17 06:41:41 INFO    |  actor input shape: (10000, 31)
2025-11-17 06:41:41 INFO    |  encoder input shape: (10000, 37)
2025-11-17 06:41:41 INFO    |  encoder input shape: (10000, 2)
2025-11-17 06:41:41 INFO    |  actor input shape: (10000, 31)
2025-11-17 06:41:41 INFO    |  encoder input shape: (10000, 37)
2025-11-17 06:41:41 INFO    |  encoder input shape: (10000, 2)
2025-11-17 06:41:41 INFO    |  actor input shape: (10000, 31)
2025-11-17 06:41:41 INFO    |  encoder input shape: (10000, 37)
2025-11-17 06:41:41 INFO    |  encoder input shape: (10000, 2)
2025-11-17 06:41:42 INFO    |  Plotted visualizations at env step 20109824.0
2025-11-17 06:41:43 INFO    |  step: 20109824
2025-11-17 06:41:43 INFO    |  step: 20109824, training/sps: 18862.806 +/- 0.000
2025-11-17 06:41:43 INFO    |  step: 20109824, training/actor_loss: 1.784 +/- 0.000
2025-11-17 06:41:43 INFO    |  step: 20109824, training/adaptive_mixing: 0.004 +/- 0.000
2025-11-17 06:41:43 INFO    |  step: 20109824, training/alpha_loss: -0.000 +/- 0.000
2025-11-17 06:41:43 INFO    |  step: 20109824, training/critic_loss: 1.822 +/- 0.000
2025-11-17 06:41:43 INFO    |  step: 20109824, training/entropy: -4.000 +/- 0.000
2025-11-17 06:41:43 INFO    |  step: 20109824, training/env_grad_mean_norm: 0.459 +/- 0.000
2025-11-17 06:41:43 INFO    |  step: 20109824, training/env_grad_trvar: 44.330 +/- 0.000
2025-11-17 06:41:43 INFO    |  step: 20109824, training/env_rb_bias_squared: 10.646 +/- 0.000
2025-11-17 06:41:43 INFO    |  step: 20109824, training/log_alpha: -4.728 +/- 0.000
2025-11-17 06:41:43 INFO    |  step: 20109824, training/num_env_samples: 250.022 +/- 0.000
2025-11-17 06:41:43 INFO    |  step: 20109824, training/num_rb_samples: 5.978 +/- 0.000
2025-11-17 06:41:43 INFO    |  step: 20109824, training/rb_grad_mean_norm: 2.914 +/- 0.000
2025-11-17 06:41:43 INFO    |  step: 20109824, training/rb_grad_trvar: 39.398 +/- 0.000
2025-11-17 06:41:43 INFO    |  step: 20109824, eval/episode_reward: 305.410 +/- 0.000
2025-11-17 06:41:43 INFO    |  step: 20109824, eval/episode_success: 305.410 +/- 0.000
2025-11-17 06:41:43 INFO    |  step: 20109824, eval/episode_success_easy: 569.438 +/- 0.000
2025-11-17 06:41:43 INFO    |  step: 20109824, eval/episode_dist: 1922.782 +/- 0.000
2025-11-17 06:41:43 INFO    |  step: 20109824, eval/episode_success_any: 0.621 +/- 0.000
2025-11-17 06:41:43 INFO    |  step: 20109824, eval/episode_reward_ctrl: 0.000 +/- 0.000
2025-11-17 06:41:43 INFO    |  step: 20109824, eval/episode_reward_dist: 0.000 +/- 0.000
2025-11-17 06:41:43 INFO    |  step: 20109824, eval/episode_reward_near: 0.000 +/- 0.000
2025-11-17 06:41:43 INFO    |  step: 20109824, eval/episode_reward_survive: 0.000 +/- 0.000
2025-11-17 06:41:43 INFO    |  step: 20109824, eval/episode_success_hard: 0.000 +/- 0.000
2025-11-17 06:42:03 INFO    |  actor input shape: (10000, 31)
2025-11-17 06:42:03 INFO    |  encoder input shape: (10000, 37)
2025-11-17 06:42:03 INFO    |  encoder input shape: (10000, 2)
2025-11-17 06:42:03 INFO    |  actor input shape: (10000, 31)
2025-11-17 06:42:03 INFO    |  encoder input shape: (10000, 37)
2025-11-17 06:42:03 INFO    |  encoder input shape: (10000, 2)
2025-11-17 06:42:03 INFO    |  actor input shape: (10000, 31)
2025-11-17 06:42:03 INFO    |  encoder input shape: (10000, 37)
2025-11-17 06:42:03 INFO    |  encoder input shape: (10000, 2)
2025-11-17 06:42:04 INFO    |  Plotted visualizations at env step 20506624.0
2025-11-17 06:42:06 INFO    |  step: 20506624
2025-11-17 06:42:07 INFO    |  actor input shape: (1, 31)
2025-11-17 06:42:25 INFO    |  step: 20506624, training/sps: 19522.035 +/- 0.000
2025-11-17 06:42:25 INFO    |  step: 20506624, training/actor_loss: 1.785 +/- 0.000
2025-11-17 06:42:25 INFO    |  step: 20506624, training/adaptive_mixing: 0.007 +/- 0.000
2025-11-17 06:42:25 INFO    |  step: 20506624, training/alpha_loss: 0.000 +/- 0.000
2025-11-17 06:42:25 INFO    |  step: 20506624, training/critic_loss: 1.820 +/- 0.000
2025-11-17 06:42:25 INFO    |  step: 20506624, training/entropy: -3.999 +/- 0.000
2025-11-17 06:42:25 INFO    |  step: 20506624, training/env_grad_mean_norm: 0.462 +/- 0.000
2025-11-17 06:42:25 INFO    |  step: 20506624, training/env_grad_trvar: 44.989 +/- 0.000
2025-11-17 06:42:25 INFO    |  step: 20506624, training/env_rb_bias_squared: 11.409 +/- 0.000
2025-11-17 06:42:25 INFO    |  step: 20506624, training/log_alpha: -4.736 +/- 0.000
2025-11-17 06:42:25 INFO    |  step: 20506624, training/num_env_samples: 250.225 +/- 0.000
2025-11-17 06:42:25 INFO    |  step: 20506624, training/num_rb_samples: 5.775 +/- 0.000
2025-11-17 06:42:25 INFO    |  step: 20506624, training/rb_grad_mean_norm: 2.987 +/- 0.000
2025-11-17 06:42:25 INFO    |  step: 20506624, training/rb_grad_trvar: 40.173 +/- 0.000
2025-11-17 06:42:25 INFO    |  step: 20506624, eval/episode_reward: 253.324 +/- 0.000
2025-11-17 06:42:25 INFO    |  step: 20506624, eval/episode_success: 253.324 +/- 0.000
2025-11-17 06:42:25 INFO    |  step: 20506624, eval/episode_success_easy: 496.719 +/- 0.000
2025-11-17 06:42:25 INFO    |  step: 20506624, eval/episode_dist: 2531.756 +/- 0.000
2025-11-17 06:42:25 INFO    |  step: 20506624, eval/episode_success_any: 0.555 +/- 0.000
2025-11-17 06:42:25 INFO    |  step: 20506624, eval/episode_reward_ctrl: 0.000 +/- 0.000
2025-11-17 06:42:25 INFO    |  step: 20506624, eval/episode_reward_dist: 0.000 +/- 0.000
2025-11-17 06:42:25 INFO    |  step: 20506624, eval/episode_reward_near: 0.000 +/- 0.000
2025-11-17 06:42:25 INFO    |  step: 20506624, eval/episode_reward_survive: 0.000 +/- 0.000
2025-11-17 06:42:25 INFO    |  step: 20506624, eval/episode_success_hard: 0.000 +/- 0.000
2025-11-17 06:42:44 INFO    |  actor input shape: (10000, 31)
2025-11-17 06:42:44 INFO    |  encoder input shape: (10000, 37)
2025-11-17 06:42:44 INFO    |  encoder input shape: (10000, 2)
2025-11-17 06:42:45 INFO    |  actor input shape: (10000, 31)
2025-11-17 06:42:45 INFO    |  encoder input shape: (10000, 37)
2025-11-17 06:42:45 INFO    |  encoder input shape: (10000, 2)
2025-11-17 06:42:45 INFO    |  actor input shape: (10000, 31)
2025-11-17 06:42:45 INFO    |  encoder input shape: (10000, 37)
2025-11-17 06:42:45 INFO    |  encoder input shape: (10000, 2)
2025-11-17 06:42:45 INFO    |  Plotted visualizations at env step 20903424.0
2025-11-17 06:42:47 INFO    |  step: 20903424
2025-11-17 06:42:47 INFO    |  step: 20903424, training/sps: 19607.196 +/- 0.000
2025-11-17 06:42:47 INFO    |  step: 20903424, training/actor_loss: 1.782 +/- 0.000
2025-11-17 06:42:47 INFO    |  step: 20903424, training/adaptive_mixing: 0.005 +/- 0.000
2025-11-17 06:42:47 INFO    |  step: 20903424, training/alpha_loss: 0.000 +/- 0.000
2025-11-17 06:42:47 INFO    |  step: 20903424, training/critic_loss: 1.815 +/- 0.000
2025-11-17 06:42:47 INFO    |  step: 20903424, training/entropy: -4.000 +/- 0.000
2025-11-17 06:42:47 INFO    |  step: 20903424, training/env_grad_mean_norm: 0.462 +/- 0.000
2025-11-17 06:42:47 INFO    |  step: 20903424, training/env_grad_trvar: 45.318 +/- 0.000
2025-11-17 06:42:47 INFO    |  step: 20903424, training/env_rb_bias_squared: 13.848 +/- 0.000
2025-11-17 06:42:47 INFO    |  step: 20903424, training/log_alpha: -4.738 +/- 0.000
2025-11-17 06:42:47 INFO    |  step: 20903424, training/num_env_samples: 250.950 +/- 0.000
2025-11-17 06:42:47 INFO    |  step: 20903424, training/num_rb_samples: 5.050 +/- 0.000
2025-11-17 06:42:47 INFO    |  step: 20903424, training/rb_grad_mean_norm: 3.230 +/- 0.000
2025-11-17 06:42:47 INFO    |  step: 20903424, training/rb_grad_trvar: 38.591 +/- 0.000
2025-11-17 06:42:47 INFO    |  step: 20903424, eval/episode_reward: 292.125 +/- 0.000
2025-11-17 06:42:47 INFO    |  step: 20903424, eval/episode_success: 292.125 +/- 0.000
2025-11-17 06:42:47 INFO    |  step: 20903424, eval/episode_success_easy: 593.992 +/- 0.000
2025-11-17 06:42:47 INFO    |  step: 20903424, eval/episode_dist: 2281.572 +/- 0.000
2025-11-17 06:42:47 INFO    |  step: 20903424, eval/episode_success_any: 0.598 +/- 0.000
2025-11-17 06:42:47 INFO    |  step: 20903424, eval/episode_reward_ctrl: 0.000 +/- 0.000
2025-11-17 06:42:47 INFO    |  step: 20903424, eval/episode_reward_dist: 0.000 +/- 0.000
2025-11-17 06:42:47 INFO    |  step: 20903424, eval/episode_reward_near: 0.000 +/- 0.000
2025-11-17 06:42:47 INFO    |  step: 20903424, eval/episode_reward_survive: 0.000 +/- 0.000
2025-11-17 06:42:47 INFO    |  step: 20903424, eval/episode_success_hard: 0.000 +/- 0.000
2025-11-17 06:43:06 INFO    |  actor input shape: (10000, 31)
2025-11-17 06:43:06 INFO    |  encoder input shape: (10000, 37)
2025-11-17 06:43:06 INFO    |  encoder input shape: (10000, 2)
2025-11-17 06:43:07 INFO    |  actor input shape: (10000, 31)
2025-11-17 06:43:07 INFO    |  encoder input shape: (10000, 37)
2025-11-17 06:43:07 INFO    |  encoder input shape: (10000, 2)
2025-11-17 06:43:07 INFO    |  actor input shape: (10000, 31)
2025-11-17 06:43:07 INFO    |  encoder input shape: (10000, 37)
2025-11-17 06:43:07 INFO    |  encoder input shape: (10000, 2)
2025-11-17 06:43:07 INFO    |  Plotted visualizations at env step 21300224.0
2025-11-17 06:43:09 INFO    |  step: 21300224
2025-11-17 06:43:09 INFO    |  step: 21300224, training/sps: 19723.067 +/- 0.000
2025-11-17 06:43:09 INFO    |  step: 21300224, training/actor_loss: 1.775 +/- 0.000
2025-11-17 06:43:09 INFO    |  step: 21300224, training/adaptive_mixing: 0.021 +/- 0.000
2025-11-17 06:43:09 INFO    |  step: 21300224, training/alpha_loss: 0.000 +/- 0.000
2025-11-17 06:43:09 INFO    |  step: 21300224, training/critic_loss: 1.807 +/- 0.000
2025-11-17 06:43:09 INFO    |  step: 21300224, training/entropy: -4.000 +/- 0.000
2025-11-17 06:43:09 INFO    |  step: 21300224, training/env_grad_mean_norm: 0.459 +/- 0.000
2025-11-17 06:43:09 INFO    |  step: 21300224, training/env_grad_trvar: 44.884 +/- 0.000
2025-11-17 06:43:09 INFO    |  step: 21300224, training/env_rb_bias_squared: 18.557 +/- 0.000
2025-11-17 06:43:09 INFO    |  step: 21300224, training/log_alpha: -4.741 +/- 0.000
2025-11-17 06:43:09 INFO    |  step: 21300224, training/num_env_samples: 252.217 +/- 0.000
2025-11-17 06:43:09 INFO    |  step: 21300224, training/num_rb_samples: 3.783 +/- 0.000
2025-11-17 06:43:09 INFO    |  step: 21300224, training/rb_grad_mean_norm: 3.619 +/- 0.000
2025-11-17 06:43:09 INFO    |  step: 21300224, training/rb_grad_trvar: 33.624 +/- 0.000
2025-11-17 06:43:09 INFO    |  step: 21300224, eval/episode_reward: 330.098 +/- 0.000
2025-11-17 06:43:09 INFO    |  step: 21300224, eval/episode_success: 330.098 +/- 0.000
2025-11-17 06:43:09 INFO    |  step: 21300224, eval/episode_success_easy: 586.031 +/- 0.000
2025-11-17 06:43:09 INFO    |  step: 21300224, eval/episode_dist: 2295.374 +/- 0.000
2025-11-17 06:43:09 INFO    |  step: 21300224, eval/episode_success_any: 0.617 +/- 0.000
2025-11-17 06:43:09 INFO    |  step: 21300224, eval/episode_reward_ctrl: 0.000 +/- 0.000
2025-11-17 06:43:09 INFO    |  step: 21300224, eval/episode_reward_dist: 0.000 +/- 0.000
2025-11-17 06:43:09 INFO    |  step: 21300224, eval/episode_reward_near: 0.000 +/- 0.000
2025-11-17 06:43:09 INFO    |  step: 21300224, eval/episode_reward_survive: 0.000 +/- 0.000
2025-11-17 06:43:09 INFO    |  step: 21300224, eval/episode_success_hard: 0.000 +/- 0.000
2025-11-17 06:43:28 INFO    |  actor input shape: (10000, 31)
2025-11-17 06:43:28 INFO    |  encoder input shape: (10000, 37)
2025-11-17 06:43:28 INFO    |  encoder input shape: (10000, 2)
2025-11-17 06:43:29 INFO    |  actor input shape: (10000, 31)
2025-11-17 06:43:29 INFO    |  encoder input shape: (10000, 37)
2025-11-17 06:43:29 INFO    |  encoder input shape: (10000, 2)
2025-11-17 06:43:29 INFO    |  actor input shape: (10000, 31)
2025-11-17 06:43:29 INFO    |  encoder input shape: (10000, 37)
2025-11-17 06:43:29 INFO    |  encoder input shape: (10000, 2)
2025-11-17 06:43:29 INFO    |  Plotted visualizations at env step 21697024.0
2025-11-17 06:43:31 INFO    |  step: 21697024
2025-11-17 06:43:31 INFO    |  step: 21697024, training/sps: 19629.549 +/- 0.000
2025-11-17 06:43:31 INFO    |  step: 21697024, training/actor_loss: 1.776 +/- 0.000
2025-11-17 06:43:31 INFO    |  step: 21697024, training/adaptive_mixing: 0.035 +/- 0.000
2025-11-17 06:43:31 INFO    |  step: 21697024, training/alpha_loss: -0.000 +/- 0.000
2025-11-17 06:43:31 INFO    |  step: 21697024, training/critic_loss: 1.808 +/- 0.000
2025-11-17 06:43:31 INFO    |  step: 21697024, training/entropy: -4.001 +/- 0.000
2025-11-17 06:43:31 INFO    |  step: 21697024, training/env_grad_mean_norm: 0.459 +/- 0.000
2025-11-17 06:43:31 INFO    |  step: 21697024, training/env_grad_trvar: 44.651 +/- 0.000
2025-11-17 06:43:31 INFO    |  step: 21697024, training/env_rb_bias_squared: 18.904 +/- 0.000
2025-11-17 06:43:31 INFO    |  step: 21697024, training/log_alpha: -4.736 +/- 0.000
2025-11-17 06:43:31 INFO    |  step: 21697024, training/num_env_samples: 252.441 +/- 0.000
2025-11-17 06:43:31 INFO    |  step: 21697024, training/num_rb_samples: 3.559 +/- 0.000
2025-11-17 06:43:31 INFO    |  step: 21697024, training/rb_grad_mean_norm: 3.645 +/- 0.000
2025-11-17 06:43:31 INFO    |  step: 21697024, training/rb_grad_trvar: 31.648 +/- 0.000
2025-11-17 06:43:31 INFO    |  step: 21697024, eval/episode_reward: 236.621 +/- 0.000
2025-11-17 06:43:31 INFO    |  step: 21697024, eval/episode_success: 236.621 +/- 0.000
2025-11-17 06:43:31 INFO    |  step: 21697024, eval/episode_success_easy: 524.250 +/- 0.000
2025-11-17 06:43:31 INFO    |  step: 21697024, eval/episode_dist: 2445.444 +/- 0.000
2025-11-17 06:43:31 INFO    |  step: 21697024, eval/episode_success_any: 0.512 +/- 0.000
2025-11-17 06:43:31 INFO    |  step: 21697024, eval/episode_reward_ctrl: 0.000 +/- 0.000
2025-11-17 06:43:31 INFO    |  step: 21697024, eval/episode_reward_dist: 0.000 +/- 0.000
2025-11-17 06:43:31 INFO    |  step: 21697024, eval/episode_reward_near: 0.000 +/- 0.000
2025-11-17 06:43:31 INFO    |  step: 21697024, eval/episode_reward_survive: 0.000 +/- 0.000
2025-11-17 06:43:31 INFO    |  step: 21697024, eval/episode_success_hard: 0.000 +/- 0.000
2025-11-17 06:43:50 INFO    |  actor input shape: (10000, 31)
2025-11-17 06:43:50 INFO    |  encoder input shape: (10000, 37)
2025-11-17 06:43:50 INFO    |  encoder input shape: (10000, 2)
2025-11-17 06:43:51 INFO    |  actor input shape: (10000, 31)
2025-11-17 06:43:51 INFO    |  encoder input shape: (10000, 37)
2025-11-17 06:43:51 INFO    |  encoder input shape: (10000, 2)
2025-11-17 06:43:51 INFO    |  actor input shape: (10000, 31)
2025-11-17 06:43:51 INFO    |  encoder input shape: (10000, 37)
2025-11-17 06:43:51 INFO    |  encoder input shape: (10000, 2)
2025-11-17 06:43:51 INFO    |  Plotted visualizations at env step 22093824.0
2025-11-17 06:43:53 INFO    |  step: 22093824
2025-11-17 06:43:53 INFO    |  step: 22093824, training/sps: 19690.872 +/- 0.000
2025-11-17 06:43:53 INFO    |  step: 22093824, training/actor_loss: 1.774 +/- 0.000
2025-11-17 06:43:53 INFO    |  step: 22093824, training/adaptive_mixing: 0.004 +/- 0.000
2025-11-17 06:43:53 INFO    |  step: 22093824, training/alpha_loss: -0.000 +/- 0.000
2025-11-17 06:43:53 INFO    |  step: 22093824, training/critic_loss: 1.802 +/- 0.000
2025-11-17 06:43:53 INFO    |  step: 22093824, training/entropy: -4.002 +/- 0.000
2025-11-17 06:43:53 INFO    |  step: 22093824, training/env_grad_mean_norm: 0.455 +/- 0.000
2025-11-17 06:43:53 INFO    |  step: 22093824, training/env_grad_trvar: 44.176 +/- 0.000
2025-11-17 06:43:53 INFO    |  step: 22093824, training/env_rb_bias_squared: 19.311 +/- 0.000
2025-11-17 06:43:53 INFO    |  step: 22093824, training/log_alpha: -4.744 +/- 0.000
2025-11-17 06:43:53 INFO    |  step: 22093824, training/num_env_samples: 252.645 +/- 0.000
2025-11-17 06:43:53 INFO    |  step: 22093824, training/num_rb_samples: 3.355 +/- 0.000
2025-11-17 06:43:53 INFO    |  step: 22093824, training/rb_grad_mean_norm: 3.635 +/- 0.000
2025-11-17 06:43:53 INFO    |  step: 22093824, training/rb_grad_trvar: 29.499 +/- 0.000
2025-11-17 06:43:53 INFO    |  step: 22093824, eval/episode_reward: 288.223 +/- 0.000
2025-11-17 06:43:53 INFO    |  step: 22093824, eval/episode_success: 288.223 +/- 0.000
2025-11-17 06:43:53 INFO    |  step: 22093824, eval/episode_success_easy: 589.770 +/- 0.000
2025-11-17 06:43:53 INFO    |  step: 22093824, eval/episode_dist: 2332.387 +/- 0.000
2025-11-17 06:43:53 INFO    |  step: 22093824, eval/episode_success_any: 0.547 +/- 0.000
2025-11-17 06:43:53 INFO    |  step: 22093824, eval/episode_reward_ctrl: 0.000 +/- 0.000
2025-11-17 06:43:53 INFO    |  step: 22093824, eval/episode_reward_dist: 0.000 +/- 0.000
2025-11-17 06:43:53 INFO    |  step: 22093824, eval/episode_reward_near: 0.000 +/- 0.000
2025-11-17 06:43:53 INFO    |  step: 22093824, eval/episode_reward_survive: 0.000 +/- 0.000
2025-11-17 06:43:53 INFO    |  step: 22093824, eval/episode_success_hard: 0.000 +/- 0.000
2025-11-17 06:44:12 INFO    |  actor input shape: (10000, 31)
2025-11-17 06:44:12 INFO    |  encoder input shape: (10000, 37)
2025-11-17 06:44:12 INFO    |  encoder input shape: (10000, 2)
2025-11-17 06:44:13 INFO    |  actor input shape: (10000, 31)
2025-11-17 06:44:13 INFO    |  encoder input shape: (10000, 37)
2025-11-17 06:44:13 INFO    |  encoder input shape: (10000, 2)
2025-11-17 06:44:13 INFO    |  actor input shape: (10000, 31)
2025-11-17 06:44:13 INFO    |  encoder input shape: (10000, 37)
2025-11-17 06:44:13 INFO    |  encoder input shape: (10000, 2)
2025-11-17 06:44:13 INFO    |  Plotted visualizations at env step 22490624.0
2025-11-17 06:44:15 INFO    |  step: 22490624
2025-11-17 06:44:17 INFO    |  actor input shape: (1, 31)
2025-11-17 06:44:33 INFO    |  step: 22490624, training/sps: 19594.295 +/- 0.000
2025-11-17 06:44:33 INFO    |  step: 22490624, training/actor_loss: 1.776 +/- 0.000
2025-11-17 06:44:33 INFO    |  step: 22490624, training/adaptive_mixing: 0.021 +/- 0.000
2025-11-17 06:44:33 INFO    |  step: 22490624, training/alpha_loss: 0.000 +/- 0.000
2025-11-17 06:44:33 INFO    |  step: 22490624, training/critic_loss: 1.799 +/- 0.000
2025-11-17 06:44:33 INFO    |  step: 22490624, training/entropy: -3.998 +/- 0.000
2025-11-17 06:44:33 INFO    |  step: 22490624, training/env_grad_mean_norm: 0.452 +/- 0.000
2025-11-17 06:44:33 INFO    |  step: 22490624, training/env_grad_trvar: 43.712 +/- 0.000
2025-11-17 06:44:33 INFO    |  step: 22490624, training/env_rb_bias_squared: 20.361 +/- 0.000
2025-11-17 06:44:33 INFO    |  step: 22490624, training/log_alpha: -4.741 +/- 0.000
2025-11-17 06:44:33 INFO    |  step: 22490624, training/num_env_samples: 252.754 +/- 0.000
2025-11-17 06:44:33 INFO    |  step: 22490624, training/num_rb_samples: 3.246 +/- 0.000
2025-11-17 06:44:33 INFO    |  step: 22490624, training/rb_grad_mean_norm: 3.707 +/- 0.000
2025-11-17 06:44:33 INFO    |  step: 22490624, training/rb_grad_trvar: 29.450 +/- 0.000
2025-11-17 06:44:33 INFO    |  step: 22490624, eval/episode_reward: 233.367 +/- 0.000
2025-11-17 06:44:33 INFO    |  step: 22490624, eval/episode_success: 233.367 +/- 0.000
2025-11-17 06:44:33 INFO    |  step: 22490624, eval/episode_success_easy: 528.281 +/- 0.000
2025-11-17 06:44:33 INFO    |  step: 22490624, eval/episode_dist: 2268.200 +/- 0.000
2025-11-17 06:44:33 INFO    |  step: 22490624, eval/episode_success_any: 0.520 +/- 0.000
2025-11-17 06:44:33 INFO    |  step: 22490624, eval/episode_reward_ctrl: 0.000 +/- 0.000
2025-11-17 06:44:33 INFO    |  step: 22490624, eval/episode_reward_dist: 0.000 +/- 0.000
2025-11-17 06:44:33 INFO    |  step: 22490624, eval/episode_reward_near: 0.000 +/- 0.000
2025-11-17 06:44:33 INFO    |  step: 22490624, eval/episode_reward_survive: 0.000 +/- 0.000
2025-11-17 06:44:33 INFO    |  step: 22490624, eval/episode_success_hard: 0.000 +/- 0.000
2025-11-17 06:44:53 INFO    |  actor input shape: (10000, 31)
2025-11-17 06:44:53 INFO    |  encoder input shape: (10000, 37)
2025-11-17 06:44:53 INFO    |  encoder input shape: (10000, 2)
2025-11-17 06:44:53 INFO    |  actor input shape: (10000, 31)
2025-11-17 06:44:53 INFO    |  encoder input shape: (10000, 37)
2025-11-17 06:44:53 INFO    |  encoder input shape: (10000, 2)
2025-11-17 06:44:53 INFO    |  actor input shape: (10000, 31)
2025-11-17 06:44:53 INFO    |  encoder input shape: (10000, 37)
2025-11-17 06:44:53 INFO    |  encoder input shape: (10000, 2)
2025-11-17 06:44:54 INFO    |  Plotted visualizations at env step 22887424.0
2025-11-17 06:44:55 INFO    |  step: 22887424
2025-11-17 06:44:55 INFO    |  step: 22887424, training/sps: 19637.365 +/- 0.000
2025-11-17 06:44:55 INFO    |  step: 22887424, training/actor_loss: 1.775 +/- 0.000
2025-11-17 06:44:55 INFO    |  step: 22887424, training/adaptive_mixing: 0.005 +/- 0.000
2025-11-17 06:44:55 INFO    |  step: 22887424, training/alpha_loss: 0.000 +/- 0.000
2025-11-17 06:44:55 INFO    |  step: 22887424, training/critic_loss: 1.802 +/- 0.000
2025-11-17 06:44:55 INFO    |  step: 22887424, training/entropy: -3.999 +/- 0.000
2025-11-17 06:44:56 INFO    |  step: 22887424, training/env_grad_mean_norm: 0.451 +/- 0.000
2025-11-17 06:44:56 INFO    |  step: 22887424, training/env_grad_trvar: 43.438 +/- 0.000
2025-11-17 06:44:56 INFO    |  step: 22887424, training/env_rb_bias_squared: 17.539 +/- 0.000
2025-11-17 06:44:56 INFO    |  step: 22887424, training/log_alpha: -4.740 +/- 0.000
2025-11-17 06:44:56 INFO    |  step: 22887424, training/num_env_samples: 252.136 +/- 0.000
2025-11-17 06:44:56 INFO    |  step: 22887424, training/num_rb_samples: 3.864 +/- 0.000
2025-11-17 06:44:56 INFO    |  step: 22887424, training/rb_grad_mean_norm: 3.498 +/- 0.000
2025-11-17 06:44:56 INFO    |  step: 22887424, training/rb_grad_trvar: 32.769 +/- 0.000
2025-11-17 06:44:56 INFO    |  step: 22887424, eval/episode_reward: 265.148 +/- 0.000
2025-11-17 06:44:56 INFO    |  step: 22887424, eval/episode_success: 265.148 +/- 0.000
2025-11-17 06:44:56 INFO    |  step: 22887424, eval/episode_success_easy: 518.762 +/- 0.000
2025-11-17 06:44:56 INFO    |  step: 22887424, eval/episode_dist: 2619.503 +/- 0.000
2025-11-17 06:44:56 INFO    |  step: 22887424, eval/episode_success_any: 0.512 +/- 0.000
2025-11-17 06:44:56 INFO    |  step: 22887424, eval/episode_reward_ctrl: 0.000 +/- 0.000
2025-11-17 06:44:56 INFO    |  step: 22887424, eval/episode_reward_dist: 0.000 +/- 0.000
2025-11-17 06:44:56 INFO    |  step: 22887424, eval/episode_reward_near: 0.000 +/- 0.000
2025-11-17 06:44:56 INFO    |  step: 22887424, eval/episode_reward_survive: 0.000 +/- 0.000
2025-11-17 06:44:56 INFO    |  step: 22887424, eval/episode_success_hard: 0.000 +/- 0.000
2025-11-17 06:45:16 INFO    |  actor input shape: (10000, 31)
2025-11-17 06:45:16 INFO    |  encoder input shape: (10000, 37)
2025-11-17 06:45:16 INFO    |  encoder input shape: (10000, 2)
2025-11-17 06:45:16 INFO    |  actor input shape: (10000, 31)
2025-11-17 06:45:16 INFO    |  encoder input shape: (10000, 37)
2025-11-17 06:45:16 INFO    |  encoder input shape: (10000, 2)
2025-11-17 06:45:16 INFO    |  actor input shape: (10000, 31)
2025-11-17 06:45:16 INFO    |  encoder input shape: (10000, 37)
2025-11-17 06:45:16 INFO    |  encoder input shape: (10000, 2)
2025-11-17 06:45:16 INFO    |  Plotted visualizations at env step 23284224.0
2025-11-17 06:45:18 INFO    |  step: 23284224
2025-11-17 06:45:18 INFO    |  step: 23284224, training/sps: 18991.038 +/- 0.000
2025-11-17 06:45:18 INFO    |  step: 23284224, training/actor_loss: 1.778 +/- 0.000
2025-11-17 06:45:18 INFO    |  step: 23284224, training/adaptive_mixing: 0.020 +/- 0.000
2025-11-17 06:45:18 INFO    |  step: 23284224, training/alpha_loss: 0.000 +/- 0.000
2025-11-17 06:45:18 INFO    |  step: 23284224, training/critic_loss: 1.801 +/- 0.000
2025-11-17 06:45:18 INFO    |  step: 23284224, training/entropy: -3.999 +/- 0.000
2025-11-17 06:45:18 INFO    |  step: 23284224, training/env_grad_mean_norm: 0.446 +/- 0.000
2025-11-17 06:45:18 INFO    |  step: 23284224, training/env_grad_trvar: 42.475 +/- 0.000
2025-11-17 06:45:18 INFO    |  step: 23284224, training/env_rb_bias_squared: 15.675 +/- 0.000
2025-11-17 06:45:18 INFO    |  step: 23284224, training/log_alpha: -4.747 +/- 0.000
2025-11-17 06:45:18 INFO    |  step: 23284224, training/num_env_samples: 251.844 +/- 0.000
2025-11-17 06:45:18 INFO    |  step: 23284224, training/num_rb_samples: 4.156 +/- 0.000
2025-11-17 06:45:18 INFO    |  step: 23284224, training/rb_grad_mean_norm: 3.355 +/- 0.000
2025-11-17 06:45:18 INFO    |  step: 23284224, training/rb_grad_trvar: 33.440 +/- 0.000
2025-11-17 06:45:18 INFO    |  step: 23284224, eval/episode_reward: 205.105 +/- 0.000
2025-11-17 06:45:18 INFO    |  step: 23284224, eval/episode_success: 205.105 +/- 0.000
2025-11-17 06:45:18 INFO    |  step: 23284224, eval/episode_success_easy: 475.672 +/- 0.000
2025-11-17 06:45:18 INFO    |  step: 23284224, eval/episode_dist: 3044.393 +/- 0.000
2025-11-17 06:45:18 INFO    |  step: 23284224, eval/episode_success_any: 0.453 +/- 0.000
2025-11-17 06:45:18 INFO    |  step: 23284224, eval/episode_reward_ctrl: 0.000 +/- 0.000
2025-11-17 06:45:18 INFO    |  step: 23284224, eval/episode_reward_dist: 0.000 +/- 0.000
2025-11-17 06:45:18 INFO    |  step: 23284224, eval/episode_reward_near: 0.000 +/- 0.000
2025-11-17 06:45:18 INFO    |  step: 23284224, eval/episode_reward_survive: 0.000 +/- 0.000
2025-11-17 06:45:18 INFO    |  step: 23284224, eval/episode_success_hard: 0.000 +/- 0.000
2025-11-17 06:45:38 INFO    |  actor input shape: (10000, 31)
2025-11-17 06:45:38 INFO    |  encoder input shape: (10000, 37)
2025-11-17 06:45:38 INFO    |  encoder input shape: (10000, 2)
2025-11-17 06:45:38 INFO    |  actor input shape: (10000, 31)
2025-11-17 06:45:38 INFO    |  encoder input shape: (10000, 37)
2025-11-17 06:45:38 INFO    |  encoder input shape: (10000, 2)
2025-11-17 06:45:38 INFO    |  actor input shape: (10000, 31)
2025-11-17 06:45:38 INFO    |  encoder input shape: (10000, 37)
2025-11-17 06:45:38 INFO    |  encoder input shape: (10000, 2)
2025-11-17 06:45:38 INFO    |  Plotted visualizations at env step 23681024.0
2025-11-17 06:45:40 INFO    |  step: 23681024
2025-11-17 06:45:40 INFO    |  step: 23681024, training/sps: 19622.184 +/- 0.000
2025-11-17 06:45:40 INFO    |  step: 23681024, training/actor_loss: 1.787 +/- 0.000
2025-11-17 06:45:40 INFO    |  step: 23681024, training/adaptive_mixing: 0.005 +/- 0.000
2025-11-17 06:45:40 INFO    |  step: 23681024, training/alpha_loss: -0.000 +/- 0.000
2025-11-17 06:45:40 INFO    |  step: 23681024, training/critic_loss: 1.814 +/- 0.000
2025-11-17 06:45:40 INFO    |  step: 23681024, training/entropy: -4.001 +/- 0.000
2025-11-17 06:45:40 INFO    |  step: 23681024, training/env_grad_mean_norm: 0.444 +/- 0.000
2025-11-17 06:45:40 INFO    |  step: 23681024, training/env_grad_trvar: 42.523 +/- 0.000
2025-11-17 06:45:40 INFO    |  step: 23681024, training/env_rb_bias_squared: 14.855 +/- 0.000
2025-11-17 06:45:40 INFO    |  step: 23681024, training/log_alpha: -4.753 +/- 0.000
2025-11-17 06:45:40 INFO    |  step: 23681024, training/num_env_samples: 251.681 +/- 0.000
2025-11-17 06:45:40 INFO    |  step: 23681024, training/num_rb_samples: 4.319 +/- 0.000
2025-11-17 06:45:40 INFO    |  step: 23681024, training/rb_grad_mean_norm: 3.305 +/- 0.000
2025-11-17 06:45:40 INFO    |  step: 23681024, training/rb_grad_trvar: 34.085 +/- 0.000
2025-11-17 06:45:40 INFO    |  step: 23681024, eval/episode_reward: 244.254 +/- 0.000
2025-11-17 06:45:40 INFO    |  step: 23681024, eval/episode_success: 244.254 +/- 0.000
2025-11-17 06:45:40 INFO    |  step: 23681024, eval/episode_success_easy: 479.098 +/- 0.000
2025-11-17 06:45:40 INFO    |  step: 23681024, eval/episode_dist: 2827.426 +/- 0.000
2025-11-17 06:45:40 INFO    |  step: 23681024, eval/episode_success_any: 0.543 +/- 0.000
2025-11-17 06:45:40 INFO    |  step: 23681024, eval/episode_reward_ctrl: 0.000 +/- 0.000
2025-11-17 06:45:40 INFO    |  step: 23681024, eval/episode_reward_dist: 0.000 +/- 0.000
2025-11-17 06:45:40 INFO    |  step: 23681024, eval/episode_reward_near: 0.000 +/- 0.000
2025-11-17 06:45:40 INFO    |  step: 23681024, eval/episode_reward_survive: 0.000 +/- 0.000
2025-11-17 06:45:40 INFO    |  step: 23681024, eval/episode_success_hard: 0.000 +/- 0.000
2025-11-17 06:46:00 INFO    |  actor input shape: (10000, 31)
2025-11-17 06:46:00 INFO    |  encoder input shape: (10000, 37)
2025-11-17 06:46:00 INFO    |  encoder input shape: (10000, 2)
2025-11-17 06:46:00 INFO    |  actor input shape: (10000, 31)
2025-11-17 06:46:00 INFO    |  encoder input shape: (10000, 37)
2025-11-17 06:46:00 INFO    |  encoder input shape: (10000, 2)
2025-11-17 06:46:00 INFO    |  actor input shape: (10000, 31)
2025-11-17 06:46:00 INFO    |  encoder input shape: (10000, 37)
2025-11-17 06:46:00 INFO    |  encoder input shape: (10000, 2)
2025-11-17 06:46:00 INFO    |  Plotted visualizations at env step 24077824.0
2025-11-17 06:46:02 INFO    |  step: 24077824
2025-11-17 06:46:02 INFO    |  step: 24077824, training/sps: 19680.945 +/- 0.000
2025-11-17 06:46:02 INFO    |  step: 24077824, training/actor_loss: 1.783 +/- 0.000
2025-11-17 06:46:02 INFO    |  step: 24077824, training/adaptive_mixing: 0.006 +/- 0.000
2025-11-17 06:46:02 INFO    |  step: 24077824, training/alpha_loss: 0.000 +/- 0.000
2025-11-17 06:46:02 INFO    |  step: 24077824, training/critic_loss: 1.808 +/- 0.000
2025-11-17 06:46:02 INFO    |  step: 24077824, training/entropy: -3.998 +/- 0.000
2025-11-17 06:46:02 INFO    |  step: 24077824, training/env_grad_mean_norm: 0.445 +/- 0.000
2025-11-17 06:46:02 INFO    |  step: 24077824, training/env_grad_trvar: 42.659 +/- 0.000
2025-11-17 06:46:02 INFO    |  step: 24077824, training/env_rb_bias_squared: 18.406 +/- 0.000
2025-11-17 06:46:02 INFO    |  step: 24077824, training/log_alpha: -4.753 +/- 0.000
2025-11-17 06:46:02 INFO    |  step: 24077824, training/num_env_samples: 252.419 +/- 0.000
2025-11-17 06:46:02 INFO    |  step: 24077824, training/num_rb_samples: 3.581 +/- 0.000
2025-11-17 06:46:02 INFO    |  step: 24077824, training/rb_grad_mean_norm: 3.541 +/- 0.000
2025-11-17 06:46:02 INFO    |  step: 24077824, training/rb_grad_trvar: 30.325 +/- 0.000
2025-11-17 06:46:02 INFO    |  step: 24077824, eval/episode_reward: 253.312 +/- 0.000
2025-11-17 06:46:02 INFO    |  step: 24077824, eval/episode_success: 253.312 +/- 0.000
2025-11-17 06:46:02 INFO    |  step: 24077824, eval/episode_success_easy: 518.844 +/- 0.000
2025-11-17 06:46:02 INFO    |  step: 24077824, eval/episode_dist: 2247.250 +/- 0.000
2025-11-17 06:46:02 INFO    |  step: 24077824, eval/episode_success_any: 0.578 +/- 0.000
2025-11-17 06:46:02 INFO    |  step: 24077824, eval/episode_reward_ctrl: 0.000 +/- 0.000
2025-11-17 06:46:02 INFO    |  step: 24077824, eval/episode_reward_dist: 0.000 +/- 0.000
2025-11-17 06:46:02 INFO    |  step: 24077824, eval/episode_reward_near: 0.000 +/- 0.000
2025-11-17 06:46:02 INFO    |  step: 24077824, eval/episode_reward_survive: 0.000 +/- 0.000
2025-11-17 06:46:02 INFO    |  step: 24077824, eval/episode_success_hard: 0.000 +/- 0.000
2025-11-17 06:46:21 INFO    |  actor input shape: (10000, 31)
2025-11-17 06:46:21 INFO    |  encoder input shape: (10000, 37)
2025-11-17 06:46:21 INFO    |  encoder input shape: (10000, 2)
2025-11-17 06:46:22 INFO    |  actor input shape: (10000, 31)
2025-11-17 06:46:22 INFO    |  encoder input shape: (10000, 37)
2025-11-17 06:46:22 INFO    |  encoder input shape: (10000, 2)
2025-11-17 06:46:22 INFO    |  actor input shape: (10000, 31)
2025-11-17 06:46:22 INFO    |  encoder input shape: (10000, 37)
2025-11-17 06:46:22 INFO    |  encoder input shape: (10000, 2)
2025-11-17 06:46:22 INFO    |  Plotted visualizations at env step 24474624.0
2025-11-17 06:46:24 INFO    |  step: 24474624
2025-11-17 06:46:26 INFO    |  actor input shape: (1, 31)
2025-11-17 06:46:43 INFO    |  step: 24474624, training/sps: 19836.324 +/- 0.000
2025-11-17 06:46:43 INFO    |  step: 24474624, training/actor_loss: 1.777 +/- 0.000
2025-11-17 06:46:43 INFO    |  step: 24474624, training/adaptive_mixing: 0.005 +/- 0.000
2025-11-17 06:46:43 INFO    |  step: 24474624, training/alpha_loss: -0.000 +/- 0.000
2025-11-17 06:46:43 INFO    |  step: 24474624, training/critic_loss: 1.804 +/- 0.000
2025-11-17 06:46:43 INFO    |  step: 24474624, training/entropy: -4.002 +/- 0.000
2025-11-17 06:46:43 INFO    |  step: 24474624, training/env_grad_mean_norm: 0.446 +/- 0.000
2025-11-17 06:46:43 INFO    |  step: 24474624, training/env_grad_trvar: 42.849 +/- 0.000
2025-11-17 06:46:43 INFO    |  step: 24474624, training/env_rb_bias_squared: 20.154 +/- 0.000
2025-11-17 06:46:43 INFO    |  step: 24474624, training/log_alpha: -4.749 +/- 0.000
2025-11-17 06:46:43 INFO    |  step: 24474624, training/num_env_samples: 252.918 +/- 0.000
2025-11-17 06:46:43 INFO    |  step: 24474624, training/num_rb_samples: 3.082 +/- 0.000
2025-11-17 06:46:43 INFO    |  step: 24474624, training/rb_grad_mean_norm: 3.662 +/- 0.000
2025-11-17 06:46:43 INFO    |  step: 24474624, training/rb_grad_trvar: 26.997 +/- 0.000
2025-11-17 06:46:43 INFO    |  step: 24474624, eval/episode_reward: 223.629 +/- 0.000
2025-11-17 06:46:43 INFO    |  step: 24474624, eval/episode_success: 223.629 +/- 0.000
2025-11-17 06:46:43 INFO    |  step: 24474624, eval/episode_success_easy: 453.773 +/- 0.000
2025-11-17 06:46:43 INFO    |  step: 24474624, eval/episode_dist: 2933.649 +/- 0.000
2025-11-17 06:46:43 INFO    |  step: 24474624, eval/episode_success_any: 0.461 +/- 0.000
2025-11-17 06:46:43 INFO    |  step: 24474624, eval/episode_reward_ctrl: 0.000 +/- 0.000
2025-11-17 06:46:43 INFO    |  step: 24474624, eval/episode_reward_dist: 0.000 +/- 0.000
2025-11-17 06:46:43 INFO    |  step: 24474624, eval/episode_reward_near: 0.000 +/- 0.000
2025-11-17 06:46:43 INFO    |  step: 24474624, eval/episode_reward_survive: 0.000 +/- 0.000
2025-11-17 06:46:43 INFO    |  step: 24474624, eval/episode_success_hard: 0.000 +/- 0.000
2025-11-17 06:47:02 INFO    |  actor input shape: (10000, 31)
2025-11-17 06:47:02 INFO    |  encoder input shape: (10000, 37)
2025-11-17 06:47:02 INFO    |  encoder input shape: (10000, 2)
2025-11-17 06:47:03 INFO    |  actor input shape: (10000, 31)
2025-11-17 06:47:03 INFO    |  encoder input shape: (10000, 37)
2025-11-17 06:47:03 INFO    |  encoder input shape: (10000, 2)
2025-11-17 06:47:03 INFO    |  actor input shape: (10000, 31)
2025-11-17 06:47:03 INFO    |  encoder input shape: (10000, 37)
2025-11-17 06:47:03 INFO    |  encoder input shape: (10000, 2)
2025-11-17 06:47:03 INFO    |  Plotted visualizations at env step 24871424.0
2025-11-17 06:47:05 INFO    |  step: 24871424
2025-11-17 06:47:05 INFO    |  step: 24871424, training/sps: 19547.549 +/- 0.000
2025-11-17 06:47:05 INFO    |  step: 24871424, training/actor_loss: 1.783 +/- 0.000
2025-11-17 06:47:05 INFO    |  step: 24871424, training/adaptive_mixing: 0.021 +/- 0.000
2025-11-17 06:47:05 INFO    |  step: 24871424, training/alpha_loss: 0.000 +/- 0.000
2025-11-17 06:47:05 INFO    |  step: 24871424, training/critic_loss: 1.804 +/- 0.000
2025-11-17 06:47:05 INFO    |  step: 24871424, training/entropy: -3.997 +/- 0.000
2025-11-17 06:47:05 INFO    |  step: 24871424, training/env_grad_mean_norm: 0.441 +/- 0.000
2025-11-17 06:47:05 INFO    |  step: 24871424, training/env_grad_trvar: 42.177 +/- 0.000
2025-11-17 06:47:05 INFO    |  step: 24871424, training/env_rb_bias_squared: 20.215 +/- 0.000
2025-11-17 06:47:05 INFO    |  step: 24871424, training/log_alpha: -4.752 +/- 0.000
2025-11-17 06:47:05 INFO    |  step: 24871424, training/num_env_samples: 252.843 +/- 0.000
2025-11-17 06:47:05 INFO    |  step: 24871424, training/num_rb_samples: 3.157 +/- 0.000
2025-11-17 06:47:05 INFO    |  step: 24871424, training/rb_grad_mean_norm: 3.658 +/- 0.000
2025-11-17 06:47:05 INFO    |  step: 24871424, training/rb_grad_trvar: 27.770 +/- 0.000
2025-11-17 06:47:05 INFO    |  step: 24871424, eval/episode_reward: 277.668 +/- 0.000
2025-11-17 06:47:05 INFO    |  step: 24871424, eval/episode_success: 277.668 +/- 0.000
2025-11-17 06:47:05 INFO    |  step: 24871424, eval/episode_success_easy: 543.742 +/- 0.000
2025-11-17 06:47:05 INFO    |  step: 24871424, eval/episode_dist: 2335.377 +/- 0.000
2025-11-17 06:47:05 INFO    |  step: 24871424, eval/episode_success_any: 0.586 +/- 0.000
2025-11-17 06:47:05 INFO    |  step: 24871424, eval/episode_reward_ctrl: 0.000 +/- 0.000
2025-11-17 06:47:05 INFO    |  step: 24871424, eval/episode_reward_dist: 0.000 +/- 0.000
2025-11-17 06:47:05 INFO    |  step: 24871424, eval/episode_reward_near: 0.000 +/- 0.000
2025-11-17 06:47:05 INFO    |  step: 24871424, eval/episode_reward_survive: 0.000 +/- 0.000
2025-11-17 06:47:05 INFO    |  step: 24871424, eval/episode_success_hard: 0.000 +/- 0.000
2025-11-17 06:47:24 INFO    |  actor input shape: (10000, 31)
2025-11-17 06:47:24 INFO    |  encoder input shape: (10000, 37)
2025-11-17 06:47:24 INFO    |  encoder input shape: (10000, 2)
2025-11-17 06:47:25 INFO    |  actor input shape: (10000, 31)
2025-11-17 06:47:25 INFO    |  encoder input shape: (10000, 37)
2025-11-17 06:47:25 INFO    |  encoder input shape: (10000, 2)
2025-11-17 06:47:25 INFO    |  actor input shape: (10000, 31)
2025-11-17 06:47:25 INFO    |  encoder input shape: (10000, 37)
2025-11-17 06:47:25 INFO    |  encoder input shape: (10000, 2)
2025-11-17 06:47:25 INFO    |  Plotted visualizations at env step 25268224.0
2025-11-17 06:47:27 INFO    |  step: 25268224
2025-11-17 06:47:27 INFO    |  step: 25268224, training/sps: 19450.788 +/- 0.000
2025-11-17 06:47:27 INFO    |  step: 25268224, training/actor_loss: 1.787 +/- 0.000
2025-11-17 06:47:27 INFO    |  step: 25268224, training/adaptive_mixing: 0.009 +/- 0.000
2025-11-17 06:47:27 INFO    |  step: 25268224, training/alpha_loss: -0.000 +/- 0.000
2025-11-17 06:47:27 INFO    |  step: 25268224, training/critic_loss: 1.805 +/- 0.000
2025-11-17 06:47:27 INFO    |  step: 25268224, training/entropy: -4.001 +/- 0.000
2025-11-17 06:47:27 INFO    |  step: 25268224, training/env_grad_mean_norm: 0.438 +/- 0.000
2025-11-17 06:47:27 INFO    |  step: 25268224, training/env_grad_trvar: 41.830 +/- 0.000
2025-11-17 06:47:27 INFO    |  step: 25268224, training/env_rb_bias_squared: 20.791 +/- 0.000
2025-11-17 06:47:27 INFO    |  step: 25268224, training/log_alpha: -4.747 +/- 0.000
2025-11-17 06:47:27 INFO    |  step: 25268224, training/num_env_samples: 253.076 +/- 0.000
2025-11-17 06:47:27 INFO    |  step: 25268224, training/num_rb_samples: 2.924 +/- 0.000
2025-11-17 06:47:27 INFO    |  step: 25268224, training/rb_grad_mean_norm: 3.711 +/- 0.000
2025-11-17 06:47:27 INFO    |  step: 25268224, training/rb_grad_trvar: 26.390 +/- 0.000
2025-11-17 06:47:27 INFO    |  step: 25268224, eval/episode_reward: 324.062 +/- 0.000
2025-11-17 06:47:27 INFO    |  step: 25268224, eval/episode_success: 324.062 +/- 0.000
2025-11-17 06:47:27 INFO    |  step: 25268224, eval/episode_success_easy: 570.969 +/- 0.000
2025-11-17 06:47:27 INFO    |  step: 25268224, eval/episode_dist: 2192.959 +/- 0.000
2025-11-17 06:47:27 INFO    |  step: 25268224, eval/episode_success_any: 0.578 +/- 0.000
2025-11-17 06:47:27 INFO    |  step: 25268224, eval/episode_reward_ctrl: 0.000 +/- 0.000
2025-11-17 06:47:27 INFO    |  step: 25268224, eval/episode_reward_dist: 0.000 +/- 0.000
2025-11-17 06:47:27 INFO    |  step: 25268224, eval/episode_reward_near: 0.000 +/- 0.000
2025-11-17 06:47:27 INFO    |  step: 25268224, eval/episode_reward_survive: 0.000 +/- 0.000
2025-11-17 06:47:27 INFO    |  step: 25268224, eval/episode_success_hard: 0.000 +/- 0.000
2025-11-17 06:47:47 INFO    |  actor input shape: (10000, 31)
2025-11-17 06:47:47 INFO    |  encoder input shape: (10000, 37)
2025-11-17 06:47:47 INFO    |  encoder input shape: (10000, 2)
2025-11-17 06:47:47 INFO    |  actor input shape: (10000, 31)
2025-11-17 06:47:47 INFO    |  encoder input shape: (10000, 37)
2025-11-17 06:47:47 INFO    |  encoder input shape: (10000, 2)
2025-11-17 06:47:47 INFO    |  actor input shape: (10000, 31)
2025-11-17 06:47:47 INFO    |  encoder input shape: (10000, 37)
2025-11-17 06:47:47 INFO    |  encoder input shape: (10000, 2)
2025-11-17 06:47:47 INFO    |  Plotted visualizations at env step 25665024.0
2025-11-17 06:47:49 INFO    |  step: 25665024
2025-11-17 06:47:49 INFO    |  step: 25665024, training/sps: 19661.040 +/- 0.000
2025-11-17 06:47:49 INFO    |  step: 25665024, training/actor_loss: 1.785 +/- 0.000
2025-11-17 06:47:49 INFO    |  step: 25665024, training/adaptive_mixing: 0.041 +/- 0.000
2025-11-17 06:47:49 INFO    |  step: 25665024, training/alpha_loss: -0.000 +/- 0.000
2025-11-17 06:47:49 INFO    |  step: 25665024, training/critic_loss: 1.795 +/- 0.000
2025-11-17 06:47:49 INFO    |  step: 25665024, training/entropy: -4.001 +/- 0.000
2025-11-17 06:47:49 INFO    |  step: 25665024, training/env_grad_mean_norm: 0.434 +/- 0.000
2025-11-17 06:47:49 INFO    |  step: 25665024, training/env_grad_trvar: 41.043 +/- 0.000
2025-11-17 06:47:49 INFO    |  step: 25665024, training/env_rb_bias_squared: 18.089 +/- 0.000
2025-11-17 06:47:49 INFO    |  step: 25665024, training/log_alpha: -4.743 +/- 0.000
2025-11-17 06:47:49 INFO    |  step: 25665024, training/num_env_samples: 252.465 +/- 0.000
2025-11-17 06:47:49 INFO    |  step: 25665024, training/num_rb_samples: 3.535 +/- 0.000
2025-11-17 06:47:49 INFO    |  step: 25665024, training/rb_grad_mean_norm: 3.513 +/- 0.000
2025-11-17 06:47:49 INFO    |  step: 25665024, training/rb_grad_trvar: 29.514 +/- 0.000
2025-11-17 06:47:49 INFO    |  step: 25665024, eval/episode_reward: 220.762 +/- 0.000
2025-11-17 06:47:49 INFO    |  step: 25665024, eval/episode_success: 220.762 +/- 0.000
2025-11-17 06:47:49 INFO    |  step: 25665024, eval/episode_success_easy: 538.719 +/- 0.000
2025-11-17 06:47:49 INFO    |  step: 25665024, eval/episode_dist: 2764.011 +/- 0.000
2025-11-17 06:47:49 INFO    |  step: 25665024, eval/episode_success_any: 0.496 +/- 0.000
2025-11-17 06:47:49 INFO    |  step: 25665024, eval/episode_reward_ctrl: 0.000 +/- 0.000
2025-11-17 06:47:49 INFO    |  step: 25665024, eval/episode_reward_dist: 0.000 +/- 0.000
2025-11-17 06:47:49 INFO    |  step: 25665024, eval/episode_reward_near: 0.000 +/- 0.000
2025-11-17 06:47:49 INFO    |  step: 25665024, eval/episode_reward_survive: 0.000 +/- 0.000
2025-11-17 06:47:49 INFO    |  step: 25665024, eval/episode_success_hard: 0.000 +/- 0.000
2025-11-17 06:48:08 INFO    |  actor input shape: (10000, 31)
2025-11-17 06:48:08 INFO    |  encoder input shape: (10000, 37)
2025-11-17 06:48:08 INFO    |  encoder input shape: (10000, 2)
2025-11-17 06:48:09 INFO    |  actor input shape: (10000, 31)
2025-11-17 06:48:09 INFO    |  encoder input shape: (10000, 37)
2025-11-17 06:48:09 INFO    |  encoder input shape: (10000, 2)
2025-11-17 06:48:09 INFO    |  actor input shape: (10000, 31)
2025-11-17 06:48:09 INFO    |  encoder input shape: (10000, 37)
2025-11-17 06:48:09 INFO    |  encoder input shape: (10000, 2)
2025-11-17 06:48:09 INFO    |  Plotted visualizations at env step 26061824.0
2025-11-17 06:48:11 INFO    |  step: 26061824
2025-11-17 06:48:11 INFO    |  step: 26061824, training/sps: 19785.768 +/- 0.000
2025-11-17 06:48:11 INFO    |  step: 26061824, training/actor_loss: 1.786 +/- 0.000
2025-11-17 06:48:11 INFO    |  step: 26061824, training/adaptive_mixing: 0.007 +/- 0.000
2025-11-17 06:48:11 INFO    |  step: 26061824, training/alpha_loss: -0.000 +/- 0.000
2025-11-17 06:48:11 INFO    |  step: 26061824, training/critic_loss: 1.799 +/- 0.000
2025-11-17 06:48:11 INFO    |  step: 26061824, training/entropy: -4.000 +/- 0.000
2025-11-17 06:48:11 INFO    |  step: 26061824, training/env_grad_mean_norm: 0.440 +/- 0.000
2025-11-17 06:48:11 INFO    |  step: 26061824, training/env_grad_trvar: 41.839 +/- 0.000
2025-11-17 06:48:11 INFO    |  step: 26061824, training/env_rb_bias_squared: 17.331 +/- 0.000
2025-11-17 06:48:11 INFO    |  step: 26061824, training/log_alpha: -4.746 +/- 0.000
2025-11-17 06:48:11 INFO    |  step: 26061824, training/num_env_samples: 252.177 +/- 0.000
2025-11-17 06:48:11 INFO    |  step: 26061824, training/num_rb_samples: 3.823 +/- 0.000
2025-11-17 06:48:11 INFO    |  step: 26061824, training/rb_grad_mean_norm: 3.493 +/- 0.000
2025-11-17 06:48:11 INFO    |  step: 26061824, training/rb_grad_trvar: 32.085 +/- 0.000
2025-11-17 06:48:11 INFO    |  step: 26061824, eval/episode_reward: 280.973 +/- 0.000
2025-11-17 06:48:11 INFO    |  step: 26061824, eval/episode_success: 280.973 +/- 0.000
2025-11-17 06:48:11 INFO    |  step: 26061824, eval/episode_success_easy: 527.996 +/- 0.000
2025-11-17 06:48:11 INFO    |  step: 26061824, eval/episode_dist: 2593.472 +/- 0.000
2025-11-17 06:48:11 INFO    |  step: 26061824, eval/episode_success_any: 0.562 +/- 0.000
2025-11-17 06:48:11 INFO    |  step: 26061824, eval/episode_reward_ctrl: 0.000 +/- 0.000
2025-11-17 06:48:11 INFO    |  step: 26061824, eval/episode_reward_dist: 0.000 +/- 0.000
2025-11-17 06:48:11 INFO    |  step: 26061824, eval/episode_reward_near: 0.000 +/- 0.000
2025-11-17 06:48:11 INFO    |  step: 26061824, eval/episode_reward_survive: 0.000 +/- 0.000
2025-11-17 06:48:11 INFO    |  step: 26061824, eval/episode_success_hard: 0.000 +/- 0.000
2025-11-17 06:48:31 INFO    |  actor input shape: (10000, 31)
2025-11-17 06:48:31 INFO    |  encoder input shape: (10000, 37)
2025-11-17 06:48:31 INFO    |  encoder input shape: (10000, 2)
2025-11-17 06:48:31 INFO    |  actor input shape: (10000, 31)
2025-11-17 06:48:31 INFO    |  encoder input shape: (10000, 37)
2025-11-17 06:48:31 INFO    |  encoder input shape: (10000, 2)
2025-11-17 06:48:31 INFO    |  actor input shape: (10000, 31)
2025-11-17 06:48:31 INFO    |  encoder input shape: (10000, 37)
2025-11-17 06:48:31 INFO    |  encoder input shape: (10000, 2)
2025-11-17 06:48:31 INFO    |  Plotted visualizations at env step 26458624.0
2025-11-17 06:48:33 INFO    |  step: 26458624
2025-11-17 06:48:35 INFO    |  actor input shape: (1, 31)
2025-11-17 06:48:52 INFO    |  step: 26458624, training/sps: 19553.371 +/- 0.000
2025-11-17 06:48:52 INFO    |  step: 26458624, training/actor_loss: 1.780 +/- 0.000
2025-11-17 06:48:52 INFO    |  step: 26458624, training/adaptive_mixing: 0.024 +/- 0.000
2025-11-17 06:48:52 INFO    |  step: 26458624, training/alpha_loss: -0.000 +/- 0.000
2025-11-17 06:48:52 INFO    |  step: 26458624, training/critic_loss: 1.795 +/- 0.000
2025-11-17 06:48:52 INFO    |  step: 26458624, training/entropy: -4.000 +/- 0.000
2025-11-17 06:48:52 INFO    |  step: 26458624, training/env_grad_mean_norm: 0.444 +/- 0.000
2025-11-17 06:48:52 INFO    |  step: 26458624, training/env_grad_trvar: 42.560 +/- 0.000
2025-11-17 06:48:52 INFO    |  step: 26458624, training/env_rb_bias_squared: 18.218 +/- 0.000
2025-11-17 06:48:52 INFO    |  step: 26458624, training/log_alpha: -4.733 +/- 0.000
2025-11-17 06:48:52 INFO    |  step: 26458624, training/num_env_samples: 252.189 +/- 0.000
2025-11-17 06:48:52 INFO    |  step: 26458624, training/num_rb_samples: 3.811 +/- 0.000
2025-11-17 06:48:52 INFO    |  step: 26458624, training/rb_grad_mean_norm: 3.574 +/- 0.000
2025-11-17 06:48:52 INFO    |  step: 26458624, training/rb_grad_trvar: 33.905 +/- 0.000
2025-11-17 06:48:52 INFO    |  step: 26458624, eval/episode_reward: 276.875 +/- 0.000
2025-11-17 06:48:52 INFO    |  step: 26458624, eval/episode_success: 276.875 +/- 0.000
2025-11-17 06:48:52 INFO    |  step: 26458624, eval/episode_success_easy: 503.305 +/- 0.000
2025-11-17 06:48:52 INFO    |  step: 26458624, eval/episode_dist: 2607.688 +/- 0.000
2025-11-17 06:48:52 INFO    |  step: 26458624, eval/episode_success_any: 0.535 +/- 0.000
2025-11-17 06:48:52 INFO    |  step: 26458624, eval/episode_reward_ctrl: 0.000 +/- 0.000
2025-11-17 06:48:52 INFO    |  step: 26458624, eval/episode_reward_dist: 0.000 +/- 0.000
2025-11-17 06:48:52 INFO    |  step: 26458624, eval/episode_reward_near: 0.000 +/- 0.000
2025-11-17 06:48:52 INFO    |  step: 26458624, eval/episode_reward_survive: 0.000 +/- 0.000
2025-11-17 06:48:52 INFO    |  step: 26458624, eval/episode_success_hard: 0.000 +/- 0.000
2025-11-17 06:49:11 INFO    |  actor input shape: (10000, 31)
2025-11-17 06:49:11 INFO    |  encoder input shape: (10000, 37)
2025-11-17 06:49:11 INFO    |  encoder input shape: (10000, 2)
2025-11-17 06:49:11 INFO    |  actor input shape: (10000, 31)
2025-11-17 06:49:11 INFO    |  encoder input shape: (10000, 37)
2025-11-17 06:49:11 INFO    |  encoder input shape: (10000, 2)
2025-11-17 06:49:12 INFO    |  actor input shape: (10000, 31)
2025-11-17 06:49:12 INFO    |  encoder input shape: (10000, 37)
2025-11-17 06:49:12 INFO    |  encoder input shape: (10000, 2)
2025-11-17 06:49:12 INFO    |  Plotted visualizations at env step 26855424.0
2025-11-17 06:49:14 INFO    |  step: 26855424
2025-11-17 06:49:14 INFO    |  step: 26855424, training/sps: 19619.014 +/- 0.000
2025-11-17 06:49:14 INFO    |  step: 26855424, training/actor_loss: 1.784 +/- 0.000
2025-11-17 06:49:14 INFO    |  step: 26855424, training/adaptive_mixing: 0.022 +/- 0.000
2025-11-17 06:49:14 INFO    |  step: 26855424, training/alpha_loss: -0.000 +/- 0.000
2025-11-17 06:49:14 INFO    |  step: 26855424, training/critic_loss: 1.794 +/- 0.000
2025-11-17 06:49:14 INFO    |  step: 26855424, training/entropy: -4.001 +/- 0.000
2025-11-17 06:49:14 INFO    |  step: 26855424, training/env_grad_mean_norm: 0.443 +/- 0.000
2025-11-17 06:49:14 INFO    |  step: 26855424, training/env_grad_trvar: 42.695 +/- 0.000
2025-11-17 06:49:14 INFO    |  step: 26855424, training/env_rb_bias_squared: 15.751 +/- 0.000
2025-11-17 06:49:14 INFO    |  step: 26855424, training/log_alpha: -4.740 +/- 0.000
2025-11-17 06:49:14 INFO    |  step: 26855424, training/num_env_samples: 251.882 +/- 0.000
2025-11-17 06:49:14 INFO    |  step: 26855424, training/num_rb_samples: 4.118 +/- 0.000
2025-11-17 06:49:14 INFO    |  step: 26855424, training/rb_grad_mean_norm: 3.369 +/- 0.000
2025-11-17 06:49:14 INFO    |  step: 26855424, training/rb_grad_trvar: 32.708 +/- 0.000
2025-11-17 06:49:14 INFO    |  step: 26855424, eval/episode_reward: 256.094 +/- 0.000
2025-11-17 06:49:14 INFO    |  step: 26855424, eval/episode_success: 256.094 +/- 0.000
2025-11-17 06:49:14 INFO    |  step: 26855424, eval/episode_success_easy: 506.055 +/- 0.000
2025-11-17 06:49:14 INFO    |  step: 26855424, eval/episode_dist: 2680.317 +/- 0.000
2025-11-17 06:49:14 INFO    |  step: 26855424, eval/episode_success_any: 0.520 +/- 0.000
2025-11-17 06:49:14 INFO    |  step: 26855424, eval/episode_reward_ctrl: 0.000 +/- 0.000
2025-11-17 06:49:14 INFO    |  step: 26855424, eval/episode_reward_dist: 0.000 +/- 0.000
2025-11-17 06:49:14 INFO    |  step: 26855424, eval/episode_reward_near: 0.000 +/- 0.000
2025-11-17 06:49:14 INFO    |  step: 26855424, eval/episode_reward_survive: 0.000 +/- 0.000
2025-11-17 06:49:14 INFO    |  step: 26855424, eval/episode_success_hard: 0.000 +/- 0.000
2025-11-17 06:49:33 INFO    |  actor input shape: (10000, 31)
2025-11-17 06:49:33 INFO    |  encoder input shape: (10000, 37)
2025-11-17 06:49:33 INFO    |  encoder input shape: (10000, 2)
2025-11-17 06:49:33 INFO    |  actor input shape: (10000, 31)
2025-11-17 06:49:33 INFO    |  encoder input shape: (10000, 37)
2025-11-17 06:49:33 INFO    |  encoder input shape: (10000, 2)
2025-11-17 06:49:34 INFO    |  actor input shape: (10000, 31)
2025-11-17 06:49:34 INFO    |  encoder input shape: (10000, 37)
2025-11-17 06:49:34 INFO    |  encoder input shape: (10000, 2)
2025-11-17 06:49:34 INFO    |  Plotted visualizations at env step 27252224.0
2025-11-17 06:49:36 INFO    |  step: 27252224
2025-11-17 06:49:36 INFO    |  step: 27252224, training/sps: 19655.869 +/- 0.000
2025-11-17 06:49:36 INFO    |  step: 27252224, training/actor_loss: 1.791 +/- 0.000
2025-11-17 06:49:36 INFO    |  step: 27252224, training/adaptive_mixing: 0.003 +/- 0.000
2025-11-17 06:49:36 INFO    |  step: 27252224, training/alpha_loss: 0.000 +/- 0.000
2025-11-17 06:49:36 INFO    |  step: 27252224, training/critic_loss: 1.801 +/- 0.000
2025-11-17 06:49:36 INFO    |  step: 27252224, training/entropy: -3.998 +/- 0.000
2025-11-17 06:49:36 INFO    |  step: 27252224, training/env_grad_mean_norm: 0.445 +/- 0.000
2025-11-17 06:49:36 INFO    |  step: 27252224, training/env_grad_trvar: 43.108 +/- 0.000
2025-11-17 06:49:36 INFO    |  step: 27252224, training/env_rb_bias_squared: 14.601 +/- 0.000
2025-11-17 06:49:36 INFO    |  step: 27252224, training/log_alpha: -4.735 +/- 0.000
2025-11-17 06:49:36 INFO    |  step: 27252224, training/num_env_samples: 251.369 +/- 0.000
2025-11-17 06:49:36 INFO    |  step: 27252224, training/num_rb_samples: 4.631 +/- 0.000
2025-11-17 06:49:36 INFO    |  step: 27252224, training/rb_grad_mean_norm: 3.292 +/- 0.000
2025-11-17 06:49:36 INFO    |  step: 27252224, training/rb_grad_trvar: 36.523 +/- 0.000
2025-11-17 06:49:36 INFO    |  step: 27252224, eval/episode_reward: 386.652 +/- 0.000
2025-11-17 06:49:36 INFO    |  step: 27252224, eval/episode_success: 386.652 +/- 0.000
2025-11-17 06:49:36 INFO    |  step: 27252224, eval/episode_success_easy: 591.762 +/- 0.000
2025-11-17 06:49:36 INFO    |  step: 27252224, eval/episode_dist: 2245.434 +/- 0.000
2025-11-17 06:49:36 INFO    |  step: 27252224, eval/episode_success_any: 0.676 +/- 0.000
2025-11-17 06:49:36 INFO    |  step: 27252224, eval/episode_reward_ctrl: 0.000 +/- 0.000
2025-11-17 06:49:36 INFO    |  step: 27252224, eval/episode_reward_dist: 0.000 +/- 0.000
2025-11-17 06:49:36 INFO    |  step: 27252224, eval/episode_reward_near: 0.000 +/- 0.000
2025-11-17 06:49:36 INFO    |  step: 27252224, eval/episode_reward_survive: 0.000 +/- 0.000
2025-11-17 06:49:36 INFO    |  step: 27252224, eval/episode_success_hard: 0.000 +/- 0.000
2025-11-17 06:49:55 INFO    |  actor input shape: (10000, 31)
2025-11-17 06:49:55 INFO    |  encoder input shape: (10000, 37)
2025-11-17 06:49:55 INFO    |  encoder input shape: (10000, 2)
2025-11-17 06:49:55 INFO    |  actor input shape: (10000, 31)
2025-11-17 06:49:55 INFO    |  encoder input shape: (10000, 37)
2025-11-17 06:49:55 INFO    |  encoder input shape: (10000, 2)
2025-11-17 06:49:56 INFO    |  actor input shape: (10000, 31)
2025-11-17 06:49:56 INFO    |  encoder input shape: (10000, 37)
2025-11-17 06:49:56 INFO    |  encoder input shape: (10000, 2)
2025-11-17 06:49:56 INFO    |  Plotted visualizations at env step 27649024.0
2025-11-17 06:49:58 INFO    |  step: 27649024
2025-11-17 06:49:58 INFO    |  step: 27649024, training/sps: 19514.660 +/- 0.000
2025-11-17 06:49:58 INFO    |  step: 27649024, training/actor_loss: 1.784 +/- 0.000
2025-11-17 06:49:58 INFO    |  step: 27649024, training/adaptive_mixing: 0.023 +/- 0.000
2025-11-17 06:49:58 INFO    |  step: 27649024, training/alpha_loss: -0.000 +/- 0.000
2025-11-17 06:49:58 INFO    |  step: 27649024, training/critic_loss: 1.800 +/- 0.000
2025-11-17 06:49:58 INFO    |  step: 27649024, training/entropy: -4.003 +/- 0.000
2025-11-17 06:49:58 INFO    |  step: 27649024, training/env_grad_mean_norm: 0.449 +/- 0.000
2025-11-17 06:49:58 INFO    |  step: 27649024, training/env_grad_trvar: 43.817 +/- 0.000
2025-11-17 06:49:58 INFO    |  step: 27649024, training/env_rb_bias_squared: 14.856 +/- 0.000
2025-11-17 06:49:58 INFO    |  step: 27649024, training/log_alpha: -4.724 +/- 0.000
2025-11-17 06:49:58 INFO    |  step: 27649024, training/num_env_samples: 251.403 +/- 0.000
2025-11-17 06:49:58 INFO    |  step: 27649024, training/num_rb_samples: 4.597 +/- 0.000
2025-11-17 06:49:58 INFO    |  step: 27649024, training/rb_grad_mean_norm: 3.316 +/- 0.000
2025-11-17 06:49:58 INFO    |  step: 27649024, training/rb_grad_trvar: 36.763 +/- 0.000
2025-11-17 06:49:58 INFO    |  step: 27649024, eval/episode_reward: 367.203 +/- 0.000
2025-11-17 06:49:58 INFO    |  step: 27649024, eval/episode_success: 367.203 +/- 0.000
2025-11-17 06:49:58 INFO    |  step: 27649024, eval/episode_success_easy: 553.258 +/- 0.000
2025-11-17 06:49:58 INFO    |  step: 27649024, eval/episode_dist: 2270.386 +/- 0.000
2025-11-17 06:49:58 INFO    |  step: 27649024, eval/episode_success_any: 0.633 +/- 0.000
2025-11-17 06:49:58 INFO    |  step: 27649024, eval/episode_reward_ctrl: 0.000 +/- 0.000
2025-11-17 06:49:58 INFO    |  step: 27649024, eval/episode_reward_dist: 0.000 +/- 0.000
2025-11-17 06:49:58 INFO    |  step: 27649024, eval/episode_reward_near: 0.000 +/- 0.000
2025-11-17 06:49:58 INFO    |  step: 27649024, eval/episode_reward_survive: 0.000 +/- 0.000
2025-11-17 06:49:58 INFO    |  step: 27649024, eval/episode_success_hard: 0.000 +/- 0.000
2025-11-17 06:50:18 INFO    |  actor input shape: (10000, 31)
2025-11-17 06:50:18 INFO    |  encoder input shape: (10000, 37)
2025-11-17 06:50:18 INFO    |  encoder input shape: (10000, 2)
2025-11-17 06:50:18 INFO    |  actor input shape: (10000, 31)
2025-11-17 06:50:18 INFO    |  encoder input shape: (10000, 37)
2025-11-17 06:50:18 INFO    |  encoder input shape: (10000, 2)
2025-11-17 06:50:18 INFO    |  actor input shape: (10000, 31)
2025-11-17 06:50:18 INFO    |  encoder input shape: (10000, 37)
2025-11-17 06:50:18 INFO    |  encoder input shape: (10000, 2)
2025-11-17 06:50:19 INFO    |  Plotted visualizations at env step 28045824.0
2025-11-17 06:50:21 INFO    |  step: 28045824
2025-11-17 06:50:21 INFO    |  step: 28045824, training/sps: 18915.593 +/- 0.000
2025-11-17 06:50:21 INFO    |  step: 28045824, training/actor_loss: 1.785 +/- 0.000
2025-11-17 06:50:21 INFO    |  step: 28045824, training/adaptive_mixing: 0.022 +/- 0.000
2025-11-17 06:50:21 INFO    |  step: 28045824, training/alpha_loss: 0.000 +/- 0.000
2025-11-17 06:50:21 INFO    |  step: 28045824, training/critic_loss: 1.806 +/- 0.000
2025-11-17 06:50:21 INFO    |  step: 28045824, training/entropy: -4.000 +/- 0.000
2025-11-17 06:50:21 INFO    |  step: 28045824, training/env_grad_mean_norm: 0.452 +/- 0.000
2025-11-17 06:50:21 INFO    |  step: 28045824, training/env_grad_trvar: 44.249 +/- 0.000
2025-11-17 06:50:21 INFO    |  step: 28045824, training/env_rb_bias_squared: 16.015 +/- 0.000
2025-11-17 06:50:21 INFO    |  step: 28045824, training/log_alpha: -4.710 +/- 0.000
2025-11-17 06:50:21 INFO    |  step: 28045824, training/num_env_samples: 251.770 +/- 0.000
2025-11-17 06:50:21 INFO    |  step: 28045824, training/num_rb_samples: 4.230 +/- 0.000
2025-11-17 06:50:21 INFO    |  step: 28045824, training/rb_grad_mean_norm: 3.411 +/- 0.000
2025-11-17 06:50:21 INFO    |  step: 28045824, training/rb_grad_trvar: 34.597 +/- 0.000
2025-11-17 06:50:21 INFO    |  step: 28045824, eval/episode_reward: 275.266 +/- 0.000
2025-11-17 06:50:21 INFO    |  step: 28045824, eval/episode_success: 275.266 +/- 0.000
2025-11-17 06:50:21 INFO    |  step: 28045824, eval/episode_success_easy: 522.762 +/- 0.000
2025-11-17 06:50:21 INFO    |  step: 28045824, eval/episode_dist: 2966.344 +/- 0.000
2025-11-17 06:50:21 INFO    |  step: 28045824, eval/episode_success_any: 0.559 +/- 0.000
2025-11-17 06:50:21 INFO    |  step: 28045824, eval/episode_reward_ctrl: 0.000 +/- 0.000
2025-11-17 06:50:21 INFO    |  step: 28045824, eval/episode_reward_dist: 0.000 +/- 0.000
2025-11-17 06:50:21 INFO    |  step: 28045824, eval/episode_reward_near: 0.000 +/- 0.000
2025-11-17 06:50:21 INFO    |  step: 28045824, eval/episode_reward_survive: 0.000 +/- 0.000
2025-11-17 06:50:21 INFO    |  step: 28045824, eval/episode_success_hard: 0.000 +/- 0.000
2025-11-17 06:50:40 INFO    |  actor input shape: (10000, 31)
2025-11-17 06:50:40 INFO    |  encoder input shape: (10000, 37)
2025-11-17 06:50:40 INFO    |  encoder input shape: (10000, 2)
2025-11-17 06:50:40 INFO    |  actor input shape: (10000, 31)
2025-11-17 06:50:40 INFO    |  encoder input shape: (10000, 37)
2025-11-17 06:50:40 INFO    |  encoder input shape: (10000, 2)
2025-11-17 06:50:41 INFO    |  actor input shape: (10000, 31)
2025-11-17 06:50:41 INFO    |  encoder input shape: (10000, 37)
2025-11-17 06:50:41 INFO    |  encoder input shape: (10000, 2)
2025-11-17 06:50:41 INFO    |  Plotted visualizations at env step 28442624.0
2025-11-17 06:50:43 INFO    |  step: 28442624
2025-11-17 06:50:44 INFO    |  actor input shape: (1, 31)
2025-11-17 06:51:02 INFO    |  step: 28442624, training/sps: 19496.538 +/- 0.000
2025-11-17 06:51:02 INFO    |  step: 28442624, training/actor_loss: 1.784 +/- 0.000
2025-11-17 06:51:02 INFO    |  step: 28442624, training/adaptive_mixing: 0.027 +/- 0.000
2025-11-17 06:51:02 INFO    |  step: 28442624, training/alpha_loss: 0.000 +/- 0.000
2025-11-17 06:51:02 INFO    |  step: 28442624, training/critic_loss: 1.805 +/- 0.000
2025-11-17 06:51:02 INFO    |  step: 28442624, training/entropy: -4.000 +/- 0.000
2025-11-17 06:51:02 INFO    |  step: 28442624, training/env_grad_mean_norm: 0.454 +/- 0.000
2025-11-17 06:51:02 INFO    |  step: 28442624, training/env_grad_trvar: 44.693 +/- 0.000
2025-11-17 06:51:02 INFO    |  step: 28442624, training/env_rb_bias_squared: 16.088 +/- 0.000
2025-11-17 06:51:02 INFO    |  step: 28442624, training/log_alpha: -4.706 +/- 0.000
2025-11-17 06:51:02 INFO    |  step: 28442624, training/num_env_samples: 251.650 +/- 0.000
2025-11-17 06:51:02 INFO    |  step: 28442624, training/num_rb_samples: 4.350 +/- 0.000
2025-11-17 06:51:02 INFO    |  step: 28442624, training/rb_grad_mean_norm: 3.421 +/- 0.000
2025-11-17 06:51:02 INFO    |  step: 28442624, training/rb_grad_trvar: 36.182 +/- 0.000
2025-11-17 06:51:02 INFO    |  step: 28442624, eval/episode_reward: 350.422 +/- 0.000
2025-11-17 06:51:02 INFO    |  step: 28442624, eval/episode_success: 350.422 +/- 0.000
2025-11-17 06:51:02 INFO    |  step: 28442624, eval/episode_success_easy: 604.375 +/- 0.000
2025-11-17 06:51:02 INFO    |  step: 28442624, eval/episode_dist: 1885.832 +/- 0.000
2025-11-17 06:51:02 INFO    |  step: 28442624, eval/episode_success_any: 0.633 +/- 0.000
2025-11-17 06:51:02 INFO    |  step: 28442624, eval/episode_reward_ctrl: 0.000 +/- 0.000
2025-11-17 06:51:02 INFO    |  step: 28442624, eval/episode_reward_dist: 0.000 +/- 0.000
2025-11-17 06:51:02 INFO    |  step: 28442624, eval/episode_reward_near: 0.000 +/- 0.000
2025-11-17 06:51:02 INFO    |  step: 28442624, eval/episode_reward_survive: 0.000 +/- 0.000
2025-11-17 06:51:02 INFO    |  step: 28442624, eval/episode_success_hard: 0.000 +/- 0.000
2025-11-17 06:51:21 INFO    |  actor input shape: (10000, 31)
2025-11-17 06:51:22 INFO    |  encoder input shape: (10000, 37)
2025-11-17 06:51:22 INFO    |  encoder input shape: (10000, 2)
2025-11-17 06:51:22 INFO    |  actor input shape: (10000, 31)
2025-11-17 06:51:22 INFO    |  encoder input shape: (10000, 37)
2025-11-17 06:51:22 INFO    |  encoder input shape: (10000, 2)
2025-11-17 06:51:22 INFO    |  actor input shape: (10000, 31)
2025-11-17 06:51:22 INFO    |  encoder input shape: (10000, 37)
2025-11-17 06:51:22 INFO    |  encoder input shape: (10000, 2)
2025-11-17 06:51:22 INFO    |  Plotted visualizations at env step 28839424.0
2025-11-17 06:51:24 INFO    |  step: 28839424
2025-11-17 06:51:24 INFO    |  step: 28839424, training/sps: 19558.027 +/- 0.000
2025-11-17 06:51:24 INFO    |  step: 28839424, training/actor_loss: 1.782 +/- 0.000
2025-11-17 06:51:24 INFO    |  step: 28839424, training/adaptive_mixing: 0.003 +/- 0.000
2025-11-17 06:51:24 INFO    |  step: 28839424, training/alpha_loss: -0.000 +/- 0.000
2025-11-17 06:51:24 INFO    |  step: 28839424, training/critic_loss: 1.805 +/- 0.000
2025-11-17 06:51:24 INFO    |  step: 28839424, training/entropy: -4.002 +/- 0.000
2025-11-17 06:51:24 INFO    |  step: 28839424, training/env_grad_mean_norm: 0.452 +/- 0.000
2025-11-17 06:51:24 INFO    |  step: 28839424, training/env_grad_trvar: 44.451 +/- 0.000
2025-11-17 06:51:24 INFO    |  step: 28839424, training/env_rb_bias_squared: 13.762 +/- 0.000
2025-11-17 06:51:24 INFO    |  step: 28839424, training/log_alpha: -4.707 +/- 0.000
2025-11-17 06:51:24 INFO    |  step: 28839424, training/num_env_samples: 251.089 +/- 0.000
2025-11-17 06:51:24 INFO    |  step: 28839424, training/num_rb_samples: 4.911 +/- 0.000
2025-11-17 06:51:24 INFO    |  step: 28839424, training/rb_grad_mean_norm: 3.242 +/- 0.000
2025-11-17 06:51:24 INFO    |  step: 28839424, training/rb_grad_trvar: 38.572 +/- 0.000
2025-11-17 06:51:24 INFO    |  step: 28839424, eval/episode_reward: 308.785 +/- 0.000
2025-11-17 06:51:24 INFO    |  step: 28839424, eval/episode_success: 308.785 +/- 0.000
2025-11-17 06:51:24 INFO    |  step: 28839424, eval/episode_success_easy: 568.906 +/- 0.000
2025-11-17 06:51:24 INFO    |  step: 28839424, eval/episode_dist: 2674.803 +/- 0.000
2025-11-17 06:51:24 INFO    |  step: 28839424, eval/episode_success_any: 0.594 +/- 0.000
2025-11-17 06:51:24 INFO    |  step: 28839424, eval/episode_reward_ctrl: 0.000 +/- 0.000
2025-11-17 06:51:24 INFO    |  step: 28839424, eval/episode_reward_dist: 0.000 +/- 0.000
2025-11-17 06:51:24 INFO    |  step: 28839424, eval/episode_reward_near: 0.000 +/- 0.000
2025-11-17 06:51:24 INFO    |  step: 28839424, eval/episode_reward_survive: 0.000 +/- 0.000
2025-11-17 06:51:24 INFO    |  step: 28839424, eval/episode_success_hard: 0.000 +/- 0.000
2025-11-17 06:51:44 INFO    |  actor input shape: (10000, 31)
2025-11-17 06:51:44 INFO    |  encoder input shape: (10000, 37)
2025-11-17 06:51:44 INFO    |  encoder input shape: (10000, 2)
2025-11-17 06:51:44 INFO    |  actor input shape: (10000, 31)
2025-11-17 06:51:44 INFO    |  encoder input shape: (10000, 37)
2025-11-17 06:51:44 INFO    |  encoder input shape: (10000, 2)
2025-11-17 06:51:44 INFO    |  actor input shape: (10000, 31)
2025-11-17 06:51:44 INFO    |  encoder input shape: (10000, 37)
2025-11-17 06:51:44 INFO    |  encoder input shape: (10000, 2)
2025-11-17 06:51:44 INFO    |  Plotted visualizations at env step 29236224.0
2025-11-17 06:51:46 INFO    |  step: 29236224
2025-11-17 06:51:46 INFO    |  step: 29236224, training/sps: 19616.302 +/- 0.000
2025-11-17 06:51:46 INFO    |  step: 29236224, training/actor_loss: 1.780 +/- 0.000
2025-11-17 06:51:46 INFO    |  step: 29236224, training/adaptive_mixing: 0.020 +/- 0.000
2025-11-17 06:51:46 INFO    |  step: 29236224, training/alpha_loss: 0.000 +/- 0.000
2025-11-17 06:51:46 INFO    |  step: 29236224, training/critic_loss: 1.804 +/- 0.000
2025-11-17 06:51:46 INFO    |  step: 29236224, training/entropy: -3.997 +/- 0.000
2025-11-17 06:51:46 INFO    |  step: 29236224, training/env_grad_mean_norm: 0.456 +/- 0.000
2025-11-17 06:51:46 INFO    |  step: 29236224, training/env_grad_trvar: 44.979 +/- 0.000
2025-11-17 06:51:46 INFO    |  step: 29236224, training/env_rb_bias_squared: 16.671 +/- 0.000
2025-11-17 06:51:46 INFO    |  step: 29236224, training/log_alpha: -4.696 +/- 0.000
2025-11-17 06:51:46 INFO    |  step: 29236224, training/num_env_samples: 251.644 +/- 0.000
2025-11-17 06:51:46 INFO    |  step: 29236224, training/num_rb_samples: 4.356 +/- 0.000
2025-11-17 06:51:46 INFO    |  step: 29236224, training/rb_grad_mean_norm: 3.458 +/- 0.000
2025-11-17 06:51:46 INFO    |  step: 29236224, training/rb_grad_trvar: 37.565 +/- 0.000
2025-11-17 06:51:46 INFO    |  step: 29236224, eval/episode_reward: 318.465 +/- 0.000
2025-11-17 06:51:46 INFO    |  step: 29236224, eval/episode_success: 318.465 +/- 0.000
2025-11-17 06:51:46 INFO    |  step: 29236224, eval/episode_success_easy: 593.781 +/- 0.000
2025-11-17 06:51:46 INFO    |  step: 29236224, eval/episode_dist: 2328.825 +/- 0.000
2025-11-17 06:51:46 INFO    |  step: 29236224, eval/episode_success_any: 0.617 +/- 0.000
2025-11-17 06:51:46 INFO    |  step: 29236224, eval/episode_reward_ctrl: 0.000 +/- 0.000
2025-11-17 06:51:46 INFO    |  step: 29236224, eval/episode_reward_dist: 0.000 +/- 0.000
2025-11-17 06:51:46 INFO    |  step: 29236224, eval/episode_reward_near: 0.000 +/- 0.000
2025-11-17 06:51:46 INFO    |  step: 29236224, eval/episode_reward_survive: 0.000 +/- 0.000
2025-11-17 06:51:46 INFO    |  step: 29236224, eval/episode_success_hard: 0.000 +/- 0.000
2025-11-17 06:52:06 INFO    |  actor input shape: (10000, 31)
2025-11-17 06:52:06 INFO    |  encoder input shape: (10000, 37)
2025-11-17 06:52:06 INFO    |  encoder input shape: (10000, 2)
2025-11-17 06:52:06 INFO    |  actor input shape: (10000, 31)
2025-11-17 06:52:06 INFO    |  encoder input shape: (10000, 37)
2025-11-17 06:52:06 INFO    |  encoder input shape: (10000, 2)
2025-11-17 06:52:06 INFO    |  actor input shape: (10000, 31)
2025-11-17 06:52:06 INFO    |  encoder input shape: (10000, 37)
2025-11-17 06:52:06 INFO    |  encoder input shape: (10000, 2)
2025-11-17 06:52:07 INFO    |  Plotted visualizations at env step 29633024.0
2025-11-17 06:52:08 INFO    |  step: 29633024
2025-11-17 06:52:08 INFO    |  step: 29633024, training/sps: 19519.697 +/- 0.000
2025-11-17 06:52:08 INFO    |  step: 29633024, training/actor_loss: 1.776 +/- 0.000
2025-11-17 06:52:08 INFO    |  step: 29633024, training/adaptive_mixing: 0.006 +/- 0.000
2025-11-17 06:52:08 INFO    |  step: 29633024, training/alpha_loss: -0.000 +/- 0.000
2025-11-17 06:52:08 INFO    |  step: 29633024, training/critic_loss: 1.799 +/- 0.000
2025-11-17 06:52:08 INFO    |  step: 29633024, training/entropy: -4.004 +/- 0.000
2025-11-17 06:52:08 INFO    |  step: 29633024, training/env_grad_mean_norm: 0.458 +/- 0.000
2025-11-17 06:52:08 INFO    |  step: 29633024, training/env_grad_trvar: 45.435 +/- 0.000
2025-11-17 06:52:08 INFO    |  step: 29633024, training/env_rb_bias_squared: 18.124 +/- 0.000
2025-11-17 06:52:08 INFO    |  step: 29633024, training/log_alpha: -4.688 +/- 0.000
2025-11-17 06:52:08 INFO    |  step: 29633024, training/num_env_samples: 251.866 +/- 0.000
2025-11-17 06:52:08 INFO    |  step: 29633024, training/num_rb_samples: 4.134 +/- 0.000
2025-11-17 06:52:08 INFO    |  step: 29633024, training/rb_grad_mean_norm: 3.611 +/- 0.000
2025-11-17 06:52:08 INFO    |  step: 29633024, training/rb_grad_trvar: 37.872 +/- 0.000
2025-11-17 06:52:08 INFO    |  step: 29633024, eval/episode_reward: 403.551 +/- 0.000
2025-11-17 06:52:08 INFO    |  step: 29633024, eval/episode_success: 403.551 +/- 0.000
2025-11-17 06:52:08 INFO    |  step: 29633024, eval/episode_success_easy: 627.250 +/- 0.000
2025-11-17 06:52:08 INFO    |  step: 29633024, eval/episode_dist: 2143.027 +/- 0.000
2025-11-17 06:52:08 INFO    |  step: 29633024, eval/episode_success_any: 0.672 +/- 0.000
2025-11-17 06:52:08 INFO    |  step: 29633024, eval/episode_reward_ctrl: 0.000 +/- 0.000
2025-11-17 06:52:08 INFO    |  step: 29633024, eval/episode_reward_dist: 0.000 +/- 0.000
2025-11-17 06:52:08 INFO    |  step: 29633024, eval/episode_reward_near: 0.000 +/- 0.000
2025-11-17 06:52:08 INFO    |  step: 29633024, eval/episode_reward_survive: 0.000 +/- 0.000
2025-11-17 06:52:08 INFO    |  step: 29633024, eval/episode_success_hard: 0.000 +/- 0.000
2025-11-17 06:52:28 INFO    |  actor input shape: (10000, 31)
2025-11-17 06:52:28 INFO    |  encoder input shape: (10000, 37)
2025-11-17 06:52:28 INFO    |  encoder input shape: (10000, 2)
2025-11-17 06:52:28 INFO    |  actor input shape: (10000, 31)
2025-11-17 06:52:28 INFO    |  encoder input shape: (10000, 37)
2025-11-17 06:52:28 INFO    |  encoder input shape: (10000, 2)
2025-11-17 06:52:28 INFO    |  actor input shape: (10000, 31)
2025-11-17 06:52:28 INFO    |  encoder input shape: (10000, 37)
2025-11-17 06:52:28 INFO    |  encoder input shape: (10000, 2)
2025-11-17 06:52:28 INFO    |  Plotted visualizations at env step 30029824.0
2025-11-17 06:52:30 INFO    |  step: 30029824
2025-11-17 06:52:30 INFO    |  step: 30029824, training/sps: 19740.902 +/- 0.000
2025-11-17 06:52:30 INFO    |  step: 30029824, training/actor_loss: 1.772 +/- 0.000
2025-11-17 06:52:30 INFO    |  step: 30029824, training/adaptive_mixing: 0.021 +/- 0.000
2025-11-17 06:52:30 INFO    |  step: 30029824, training/alpha_loss: 0.000 +/- 0.000
2025-11-17 06:52:30 INFO    |  step: 30029824, training/critic_loss: 1.798 +/- 0.000
2025-11-17 06:52:30 INFO    |  step: 30029824, training/entropy: -3.996 +/- 0.000
2025-11-17 06:52:30 INFO    |  step: 30029824, training/env_grad_mean_norm: 0.458 +/- 0.000
2025-11-17 06:52:30 INFO    |  step: 30029824, training/env_grad_trvar: 45.441 +/- 0.000
2025-11-17 06:52:30 INFO    |  step: 30029824, training/env_rb_bias_squared: 19.211 +/- 0.000
2025-11-17 06:52:30 INFO    |  step: 30029824, training/log_alpha: -4.692 +/- 0.000
2025-11-17 06:52:30 INFO    |  step: 30029824, training/num_env_samples: 252.104 +/- 0.000
2025-11-17 06:52:30 INFO    |  step: 30029824, training/num_rb_samples: 3.896 +/- 0.000
2025-11-17 06:52:30 INFO    |  step: 30029824, training/rb_grad_mean_norm: 3.700 +/- 0.000
2025-11-17 06:52:30 INFO    |  step: 30029824, training/rb_grad_trvar: 36.829 +/- 0.000
2025-11-17 06:52:30 INFO    |  step: 30029824, eval/episode_reward: 357.035 +/- 0.000
2025-11-17 06:52:30 INFO    |  step: 30029824, eval/episode_success: 357.035 +/- 0.000
2025-11-17 06:52:30 INFO    |  step: 30029824, eval/episode_success_easy: 570.398 +/- 0.000
2025-11-17 06:52:30 INFO    |  step: 30029824, eval/episode_dist: 2276.681 +/- 0.000
2025-11-17 06:52:30 INFO    |  step: 30029824, eval/episode_success_any: 0.609 +/- 0.000
2025-11-17 06:52:30 INFO    |  step: 30029824, eval/episode_reward_ctrl: 0.000 +/- 0.000
2025-11-17 06:52:30 INFO    |  step: 30029824, eval/episode_reward_dist: 0.000 +/- 0.000
2025-11-17 06:52:30 INFO    |  step: 30029824, eval/episode_reward_near: 0.000 +/- 0.000
2025-11-17 06:52:30 INFO    |  step: 30029824, eval/episode_reward_survive: 0.000 +/- 0.000
2025-11-17 06:52:30 INFO    |  step: 30029824, eval/episode_success_hard: 0.000 +/- 0.000
2025-11-17 06:52:50 INFO    |  actor input shape: (10000, 31)
2025-11-17 06:52:50 INFO    |  encoder input shape: (10000, 37)
2025-11-17 06:52:50 INFO    |  encoder input shape: (10000, 2)
2025-11-17 06:52:50 INFO    |  actor input shape: (10000, 31)
2025-11-17 06:52:50 INFO    |  encoder input shape: (10000, 37)
2025-11-17 06:52:50 INFO    |  encoder input shape: (10000, 2)
2025-11-17 06:52:50 INFO    |  actor input shape: (10000, 31)
2025-11-17 06:52:50 INFO    |  encoder input shape: (10000, 37)
2025-11-17 06:52:50 INFO    |  encoder input shape: (10000, 2)
2025-11-17 06:52:50 INFO    |  Plotted visualizations at env step 30426624.0
2025-11-17 06:52:52 INFO    |  step: 30426624
2025-11-17 06:52:54 INFO    |  actor input shape: (1, 31)
2025-11-17 06:53:11 INFO    |  step: 30426624, training/sps: 19734.209 +/- 0.000
2025-11-17 06:53:11 INFO    |  step: 30426624, training/actor_loss: 1.771 +/- 0.000
2025-11-17 06:53:11 INFO    |  step: 30426624, training/adaptive_mixing: 0.021 +/- 0.000
2025-11-17 06:53:11 INFO    |  step: 30426624, training/alpha_loss: 0.000 +/- 0.000
2025-11-17 06:53:11 INFO    |  step: 30426624, training/critic_loss: 1.792 +/- 0.000
2025-11-17 06:53:11 INFO    |  step: 30426624, training/entropy: -4.000 +/- 0.000
2025-11-17 06:53:11 INFO    |  step: 30426624, training/env_grad_mean_norm: 0.457 +/- 0.000
2025-11-17 06:53:11 INFO    |  step: 30426624, training/env_grad_trvar: 45.287 +/- 0.000
2025-11-17 06:53:11 INFO    |  step: 30426624, training/env_rb_bias_squared: 19.662 +/- 0.000
2025-11-17 06:53:11 INFO    |  step: 30426624, training/log_alpha: -4.691 +/- 0.000
2025-11-17 06:53:11 INFO    |  step: 30426624, training/num_env_samples: 252.305 +/- 0.000
2025-11-17 06:53:11 INFO    |  step: 30426624, training/num_rb_samples: 3.695 +/- 0.000
2025-11-17 06:53:11 INFO    |  step: 30426624, training/rb_grad_mean_norm: 3.717 +/- 0.000
2025-11-17 06:53:11 INFO    |  step: 30426624, training/rb_grad_trvar: 35.033 +/- 0.000
2025-11-17 06:53:11 INFO    |  step: 30426624, eval/episode_reward: 353.062 +/- 0.000
2025-11-17 06:53:11 INFO    |  step: 30426624, eval/episode_success: 353.062 +/- 0.000
2025-11-17 06:53:11 INFO    |  step: 30426624, eval/episode_success_easy: 567.188 +/- 0.000
2025-11-17 06:53:11 INFO    |  step: 30426624, eval/episode_dist: 2536.843 +/- 0.000
2025-11-17 06:53:11 INFO    |  step: 30426624, eval/episode_success_any: 0.637 +/- 0.000
2025-11-17 06:53:11 INFO    |  step: 30426624, eval/episode_reward_ctrl: 0.000 +/- 0.000
2025-11-17 06:53:11 INFO    |  step: 30426624, eval/episode_reward_dist: 0.000 +/- 0.000
2025-11-17 06:53:11 INFO    |  step: 30426624, eval/episode_reward_near: 0.000 +/- 0.000
2025-11-17 06:53:11 INFO    |  step: 30426624, eval/episode_reward_survive: 0.000 +/- 0.000
2025-11-17 06:53:11 INFO    |  step: 30426624, eval/episode_success_hard: 0.000 +/- 0.000
2025-11-17 06:53:30 INFO    |  actor input shape: (10000, 31)
2025-11-17 06:53:30 INFO    |  encoder input shape: (10000, 37)
2025-11-17 06:53:30 INFO    |  encoder input shape: (10000, 2)
2025-11-17 06:53:31 INFO    |  actor input shape: (10000, 31)
2025-11-17 06:53:31 INFO    |  encoder input shape: (10000, 37)
2025-11-17 06:53:31 INFO    |  encoder input shape: (10000, 2)
2025-11-17 06:53:31 INFO    |  actor input shape: (10000, 31)
2025-11-17 06:53:31 INFO    |  encoder input shape: (10000, 37)
2025-11-17 06:53:31 INFO    |  encoder input shape: (10000, 2)
2025-11-17 06:53:31 INFO    |  Plotted visualizations at env step 30823424.0
2025-11-17 06:53:33 INFO    |  step: 30823424
2025-11-17 06:53:33 INFO    |  step: 30823424, training/sps: 19640.979 +/- 0.000
2025-11-17 06:53:33 INFO    |  step: 30823424, training/actor_loss: 1.772 +/- 0.000
2025-11-17 06:53:33 INFO    |  step: 30823424, training/adaptive_mixing: 0.005 +/- 0.000
2025-11-17 06:53:33 INFO    |  step: 30823424, training/alpha_loss: -0.000 +/- 0.000
2025-11-17 06:53:33 INFO    |  step: 30823424, training/critic_loss: 1.790 +/- 0.000
2025-11-17 06:53:33 INFO    |  step: 30823424, training/entropy: -4.003 +/- 0.000
2025-11-17 06:53:33 INFO    |  step: 30823424, training/env_grad_mean_norm: 0.453 +/- 0.000
2025-11-17 06:53:33 INFO    |  step: 30823424, training/env_grad_trvar: 44.846 +/- 0.000
2025-11-17 06:53:33 INFO    |  step: 30823424, training/env_rb_bias_squared: 19.753 +/- 0.000
2025-11-17 06:53:33 INFO    |  step: 30823424, training/log_alpha: -4.696 +/- 0.000
2025-11-17 06:53:33 INFO    |  step: 30823424, training/num_env_samples: 252.152 +/- 0.000
2025-11-17 06:53:33 INFO    |  step: 30823424, training/num_rb_samples: 3.848 +/- 0.000
2025-11-17 06:53:33 INFO    |  step: 30823424, training/rb_grad_mean_norm: 3.704 +/- 0.000
2025-11-17 06:53:33 INFO    |  step: 30823424, training/rb_grad_trvar: 36.631 +/- 0.000
2025-11-17 06:53:33 INFO    |  step: 30823424, eval/episode_reward: 274.988 +/- 0.000
2025-11-17 06:53:33 INFO    |  step: 30823424, eval/episode_success: 274.988 +/- 0.000
2025-11-17 06:53:33 INFO    |  step: 30823424, eval/episode_success_easy: 543.848 +/- 0.000
2025-11-17 06:53:33 INFO    |  step: 30823424, eval/episode_dist: 2209.726 +/- 0.000
2025-11-17 06:53:33 INFO    |  step: 30823424, eval/episode_success_any: 0.527 +/- 0.000
2025-11-17 06:53:33 INFO    |  step: 30823424, eval/episode_reward_ctrl: 0.000 +/- 0.000
2025-11-17 06:53:33 INFO    |  step: 30823424, eval/episode_reward_dist: 0.000 +/- 0.000
2025-11-17 06:53:33 INFO    |  step: 30823424, eval/episode_reward_near: 0.000 +/- 0.000
2025-11-17 06:53:33 INFO    |  step: 30823424, eval/episode_reward_survive: 0.000 +/- 0.000
2025-11-17 06:53:33 INFO    |  step: 30823424, eval/episode_success_hard: 0.000 +/- 0.000
2025-11-17 06:53:52 INFO    |  actor input shape: (10000, 31)
2025-11-17 06:53:52 INFO    |  encoder input shape: (10000, 37)
2025-11-17 06:53:52 INFO    |  encoder input shape: (10000, 2)
2025-11-17 06:53:53 INFO    |  actor input shape: (10000, 31)
2025-11-17 06:53:53 INFO    |  encoder input shape: (10000, 37)
2025-11-17 06:53:53 INFO    |  encoder input shape: (10000, 2)
2025-11-17 06:53:53 INFO    |  actor input shape: (10000, 31)
2025-11-17 06:53:53 INFO    |  encoder input shape: (10000, 37)
2025-11-17 06:53:53 INFO    |  encoder input shape: (10000, 2)
2025-11-17 06:53:53 INFO    |  Plotted visualizations at env step 31220224.0
2025-11-17 06:53:55 INFO    |  step: 31220224
2025-11-17 06:53:55 INFO    |  step: 31220224, training/sps: 19774.065 +/- 0.000
2025-11-17 06:53:55 INFO    |  step: 31220224, training/actor_loss: 1.765 +/- 0.000
2025-11-17 06:53:55 INFO    |  step: 31220224, training/adaptive_mixing: 0.024 +/- 0.000
2025-11-17 06:53:55 INFO    |  step: 31220224, training/alpha_loss: 0.000 +/- 0.000
2025-11-17 06:53:55 INFO    |  step: 31220224, training/critic_loss: 1.781 +/- 0.000
2025-11-17 06:53:55 INFO    |  step: 31220224, training/entropy: -3.999 +/- 0.000
2025-11-17 06:53:55 INFO    |  step: 31220224, training/env_grad_mean_norm: 0.454 +/- 0.000
2025-11-17 06:53:55 INFO    |  step: 31220224, training/env_grad_trvar: 44.593 +/- 0.000
2025-11-17 06:53:55 INFO    |  step: 31220224, training/env_rb_bias_squared: 19.625 +/- 0.000
2025-11-17 06:53:55 INFO    |  step: 31220224, training/log_alpha: -4.703 +/- 0.000
2025-11-17 06:53:55 INFO    |  step: 31220224, training/num_env_samples: 252.291 +/- 0.000
2025-11-17 06:53:55 INFO    |  step: 31220224, training/num_rb_samples: 3.709 +/- 0.000
2025-11-17 06:53:55 INFO    |  step: 31220224, training/rb_grad_mean_norm: 3.630 +/- 0.000
2025-11-17 06:53:55 INFO    |  step: 31220224, training/rb_grad_trvar: 33.779 +/- 0.000
2025-11-17 06:53:55 INFO    |  step: 31220224, eval/episode_reward: 289.109 +/- 0.000
2025-11-17 06:53:55 INFO    |  step: 31220224, eval/episode_success: 289.109 +/- 0.000
2025-11-17 06:53:55 INFO    |  step: 31220224, eval/episode_success_easy: 518.082 +/- 0.000
2025-11-17 06:53:55 INFO    |  step: 31220224, eval/episode_dist: 2031.674 +/- 0.000
2025-11-17 06:53:55 INFO    |  step: 31220224, eval/episode_success_any: 0.594 +/- 0.000
2025-11-17 06:53:55 INFO    |  step: 31220224, eval/episode_reward_ctrl: 0.000 +/- 0.000
2025-11-17 06:53:55 INFO    |  step: 31220224, eval/episode_reward_dist: 0.000 +/- 0.000
2025-11-17 06:53:55 INFO    |  step: 31220224, eval/episode_reward_near: 0.000 +/- 0.000
2025-11-17 06:53:55 INFO    |  step: 31220224, eval/episode_reward_survive: 0.000 +/- 0.000
2025-11-17 06:53:55 INFO    |  step: 31220224, eval/episode_success_hard: 0.000 +/- 0.000
2025-11-17 06:54:14 INFO    |  actor input shape: (10000, 31)
2025-11-17 06:54:14 INFO    |  encoder input shape: (10000, 37)
2025-11-17 06:54:14 INFO    |  encoder input shape: (10000, 2)
2025-11-17 06:54:15 INFO    |  actor input shape: (10000, 31)
2025-11-17 06:54:15 INFO    |  encoder input shape: (10000, 37)
2025-11-17 06:54:15 INFO    |  encoder input shape: (10000, 2)
2025-11-17 06:54:15 INFO    |  actor input shape: (10000, 31)
2025-11-17 06:54:15 INFO    |  encoder input shape: (10000, 37)
2025-11-17 06:54:15 INFO    |  encoder input shape: (10000, 2)
2025-11-17 06:54:15 INFO    |  Plotted visualizations at env step 31617024.0
2025-11-17 06:54:17 INFO    |  step: 31617024
2025-11-17 06:54:17 INFO    |  step: 31617024, training/sps: 19698.786 +/- 0.000
2025-11-17 06:54:17 INFO    |  step: 31617024, training/actor_loss: 1.769 +/- 0.000
2025-11-17 06:54:17 INFO    |  step: 31617024, training/adaptive_mixing: 0.014 +/- 0.000
2025-11-17 06:54:17 INFO    |  step: 31617024, training/alpha_loss: 0.000 +/- 0.000
2025-11-17 06:54:17 INFO    |  step: 31617024, training/critic_loss: 1.781 +/- 0.000
2025-11-17 06:54:17 INFO    |  step: 31617024, training/entropy: -3.999 +/- 0.000
2025-11-17 06:54:17 INFO    |  step: 31617024, training/env_grad_mean_norm: 0.453 +/- 0.000
2025-11-17 06:54:17 INFO    |  step: 31617024, training/env_grad_trvar: 44.737 +/- 0.000
2025-11-17 06:54:17 INFO    |  step: 31617024, training/env_rb_bias_squared: 19.502 +/- 0.000
2025-11-17 06:54:17 INFO    |  step: 31617024, training/log_alpha: -4.697 +/- 0.000
2025-11-17 06:54:17 INFO    |  step: 31617024, training/num_env_samples: 252.215 +/- 0.000
2025-11-17 06:54:17 INFO    |  step: 31617024, training/num_rb_samples: 3.785 +/- 0.000
2025-11-17 06:54:17 INFO    |  step: 31617024, training/rb_grad_mean_norm: 3.690 +/- 0.000
2025-11-17 06:54:17 INFO    |  step: 31617024, training/rb_grad_trvar: 35.789 +/- 0.000
2025-11-17 06:54:17 INFO    |  step: 31617024, eval/episode_reward: 374.406 +/- 0.000
2025-11-17 06:54:17 INFO    |  step: 31617024, eval/episode_success: 374.406 +/- 0.000
2025-11-17 06:54:17 INFO    |  step: 31617024, eval/episode_success_easy: 647.266 +/- 0.000
2025-11-17 06:54:17 INFO    |  step: 31617024, eval/episode_dist: 1905.331 +/- 0.000
2025-11-17 06:54:17 INFO    |  step: 31617024, eval/episode_success_any: 0.699 +/- 0.000
2025-11-17 06:54:17 INFO    |  step: 31617024, eval/episode_reward_ctrl: 0.000 +/- 0.000
2025-11-17 06:54:17 INFO    |  step: 31617024, eval/episode_reward_dist: 0.000 +/- 0.000
2025-11-17 06:54:17 INFO    |  step: 31617024, eval/episode_reward_near: 0.000 +/- 0.000
2025-11-17 06:54:17 INFO    |  step: 31617024, eval/episode_reward_survive: 0.000 +/- 0.000
2025-11-17 06:54:17 INFO    |  step: 31617024, eval/episode_success_hard: 0.000 +/- 0.000
2025-11-17 06:54:36 INFO    |  actor input shape: (10000, 31)
2025-11-17 06:54:36 INFO    |  encoder input shape: (10000, 37)
2025-11-17 06:54:36 INFO    |  encoder input shape: (10000, 2)
2025-11-17 06:54:36 INFO    |  actor input shape: (10000, 31)
2025-11-17 06:54:36 INFO    |  encoder input shape: (10000, 37)
2025-11-17 06:54:36 INFO    |  encoder input shape: (10000, 2)
2025-11-17 06:54:37 INFO    |  actor input shape: (10000, 31)
2025-11-17 06:54:37 INFO    |  encoder input shape: (10000, 37)
2025-11-17 06:54:37 INFO    |  encoder input shape: (10000, 2)
2025-11-17 06:54:37 INFO    |  Plotted visualizations at env step 32013824.0
2025-11-17 06:54:39 INFO    |  step: 32013824
2025-11-17 06:54:39 INFO    |  step: 32013824, training/sps: 19827.810 +/- 0.000
2025-11-17 06:54:39 INFO    |  step: 32013824, training/actor_loss: 1.766 +/- 0.000
2025-11-17 06:54:39 INFO    |  step: 32013824, training/adaptive_mixing: 0.022 +/- 0.000
2025-11-17 06:54:39 INFO    |  step: 32013824, training/alpha_loss: -0.000 +/- 0.000
2025-11-17 06:54:39 INFO    |  step: 32013824, training/critic_loss: 1.779 +/- 0.000
2025-11-17 06:54:39 INFO    |  step: 32013824, training/entropy: -4.001 +/- 0.000
2025-11-17 06:54:39 INFO    |  step: 32013824, training/env_grad_mean_norm: 0.451 +/- 0.000
2025-11-17 06:54:39 INFO    |  step: 32013824, training/env_grad_trvar: 44.195 +/- 0.000
2025-11-17 06:54:39 INFO    |  step: 32013824, training/env_rb_bias_squared: 18.318 +/- 0.000
2025-11-17 06:54:39 INFO    |  step: 32013824, training/log_alpha: -4.694 +/- 0.000
2025-11-17 06:54:39 INFO    |  step: 32013824, training/num_env_samples: 252.110 +/- 0.000
2025-11-17 06:54:39 INFO    |  step: 32013824, training/num_rb_samples: 3.890 +/- 0.000
2025-11-17 06:54:39 INFO    |  step: 32013824, training/rb_grad_mean_norm: 3.615 +/- 0.000
2025-11-17 06:54:39 INFO    |  step: 32013824, training/rb_grad_trvar: 34.835 +/- 0.000
2025-11-17 06:54:39 INFO    |  step: 32013824, eval/episode_reward: 390.324 +/- 0.000
2025-11-17 06:54:39 INFO    |  step: 32013824, eval/episode_success: 390.324 +/- 0.000
2025-11-17 06:54:39 INFO    |  step: 32013824, eval/episode_success_easy: 632.008 +/- 0.000
2025-11-17 06:54:39 INFO    |  step: 32013824, eval/episode_dist: 2266.898 +/- 0.000
2025-11-17 06:54:39 INFO    |  step: 32013824, eval/episode_success_any: 0.730 +/- 0.000
2025-11-17 06:54:39 INFO    |  step: 32013824, eval/episode_reward_ctrl: 0.000 +/- 0.000
2025-11-17 06:54:39 INFO    |  step: 32013824, eval/episode_reward_dist: 0.000 +/- 0.000
2025-11-17 06:54:39 INFO    |  step: 32013824, eval/episode_reward_near: 0.000 +/- 0.000
2025-11-17 06:54:39 INFO    |  step: 32013824, eval/episode_reward_survive: 0.000 +/- 0.000
2025-11-17 06:54:39 INFO    |  step: 32013824, eval/episode_success_hard: 0.000 +/- 0.000
2025-11-17 06:54:58 INFO    |  actor input shape: (10000, 31)
2025-11-17 06:54:58 INFO    |  encoder input shape: (10000, 37)
2025-11-17 06:54:58 INFO    |  encoder input shape: (10000, 2)
2025-11-17 06:54:58 INFO    |  actor input shape: (10000, 31)
2025-11-17 06:54:58 INFO    |  encoder input shape: (10000, 37)
2025-11-17 06:54:58 INFO    |  encoder input shape: (10000, 2)
2025-11-17 06:54:59 INFO    |  actor input shape: (10000, 31)
2025-11-17 06:54:59 INFO    |  encoder input shape: (10000, 37)
2025-11-17 06:54:59 INFO    |  encoder input shape: (10000, 2)
2025-11-17 06:54:59 INFO    |  Plotted visualizations at env step 32410624.0
2025-11-17 06:55:01 INFO    |  step: 32410624
2025-11-17 06:55:02 INFO    |  actor input shape: (1, 31)
2025-11-17 06:55:19 INFO    |  step: 32410624, training/sps: 19827.663 +/- 0.000
2025-11-17 06:55:19 INFO    |  step: 32410624, training/actor_loss: 1.768 +/- 0.000
2025-11-17 06:55:19 INFO    |  step: 32410624, training/adaptive_mixing: 0.023 +/- 0.000
2025-11-17 06:55:19 INFO    |  step: 32410624, training/alpha_loss: 0.000 +/- 0.000
2025-11-17 06:55:19 INFO    |  step: 32410624, training/critic_loss: 1.783 +/- 0.000
2025-11-17 06:55:19 INFO    |  step: 32410624, training/entropy: -4.000 +/- 0.000
2025-11-17 06:55:19 INFO    |  step: 32410624, training/env_grad_mean_norm: 0.450 +/- 0.000
2025-11-17 06:55:19 INFO    |  step: 32410624, training/env_grad_trvar: 43.938 +/- 0.000
2025-11-17 06:55:19 INFO    |  step: 32410624, training/env_rb_bias_squared: 15.689 +/- 0.000
2025-11-17 06:55:19 INFO    |  step: 32410624, training/log_alpha: -4.701 +/- 0.000
2025-11-17 06:55:19 INFO    |  step: 32410624, training/num_env_samples: 251.508 +/- 0.000
2025-11-17 06:55:19 INFO    |  step: 32410624, training/num_rb_samples: 4.492 +/- 0.000
2025-11-17 06:55:19 INFO    |  step: 32410624, training/rb_grad_mean_norm: 3.392 +/- 0.000
2025-11-17 06:55:19 INFO    |  step: 32410624, training/rb_grad_trvar: 37.797 +/- 0.000
2025-11-17 06:55:19 INFO    |  step: 32410624, eval/episode_reward: 339.199 +/- 0.000
2025-11-17 06:55:19 INFO    |  step: 32410624, eval/episode_success: 339.199 +/- 0.000
2025-11-17 06:55:19 INFO    |  step: 32410624, eval/episode_success_easy: 592.090 +/- 0.000
2025-11-17 06:55:19 INFO    |  step: 32410624, eval/episode_dist: 2512.276 +/- 0.000
2025-11-17 06:55:19 INFO    |  step: 32410624, eval/episode_success_any: 0.680 +/- 0.000
2025-11-17 06:55:19 INFO    |  step: 32410624, eval/episode_reward_ctrl: 0.000 +/- 0.000
2025-11-17 06:55:19 INFO    |  step: 32410624, eval/episode_reward_dist: 0.000 +/- 0.000
2025-11-17 06:55:19 INFO    |  step: 32410624, eval/episode_reward_near: 0.000 +/- 0.000
2025-11-17 06:55:19 INFO    |  step: 32410624, eval/episode_reward_survive: 0.000 +/- 0.000
2025-11-17 06:55:19 INFO    |  step: 32410624, eval/episode_success_hard: 0.000 +/- 0.000
2025-11-17 06:55:39 INFO    |  actor input shape: (10000, 31)
2025-11-17 06:55:39 INFO    |  encoder input shape: (10000, 37)
2025-11-17 06:55:39 INFO    |  encoder input shape: (10000, 2)
2025-11-17 06:55:39 INFO    |  actor input shape: (10000, 31)
2025-11-17 06:55:39 INFO    |  encoder input shape: (10000, 37)
2025-11-17 06:55:39 INFO    |  encoder input shape: (10000, 2)
2025-11-17 06:55:39 INFO    |  actor input shape: (10000, 31)
2025-11-17 06:55:39 INFO    |  encoder input shape: (10000, 37)
2025-11-17 06:55:39 INFO    |  encoder input shape: (10000, 2)
2025-11-17 06:55:39 INFO    |  Plotted visualizations at env step 32807424.0
2025-11-17 06:55:41 INFO    |  step: 32807424
2025-11-17 06:55:41 INFO    |  step: 32807424, training/sps: 19748.988 +/- 0.000
2025-11-17 06:55:41 INFO    |  step: 32807424, training/actor_loss: 1.764 +/- 0.000
2025-11-17 06:55:41 INFO    |  step: 32807424, training/adaptive_mixing: 0.005 +/- 0.000
2025-11-17 06:55:41 INFO    |  step: 32807424, training/alpha_loss: 0.000 +/- 0.000
2025-11-17 06:55:41 INFO    |  step: 32807424, training/critic_loss: 1.780 +/- 0.000
2025-11-17 06:55:41 INFO    |  step: 32807424, training/entropy: -3.998 +/- 0.000
2025-11-17 06:55:41 INFO    |  step: 32807424, training/env_grad_mean_norm: 0.454 +/- 0.000
2025-11-17 06:55:41 INFO    |  step: 32807424, training/env_grad_trvar: 44.767 +/- 0.000
2025-11-17 06:55:41 INFO    |  step: 32807424, training/env_rb_bias_squared: 16.692 +/- 0.000
2025-11-17 06:55:41 INFO    |  step: 32807424, training/log_alpha: -4.690 +/- 0.000
2025-11-17 06:55:41 INFO    |  step: 32807424, training/num_env_samples: 251.634 +/- 0.000
2025-11-17 06:55:41 INFO    |  step: 32807424, training/num_rb_samples: 4.366 +/- 0.000
2025-11-17 06:55:41 INFO    |  step: 32807424, training/rb_grad_mean_norm: 3.499 +/- 0.000
2025-11-17 06:55:41 INFO    |  step: 32807424, training/rb_grad_trvar: 37.827 +/- 0.000
2025-11-17 06:55:41 INFO    |  step: 32807424, eval/episode_reward: 261.297 +/- 0.000
2025-11-17 06:55:41 INFO    |  step: 32807424, eval/episode_success: 261.297 +/- 0.000
2025-11-17 06:55:41 INFO    |  step: 32807424, eval/episode_success_easy: 502.773 +/- 0.000
2025-11-17 06:55:41 INFO    |  step: 32807424, eval/episode_dist: 2765.725 +/- 0.000
2025-11-17 06:55:41 INFO    |  step: 32807424, eval/episode_success_any: 0.523 +/- 0.000
2025-11-17 06:55:41 INFO    |  step: 32807424, eval/episode_reward_ctrl: 0.000 +/- 0.000
2025-11-17 06:55:41 INFO    |  step: 32807424, eval/episode_reward_dist: 0.000 +/- 0.000
2025-11-17 06:55:41 INFO    |  step: 32807424, eval/episode_reward_near: 0.000 +/- 0.000
2025-11-17 06:55:41 INFO    |  step: 32807424, eval/episode_reward_survive: 0.000 +/- 0.000
2025-11-17 06:55:41 INFO    |  step: 32807424, eval/episode_success_hard: 0.000 +/- 0.000
2025-11-17 06:56:01 INFO    |  actor input shape: (10000, 31)
2025-11-17 06:56:01 INFO    |  encoder input shape: (10000, 37)
2025-11-17 06:56:01 INFO    |  encoder input shape: (10000, 2)
2025-11-17 06:56:01 INFO    |  actor input shape: (10000, 31)
2025-11-17 06:56:01 INFO    |  encoder input shape: (10000, 37)
2025-11-17 06:56:01 INFO    |  encoder input shape: (10000, 2)
2025-11-17 06:56:01 INFO    |  actor input shape: (10000, 31)
2025-11-17 06:56:01 INFO    |  encoder input shape: (10000, 37)
2025-11-17 06:56:01 INFO    |  encoder input shape: (10000, 2)
2025-11-17 06:56:02 INFO    |  Plotted visualizations at env step 33204224.0
2025-11-17 06:56:03 INFO    |  step: 33204224
2025-11-17 06:56:03 INFO    |  step: 33204224, training/sps: 19537.833 +/- 0.000
2025-11-17 06:56:03 INFO    |  step: 33204224, training/actor_loss: 1.764 +/- 0.000
2025-11-17 06:56:03 INFO    |  step: 33204224, training/adaptive_mixing: 0.008 +/- 0.000
2025-11-17 06:56:03 INFO    |  step: 33204224, training/alpha_loss: -0.000 +/- 0.000
2025-11-17 06:56:03 INFO    |  step: 33204224, training/critic_loss: 1.781 +/- 0.000
2025-11-17 06:56:03 INFO    |  step: 33204224, training/entropy: -4.003 +/- 0.000
2025-11-17 06:56:03 INFO    |  step: 33204224, training/env_grad_mean_norm: 0.454 +/- 0.000
2025-11-17 06:56:03 INFO    |  step: 33204224, training/env_grad_trvar: 44.680 +/- 0.000
2025-11-17 06:56:03 INFO    |  step: 33204224, training/env_rb_bias_squared: 17.415 +/- 0.000
2025-11-17 06:56:03 INFO    |  step: 33204224, training/log_alpha: -4.681 +/- 0.000
2025-11-17 06:56:03 INFO    |  step: 33204224, training/num_env_samples: 251.932 +/- 0.000
2025-11-17 06:56:03 INFO    |  step: 33204224, training/num_rb_samples: 4.068 +/- 0.000
2025-11-17 06:56:03 INFO    |  step: 33204224, training/rb_grad_mean_norm: 3.532 +/- 0.000
2025-11-17 06:56:03 INFO    |  step: 33204224, training/rb_grad_trvar: 35.526 +/- 0.000
2025-11-17 06:56:03 INFO    |  step: 33204224, eval/episode_reward: 234.461 +/- 0.000
2025-11-17 06:56:03 INFO    |  step: 33204224, eval/episode_success: 234.461 +/- 0.000
2025-11-17 06:56:03 INFO    |  step: 33204224, eval/episode_success_easy: 454.199 +/- 0.000
2025-11-17 06:56:03 INFO    |  step: 33204224, eval/episode_dist: 3618.340 +/- 0.000
2025-11-17 06:56:03 INFO    |  step: 33204224, eval/episode_success_any: 0.453 +/- 0.000
2025-11-17 06:56:03 INFO    |  step: 33204224, eval/episode_reward_ctrl: 0.000 +/- 0.000
2025-11-17 06:56:03 INFO    |  step: 33204224, eval/episode_reward_dist: 0.000 +/- 0.000
2025-11-17 06:56:03 INFO    |  step: 33204224, eval/episode_reward_near: 0.000 +/- 0.000
2025-11-17 06:56:03 INFO    |  step: 33204224, eval/episode_reward_survive: 0.000 +/- 0.000
2025-11-17 06:56:03 INFO    |  step: 33204224, eval/episode_success_hard: 0.000 +/- 0.000
2025-11-17 06:56:23 INFO    |  actor input shape: (10000, 31)
2025-11-17 06:56:23 INFO    |  encoder input shape: (10000, 37)
2025-11-17 06:56:23 INFO    |  encoder input shape: (10000, 2)
2025-11-17 06:56:23 INFO    |  actor input shape: (10000, 31)
2025-11-17 06:56:23 INFO    |  encoder input shape: (10000, 37)
2025-11-17 06:56:23 INFO    |  encoder input shape: (10000, 2)
2025-11-17 06:56:23 INFO    |  actor input shape: (10000, 31)
2025-11-17 06:56:23 INFO    |  encoder input shape: (10000, 37)
2025-11-17 06:56:23 INFO    |  encoder input shape: (10000, 2)
2025-11-17 06:56:24 INFO    |  Plotted visualizations at env step 33601024.0
2025-11-17 06:56:25 INFO    |  step: 33601024
2025-11-17 06:56:25 INFO    |  step: 33601024, training/sps: 19732.548 +/- 0.000
2025-11-17 06:56:25 INFO    |  step: 33601024, training/actor_loss: 1.766 +/- 0.000
2025-11-17 06:56:25 INFO    |  step: 33601024, training/adaptive_mixing: 0.004 +/- 0.000
2025-11-17 06:56:25 INFO    |  step: 33601024, training/alpha_loss: 0.000 +/- 0.000
2025-11-17 06:56:25 INFO    |  step: 33601024, training/critic_loss: 1.779 +/- 0.000
2025-11-17 06:56:25 INFO    |  step: 33601024, training/entropy: -3.999 +/- 0.000
2025-11-17 06:56:25 INFO    |  step: 33601024, training/env_grad_mean_norm: 0.453 +/- 0.000
2025-11-17 06:56:25 INFO    |  step: 33601024, training/env_grad_trvar: 44.920 +/- 0.000
2025-11-17 06:56:25 INFO    |  step: 33601024, training/env_rb_bias_squared: 19.807 +/- 0.000
2025-11-17 06:56:25 INFO    |  step: 33601024, training/log_alpha: -4.681 +/- 0.000
2025-11-17 06:56:25 INFO    |  step: 33601024, training/num_env_samples: 252.493 +/- 0.000
2025-11-17 06:56:25 INFO    |  step: 33601024, training/num_rb_samples: 3.507 +/- 0.000
2025-11-17 06:56:25 INFO    |  step: 33601024, training/rb_grad_mean_norm: 3.702 +/- 0.000
2025-11-17 06:56:25 INFO    |  step: 33601024, training/rb_grad_trvar: 32.394 +/- 0.000
2025-11-17 06:56:25 INFO    |  step: 33601024, eval/episode_reward: 287.586 +/- 0.000
2025-11-17 06:56:25 INFO    |  step: 33601024, eval/episode_success: 287.586 +/- 0.000
2025-11-17 06:56:25 INFO    |  step: 33601024, eval/episode_success_easy: 534.598 +/- 0.000
2025-11-17 06:56:25 INFO    |  step: 33601024, eval/episode_dist: 2539.394 +/- 0.000
2025-11-17 06:56:25 INFO    |  step: 33601024, eval/episode_success_any: 0.586 +/- 0.000
2025-11-17 06:56:25 INFO    |  step: 33601024, eval/episode_reward_ctrl: 0.000 +/- 0.000
2025-11-17 06:56:25 INFO    |  step: 33601024, eval/episode_reward_dist: 0.000 +/- 0.000
2025-11-17 06:56:25 INFO    |  step: 33601024, eval/episode_reward_near: 0.000 +/- 0.000
2025-11-17 06:56:25 INFO    |  step: 33601024, eval/episode_reward_survive: 0.000 +/- 0.000
2025-11-17 06:56:25 INFO    |  step: 33601024, eval/episode_success_hard: 0.000 +/- 0.000
2025-11-17 06:56:45 INFO    |  actor input shape: (10000, 31)
2025-11-17 06:56:45 INFO    |  encoder input shape: (10000, 37)
2025-11-17 06:56:45 INFO    |  encoder input shape: (10000, 2)
2025-11-17 06:56:45 INFO    |  actor input shape: (10000, 31)
2025-11-17 06:56:45 INFO    |  encoder input shape: (10000, 37)
2025-11-17 06:56:45 INFO    |  encoder input shape: (10000, 2)
2025-11-17 06:56:45 INFO    |  actor input shape: (10000, 31)
2025-11-17 06:56:45 INFO    |  encoder input shape: (10000, 37)
2025-11-17 06:56:45 INFO    |  encoder input shape: (10000, 2)
2025-11-17 06:56:45 INFO    |  Plotted visualizations at env step 33997824.0
2025-11-17 06:56:47 INFO    |  step: 33997824
2025-11-17 06:56:47 INFO    |  step: 33997824, training/sps: 19796.796 +/- 0.000
2025-11-17 06:56:47 INFO    |  step: 33997824, training/actor_loss: 1.760 +/- 0.000
2025-11-17 06:56:47 INFO    |  step: 33997824, training/adaptive_mixing: 0.037 +/- 0.000
2025-11-17 06:56:47 INFO    |  step: 33997824, training/alpha_loss: -0.000 +/- 0.000
2025-11-17 06:56:47 INFO    |  step: 33997824, training/critic_loss: 1.775 +/- 0.000
2025-11-17 06:56:47 INFO    |  step: 33997824, training/entropy: -4.002 +/- 0.000
2025-11-17 06:56:47 INFO    |  step: 33997824, training/env_grad_mean_norm: 0.456 +/- 0.000
2025-11-17 06:56:47 INFO    |  step: 33997824, training/env_grad_trvar: 45.430 +/- 0.000
2025-11-17 06:56:47 INFO    |  step: 33997824, training/env_rb_bias_squared: 20.003 +/- 0.000
2025-11-17 06:56:47 INFO    |  step: 33997824, training/log_alpha: -4.671 +/- 0.000
2025-11-17 06:56:47 INFO    |  step: 33997824, training/num_env_samples: 252.541 +/- 0.000
2025-11-17 06:56:47 INFO    |  step: 33997824, training/num_rb_samples: 3.459 +/- 0.000
2025-11-17 06:56:47 INFO    |  step: 33997824, training/rb_grad_mean_norm: 3.707 +/- 0.000
2025-11-17 06:56:47 INFO    |  step: 33997824, training/rb_grad_trvar: 31.618 +/- 0.000
2025-11-17 06:56:47 INFO    |  step: 33997824, eval/episode_reward: 326.910 +/- 0.000
2025-11-17 06:56:47 INFO    |  step: 33997824, eval/episode_success: 326.910 +/- 0.000
2025-11-17 06:56:47 INFO    |  step: 33997824, eval/episode_success_easy: 504.852 +/- 0.000
2025-11-17 06:56:47 INFO    |  step: 33997824, eval/episode_dist: 2963.680 +/- 0.000
2025-11-17 06:56:47 INFO    |  step: 33997824, eval/episode_success_any: 0.539 +/- 0.000
2025-11-17 06:56:47 INFO    |  step: 33997824, eval/episode_reward_ctrl: 0.000 +/- 0.000
2025-11-17 06:56:47 INFO    |  step: 33997824, eval/episode_reward_dist: 0.000 +/- 0.000
2025-11-17 06:56:47 INFO    |  step: 33997824, eval/episode_reward_near: 0.000 +/- 0.000
2025-11-17 06:56:47 INFO    |  step: 33997824, eval/episode_reward_survive: 0.000 +/- 0.000
2025-11-17 06:56:47 INFO    |  step: 33997824, eval/episode_success_hard: 0.000 +/- 0.000
2025-11-17 06:57:07 INFO    |  actor input shape: (10000, 31)
2025-11-17 06:57:07 INFO    |  encoder input shape: (10000, 37)
2025-11-17 06:57:07 INFO    |  encoder input shape: (10000, 2)
2025-11-17 06:57:07 INFO    |  actor input shape: (10000, 31)
2025-11-17 06:57:07 INFO    |  encoder input shape: (10000, 37)
2025-11-17 06:57:07 INFO    |  encoder input shape: (10000, 2)
2025-11-17 06:57:07 INFO    |  actor input shape: (10000, 31)
2025-11-17 06:57:07 INFO    |  encoder input shape: (10000, 37)
2025-11-17 06:57:07 INFO    |  encoder input shape: (10000, 2)
2025-11-17 06:57:07 INFO    |  Plotted visualizations at env step 34394624.0
2025-11-17 06:57:09 INFO    |  step: 34394624
2025-11-17 06:57:12 INFO    |  actor input shape: (1, 31)
2025-11-17 06:57:29 INFO    |  step: 34394624, training/sps: 19695.561 +/- 0.000
2025-11-17 06:57:29 INFO    |  step: 34394624, training/actor_loss: 1.761 +/- 0.000
2025-11-17 06:57:29 INFO    |  step: 34394624, training/adaptive_mixing: 0.005 +/- 0.000
2025-11-17 06:57:29 INFO    |  step: 34394624, training/alpha_loss: 0.000 +/- 0.000
2025-11-17 06:57:29 INFO    |  step: 34394624, training/critic_loss: 1.774 +/- 0.000
2025-11-17 06:57:29 INFO    |  step: 34394624, training/entropy: -3.997 +/- 0.000
2025-11-17 06:57:29 INFO    |  step: 34394624, training/env_grad_mean_norm: 0.457 +/- 0.000
2025-11-17 06:57:29 INFO    |  step: 34394624, training/env_grad_trvar: 45.344 +/- 0.000
2025-11-17 06:57:29 INFO    |  step: 34394624, training/env_rb_bias_squared: 17.266 +/- 0.000
2025-11-17 06:57:29 INFO    |  step: 34394624, training/log_alpha: -4.672 +/- 0.000
2025-11-17 06:57:29 INFO    |  step: 34394624, training/num_env_samples: 251.978 +/- 0.000
2025-11-17 06:57:29 INFO    |  step: 34394624, training/num_rb_samples: 4.022 +/- 0.000
2025-11-17 06:57:29 INFO    |  step: 34394624, training/rb_grad_mean_norm: 3.518 +/- 0.000
2025-11-17 06:57:29 INFO    |  step: 34394624, training/rb_grad_trvar: 34.339 +/- 0.000
2025-11-17 06:57:29 INFO    |  step: 34394624, eval/episode_reward: 270.848 +/- 0.000
2025-11-17 06:57:29 INFO    |  step: 34394624, eval/episode_success: 270.848 +/- 0.000
2025-11-17 06:57:29 INFO    |  step: 34394624, eval/episode_success_easy: 532.926 +/- 0.000
2025-11-17 06:57:29 INFO    |  step: 34394624, eval/episode_dist: 2686.579 +/- 0.000
2025-11-17 06:57:29 INFO    |  step: 34394624, eval/episode_success_any: 0.570 +/- 0.000
2025-11-17 06:57:29 INFO    |  step: 34394624, eval/episode_reward_ctrl: 0.000 +/- 0.000
2025-11-17 06:57:29 INFO    |  step: 34394624, eval/episode_reward_dist: 0.000 +/- 0.000
2025-11-17 06:57:29 INFO    |  step: 34394624, eval/episode_reward_near: 0.000 +/- 0.000
2025-11-17 06:57:29 INFO    |  step: 34394624, eval/episode_reward_survive: 0.000 +/- 0.000
2025-11-17 06:57:29 INFO    |  step: 34394624, eval/episode_success_hard: 0.000 +/- 0.000
2025-11-17 06:57:48 INFO    |  actor input shape: (10000, 31)
2025-11-17 06:57:48 INFO    |  encoder input shape: (10000, 37)
2025-11-17 06:57:48 INFO    |  encoder input shape: (10000, 2)
2025-11-17 06:57:48 INFO    |  actor input shape: (10000, 31)
2025-11-17 06:57:48 INFO    |  encoder input shape: (10000, 37)
2025-11-17 06:57:48 INFO    |  encoder input shape: (10000, 2)
2025-11-17 06:57:49 INFO    |  actor input shape: (10000, 31)
2025-11-17 06:57:49 INFO    |  encoder input shape: (10000, 37)
2025-11-17 06:57:49 INFO    |  encoder input shape: (10000, 2)
2025-11-17 06:57:49 INFO    |  Plotted visualizations at env step 34791424.0
2025-11-17 06:57:51 INFO    |  step: 34791424
2025-11-17 06:57:51 INFO    |  step: 34791424, training/sps: 19691.646 +/- 0.000
2025-11-17 06:57:51 INFO    |  step: 34791424, training/actor_loss: 1.764 +/- 0.000
2025-11-17 06:57:51 INFO    |  step: 34791424, training/adaptive_mixing: 0.002 +/- 0.000
2025-11-17 06:57:51 INFO    |  step: 34791424, training/alpha_loss: -0.000 +/- 0.000
2025-11-17 06:57:51 INFO    |  step: 34791424, training/critic_loss: 1.775 +/- 0.000
2025-11-17 06:57:51 INFO    |  step: 34791424, training/entropy: -4.000 +/- 0.000
2025-11-17 06:57:51 INFO    |  step: 34791424, training/env_grad_mean_norm: 0.451 +/- 0.000
2025-11-17 06:57:51 INFO    |  step: 34791424, training/env_grad_trvar: 44.421 +/- 0.000
2025-11-17 06:57:51 INFO    |  step: 34791424, training/env_rb_bias_squared: 18.609 +/- 0.000
2025-11-17 06:57:51 INFO    |  step: 34791424, training/log_alpha: -4.673 +/- 0.000
2025-11-17 06:57:51 INFO    |  step: 34791424, training/num_env_samples: 252.405 +/- 0.000
2025-11-17 06:57:51 INFO    |  step: 34791424, training/num_rb_samples: 3.595 +/- 0.000
2025-11-17 06:57:51 INFO    |  step: 34791424, training/rb_grad_mean_norm: 3.625 +/- 0.000
2025-11-17 06:57:51 INFO    |  step: 34791424, training/rb_grad_trvar: 32.014 +/- 0.000
2025-11-17 06:57:51 INFO    |  step: 34791424, eval/episode_reward: 293.547 +/- 0.000
2025-11-17 06:57:51 INFO    |  step: 34791424, eval/episode_success: 293.547 +/- 0.000
2025-11-17 06:57:51 INFO    |  step: 34791424, eval/episode_success_easy: 466.730 +/- 0.000
2025-11-17 06:57:51 INFO    |  step: 34791424, eval/episode_dist: 2975.743 +/- 0.000
2025-11-17 06:57:51 INFO    |  step: 34791424, eval/episode_success_any: 0.520 +/- 0.000
2025-11-17 06:57:51 INFO    |  step: 34791424, eval/episode_reward_ctrl: 0.000 +/- 0.000
2025-11-17 06:57:51 INFO    |  step: 34791424, eval/episode_reward_dist: 0.000 +/- 0.000
2025-11-17 06:57:51 INFO    |  step: 34791424, eval/episode_reward_near: 0.000 +/- 0.000
2025-11-17 06:57:51 INFO    |  step: 34791424, eval/episode_reward_survive: 0.000 +/- 0.000
2025-11-17 06:57:51 INFO    |  step: 34791424, eval/episode_success_hard: 0.000 +/- 0.000
2025-11-17 06:58:10 INFO    |  actor input shape: (10000, 31)
2025-11-17 06:58:10 INFO    |  encoder input shape: (10000, 37)
2025-11-17 06:58:10 INFO    |  encoder input shape: (10000, 2)
2025-11-17 06:58:10 INFO    |  actor input shape: (10000, 31)
2025-11-17 06:58:10 INFO    |  encoder input shape: (10000, 37)
2025-11-17 06:58:10 INFO    |  encoder input shape: (10000, 2)
2025-11-17 06:58:11 INFO    |  actor input shape: (10000, 31)
2025-11-17 06:58:11 INFO    |  encoder input shape: (10000, 37)
2025-11-17 06:58:11 INFO    |  encoder input shape: (10000, 2)
2025-11-17 06:58:11 INFO    |  Plotted visualizations at env step 35188224.0
2025-11-17 06:58:13 INFO    |  step: 35188224
2025-11-17 06:58:13 INFO    |  step: 35188224, training/sps: 19865.183 +/- 0.000
2025-11-17 06:58:13 INFO    |  step: 35188224, training/actor_loss: 1.755 +/- 0.000
2025-11-17 06:58:13 INFO    |  step: 35188224, training/adaptive_mixing: 0.041 +/- 0.000
2025-11-17 06:58:13 INFO    |  step: 35188224, training/alpha_loss: -0.000 +/- 0.000
2025-11-17 06:58:13 INFO    |  step: 35188224, training/critic_loss: 1.768 +/- 0.000
2025-11-17 06:58:13 INFO    |  step: 35188224, training/entropy: -4.001 +/- 0.000
2025-11-17 06:58:13 INFO    |  step: 35188224, training/env_grad_mean_norm: 0.452 +/- 0.000
2025-11-17 06:58:13 INFO    |  step: 35188224, training/env_grad_trvar: 44.600 +/- 0.000
2025-11-17 06:58:13 INFO    |  step: 35188224, training/env_rb_bias_squared: 24.362 +/- 0.000
2025-11-17 06:58:13 INFO    |  step: 35188224, training/log_alpha: -4.663 +/- 0.000
2025-11-17 06:58:13 INFO    |  step: 35188224, training/num_env_samples: 253.179 +/- 0.000
2025-11-17 06:58:13 INFO    |  step: 35188224, training/num_rb_samples: 2.821 +/- 0.000
2025-11-17 06:58:13 INFO    |  step: 35188224, training/rb_grad_mean_norm: 3.967 +/- 0.000
2025-11-17 06:58:13 INFO    |  step: 35188224, training/rb_grad_trvar: 28.436 +/- 0.000
2025-11-17 06:58:13 INFO    |  step: 35188224, eval/episode_reward: 292.715 +/- 0.000
2025-11-17 06:58:13 INFO    |  step: 35188224, eval/episode_success: 292.715 +/- 0.000
2025-11-17 06:58:13 INFO    |  step: 35188224, eval/episode_success_easy: 556.812 +/- 0.000
2025-11-17 06:58:13 INFO    |  step: 35188224, eval/episode_dist: 2624.147 +/- 0.000
2025-11-17 06:58:13 INFO    |  step: 35188224, eval/episode_success_any: 0.551 +/- 0.000
2025-11-17 06:58:13 INFO    |  step: 35188224, eval/episode_reward_ctrl: 0.000 +/- 0.000
2025-11-17 06:58:13 INFO    |  step: 35188224, eval/episode_reward_dist: 0.000 +/- 0.000
2025-11-17 06:58:13 INFO    |  step: 35188224, eval/episode_reward_near: 0.000 +/- 0.000
2025-11-17 06:58:13 INFO    |  step: 35188224, eval/episode_reward_survive: 0.000 +/- 0.000
2025-11-17 06:58:13 INFO    |  step: 35188224, eval/episode_success_hard: 0.000 +/- 0.000
2025-11-17 06:58:33 INFO    |  actor input shape: (10000, 31)
2025-11-17 06:58:33 INFO    |  encoder input shape: (10000, 37)
2025-11-17 06:58:33 INFO    |  encoder input shape: (10000, 2)
2025-11-17 06:58:33 INFO    |  actor input shape: (10000, 31)
2025-11-17 06:58:33 INFO    |  encoder input shape: (10000, 37)
2025-11-17 06:58:33 INFO    |  encoder input shape: (10000, 2)
2025-11-17 06:58:34 INFO    |  actor input shape: (10000, 31)
2025-11-17 06:58:34 INFO    |  encoder input shape: (10000, 37)
2025-11-17 06:58:34 INFO    |  encoder input shape: (10000, 2)
2025-11-17 06:58:34 INFO    |  Plotted visualizations at env step 35585024.0
2025-11-17 06:58:36 INFO    |  step: 35585024
2025-11-17 06:58:36 INFO    |  step: 35585024, training/sps: 18692.001 +/- 0.000
2025-11-17 06:58:36 INFO    |  step: 35585024, training/actor_loss: 1.755 +/- 0.000
2025-11-17 06:58:36 INFO    |  step: 35585024, training/adaptive_mixing: 0.004 +/- 0.000
2025-11-17 06:58:36 INFO    |  step: 35585024, training/alpha_loss: -0.000 +/- 0.000
2025-11-17 06:58:36 INFO    |  step: 35585024, training/critic_loss: 1.764 +/- 0.000
2025-11-17 06:58:36 INFO    |  step: 35585024, training/entropy: -4.000 +/- 0.000
2025-11-17 06:58:36 INFO    |  step: 35585024, training/env_grad_mean_norm: 0.455 +/- 0.000
2025-11-17 06:58:36 INFO    |  step: 35585024, training/env_grad_trvar: 45.252 +/- 0.000
2025-11-17 06:58:36 INFO    |  step: 35585024, training/env_rb_bias_squared: 18.786 +/- 0.000
2025-11-17 06:58:36 INFO    |  step: 35585024, training/log_alpha: -4.652 +/- 0.000
2025-11-17 06:58:36 INFO    |  step: 35585024, training/num_env_samples: 252.058 +/- 0.000
2025-11-17 06:58:36 INFO    |  step: 35585024, training/num_rb_samples: 3.942 +/- 0.000
2025-11-17 06:58:36 INFO    |  step: 35585024, training/rb_grad_mean_norm: 3.662 +/- 0.000
2025-11-17 06:58:36 INFO    |  step: 35585024, training/rb_grad_trvar: 35.876 +/- 0.000
2025-11-17 06:58:36 INFO    |  step: 35585024, eval/episode_reward: 362.215 +/- 0.000
2025-11-17 06:58:36 INFO    |  step: 35585024, eval/episode_success: 362.215 +/- 0.000
2025-11-17 06:58:36 INFO    |  step: 35585024, eval/episode_success_easy: 591.723 +/- 0.000
2025-11-17 06:58:36 INFO    |  step: 35585024, eval/episode_dist: 2300.396 +/- 0.000
2025-11-17 06:58:36 INFO    |  step: 35585024, eval/episode_success_any: 0.668 +/- 0.000
2025-11-17 06:58:36 INFO    |  step: 35585024, eval/episode_reward_ctrl: 0.000 +/- 0.000
2025-11-17 06:58:36 INFO    |  step: 35585024, eval/episode_reward_dist: 0.000 +/- 0.000
2025-11-17 06:58:36 INFO    |  step: 35585024, eval/episode_reward_near: 0.000 +/- 0.000
2025-11-17 06:58:36 INFO    |  step: 35585024, eval/episode_reward_survive: 0.000 +/- 0.000
2025-11-17 06:58:36 INFO    |  step: 35585024, eval/episode_success_hard: 0.000 +/- 0.000
2025-11-17 06:58:55 INFO    |  actor input shape: (10000, 31)
2025-11-17 06:58:55 INFO    |  encoder input shape: (10000, 37)
2025-11-17 06:58:55 INFO    |  encoder input shape: (10000, 2)
2025-11-17 06:58:55 INFO    |  actor input shape: (10000, 31)
2025-11-17 06:58:55 INFO    |  encoder input shape: (10000, 37)
2025-11-17 06:58:55 INFO    |  encoder input shape: (10000, 2)
2025-11-17 06:58:55 INFO    |  actor input shape: (10000, 31)
2025-11-17 06:58:55 INFO    |  encoder input shape: (10000, 37)
2025-11-17 06:58:55 INFO    |  encoder input shape: (10000, 2)
2025-11-17 06:58:56 INFO    |  Plotted visualizations at env step 35981824.0
2025-11-17 06:58:57 INFO    |  step: 35981824
2025-11-17 06:58:57 INFO    |  step: 35981824, training/sps: 19817.906 +/- 0.000
2025-11-17 06:58:57 INFO    |  step: 35981824, training/actor_loss: 1.744 +/- 0.000
2025-11-17 06:58:57 INFO    |  step: 35981824, training/adaptive_mixing: 0.021 +/- 0.000
2025-11-17 06:58:57 INFO    |  step: 35981824, training/alpha_loss: 0.000 +/- 0.000
2025-11-17 06:58:57 INFO    |  step: 35981824, training/critic_loss: 1.756 +/- 0.000
2025-11-17 06:58:57 INFO    |  step: 35981824, training/entropy: -3.999 +/- 0.000
2025-11-17 06:58:57 INFO    |  step: 35981824, training/env_grad_mean_norm: 0.459 +/- 0.000
2025-11-17 06:58:57 INFO    |  step: 35981824, training/env_grad_trvar: 45.906 +/- 0.000
2025-11-17 06:58:57 INFO    |  step: 35981824, training/env_rb_bias_squared: 19.723 +/- 0.000
2025-11-17 06:58:57 INFO    |  step: 35981824, training/log_alpha: -4.658 +/- 0.000
2025-11-17 06:58:57 INFO    |  step: 35981824, training/num_env_samples: 252.339 +/- 0.000
2025-11-17 06:58:57 INFO    |  step: 35981824, training/num_rb_samples: 3.661 +/- 0.000
2025-11-17 06:58:57 INFO    |  step: 35981824, training/rb_grad_mean_norm: 3.713 +/- 0.000
2025-11-17 06:58:57 INFO    |  step: 35981824, training/rb_grad_trvar: 34.313 +/- 0.000
2025-11-17 06:58:57 INFO    |  step: 35981824, eval/episode_reward: 327.520 +/- 0.000
2025-11-17 06:58:57 INFO    |  step: 35981824, eval/episode_success: 327.520 +/- 0.000
2025-11-17 06:58:57 INFO    |  step: 35981824, eval/episode_success_easy: 597.203 +/- 0.000
2025-11-17 06:58:57 INFO    |  step: 35981824, eval/episode_dist: 2041.939 +/- 0.000
2025-11-17 06:58:57 INFO    |  step: 35981824, eval/episode_success_any: 0.621 +/- 0.000
2025-11-17 06:58:57 INFO    |  step: 35981824, eval/episode_reward_ctrl: 0.000 +/- 0.000
2025-11-17 06:58:57 INFO    |  step: 35981824, eval/episode_reward_dist: 0.000 +/- 0.000
2025-11-17 06:58:57 INFO    |  step: 35981824, eval/episode_reward_near: 0.000 +/- 0.000
2025-11-17 06:58:57 INFO    |  step: 35981824, eval/episode_reward_survive: 0.000 +/- 0.000
2025-11-17 06:58:57 INFO    |  step: 35981824, eval/episode_success_hard: 0.000 +/- 0.000
2025-11-17 06:59:17 INFO    |  actor input shape: (10000, 31)
2025-11-17 06:59:17 INFO    |  encoder input shape: (10000, 37)
2025-11-17 06:59:17 INFO    |  encoder input shape: (10000, 2)
2025-11-17 06:59:17 INFO    |  actor input shape: (10000, 31)
2025-11-17 06:59:17 INFO    |  encoder input shape: (10000, 37)
2025-11-17 06:59:17 INFO    |  encoder input shape: (10000, 2)
2025-11-17 06:59:17 INFO    |  actor input shape: (10000, 31)
2025-11-17 06:59:17 INFO    |  encoder input shape: (10000, 37)
2025-11-17 06:59:17 INFO    |  encoder input shape: (10000, 2)
2025-11-17 06:59:18 INFO    |  Plotted visualizations at env step 36378624.0
2025-11-17 06:59:19 INFO    |  step: 36378624
2025-11-17 06:59:21 INFO    |  actor input shape: (1, 31)
2025-11-17 06:59:38 INFO    |  step: 36378624, training/sps: 19749.563 +/- 0.000
2025-11-17 06:59:38 INFO    |  step: 36378624, training/actor_loss: 1.751 +/- 0.000
2025-11-17 06:59:38 INFO    |  step: 36378624, training/adaptive_mixing: 0.024 +/- 0.000
2025-11-17 06:59:38 INFO    |  step: 36378624, training/alpha_loss: -0.000 +/- 0.000
2025-11-17 06:59:38 INFO    |  step: 36378624, training/critic_loss: 1.762 +/- 0.000
2025-11-17 06:59:38 INFO    |  step: 36378624, training/entropy: -4.001 +/- 0.000
2025-11-17 06:59:38 INFO    |  step: 36378624, training/env_grad_mean_norm: 0.455 +/- 0.000
2025-11-17 06:59:38 INFO    |  step: 36378624, training/env_grad_trvar: 45.339 +/- 0.000
2025-11-17 06:59:38 INFO    |  step: 36378624, training/env_rb_bias_squared: 18.154 +/- 0.000
2025-11-17 06:59:38 INFO    |  step: 36378624, training/log_alpha: -4.658 +/- 0.000
2025-11-17 06:59:38 INFO    |  step: 36378624, training/num_env_samples: 252.018 +/- 0.000
2025-11-17 06:59:38 INFO    |  step: 36378624, training/num_rb_samples: 3.982 +/- 0.000
2025-11-17 06:59:38 INFO    |  step: 36378624, training/rb_grad_mean_norm: 3.630 +/- 0.000
2025-11-17 06:59:38 INFO    |  step: 36378624, training/rb_grad_trvar: 36.014 +/- 0.000
2025-11-17 06:59:38 INFO    |  step: 36378624, eval/episode_reward: 313.980 +/- 0.000
2025-11-17 06:59:38 INFO    |  step: 36378624, eval/episode_success: 313.980 +/- 0.000
2025-11-17 06:59:38 INFO    |  step: 36378624, eval/episode_success_easy: 603.469 +/- 0.000
2025-11-17 06:59:38 INFO    |  step: 36378624, eval/episode_dist: 2376.707 +/- 0.000
2025-11-17 06:59:38 INFO    |  step: 36378624, eval/episode_success_any: 0.605 +/- 0.000
2025-11-17 06:59:38 INFO    |  step: 36378624, eval/episode_reward_ctrl: 0.000 +/- 0.000
2025-11-17 06:59:38 INFO    |  step: 36378624, eval/episode_reward_dist: 0.000 +/- 0.000
2025-11-17 06:59:38 INFO    |  step: 36378624, eval/episode_reward_near: 0.000 +/- 0.000
2025-11-17 06:59:38 INFO    |  step: 36378624, eval/episode_reward_survive: 0.000 +/- 0.000
2025-11-17 06:59:38 INFO    |  step: 36378624, eval/episode_success_hard: 0.000 +/- 0.000
2025-11-17 06:59:57 INFO    |  actor input shape: (10000, 31)
2025-11-17 06:59:57 INFO    |  encoder input shape: (10000, 37)
2025-11-17 06:59:57 INFO    |  encoder input shape: (10000, 2)
2025-11-17 06:59:58 INFO    |  actor input shape: (10000, 31)
2025-11-17 06:59:58 INFO    |  encoder input shape: (10000, 37)
2025-11-17 06:59:58 INFO    |  encoder input shape: (10000, 2)
2025-11-17 06:59:58 INFO    |  actor input shape: (10000, 31)
2025-11-17 06:59:58 INFO    |  encoder input shape: (10000, 37)
2025-11-17 06:59:58 INFO    |  encoder input shape: (10000, 2)
2025-11-17 06:59:58 INFO    |  Plotted visualizations at env step 36775424.0
2025-11-17 07:00:00 INFO    |  step: 36775424
2025-11-17 07:00:00 INFO    |  step: 36775424, training/sps: 19668.495 +/- 0.000
2025-11-17 07:00:00 INFO    |  step: 36775424, training/actor_loss: 1.751 +/- 0.000
2025-11-17 07:00:00 INFO    |  step: 36775424, training/adaptive_mixing: 0.003 +/- 0.000
2025-11-17 07:00:00 INFO    |  step: 36775424, training/alpha_loss: 0.000 +/- 0.000
2025-11-17 07:00:00 INFO    |  step: 36775424, training/critic_loss: 1.764 +/- 0.000
2025-11-17 07:00:00 INFO    |  step: 36775424, training/entropy: -3.998 +/- 0.000
2025-11-17 07:00:00 INFO    |  step: 36775424, training/env_grad_mean_norm: 0.454 +/- 0.000
2025-11-17 07:00:00 INFO    |  step: 36775424, training/env_grad_trvar: 44.956 +/- 0.000
2025-11-17 07:00:00 INFO    |  step: 36775424, training/env_rb_bias_squared: 19.339 +/- 0.000
2025-11-17 07:00:00 INFO    |  step: 36775424, training/log_alpha: -4.655 +/- 0.000
2025-11-17 07:00:00 INFO    |  step: 36775424, training/num_env_samples: 252.325 +/- 0.000
2025-11-17 07:00:00 INFO    |  step: 36775424, training/num_rb_samples: 3.675 +/- 0.000
2025-11-17 07:00:00 INFO    |  step: 36775424, training/rb_grad_mean_norm: 3.692 +/- 0.000
2025-11-17 07:00:00 INFO    |  step: 36775424, training/rb_grad_trvar: 33.875 +/- 0.000
2025-11-17 07:00:00 INFO    |  step: 36775424, eval/episode_reward: 314.656 +/- 0.000
2025-11-17 07:00:00 INFO    |  step: 36775424, eval/episode_success: 314.656 +/- 0.000
2025-11-17 07:00:00 INFO    |  step: 36775424, eval/episode_success_easy: 541.781 +/- 0.000
2025-11-17 07:00:00 INFO    |  step: 36775424, eval/episode_dist: 3002.943 +/- 0.000
2025-11-17 07:00:00 INFO    |  step: 36775424, eval/episode_success_any: 0.602 +/- 0.000
2025-11-17 07:00:00 INFO    |  step: 36775424, eval/episode_reward_ctrl: 0.000 +/- 0.000
2025-11-17 07:00:00 INFO    |  step: 36775424, eval/episode_reward_dist: 0.000 +/- 0.000
2025-11-17 07:00:00 INFO    |  step: 36775424, eval/episode_reward_near: 0.000 +/- 0.000
2025-11-17 07:00:00 INFO    |  step: 36775424, eval/episode_reward_survive: 0.000 +/- 0.000
2025-11-17 07:00:00 INFO    |  step: 36775424, eval/episode_success_hard: 0.000 +/- 0.000
2025-11-17 07:00:19 INFO    |  actor input shape: (10000, 31)
2025-11-17 07:00:19 INFO    |  encoder input shape: (10000, 37)
2025-11-17 07:00:19 INFO    |  encoder input shape: (10000, 2)
2025-11-17 07:00:20 INFO    |  actor input shape: (10000, 31)
2025-11-17 07:00:20 INFO    |  encoder input shape: (10000, 37)
2025-11-17 07:00:20 INFO    |  encoder input shape: (10000, 2)
2025-11-17 07:00:20 INFO    |  actor input shape: (10000, 31)
2025-11-17 07:00:20 INFO    |  encoder input shape: (10000, 37)
2025-11-17 07:00:20 INFO    |  encoder input shape: (10000, 2)
2025-11-17 07:00:20 INFO    |  Plotted visualizations at env step 37172224.0
2025-11-17 07:00:22 INFO    |  step: 37172224
2025-11-17 07:00:22 INFO    |  step: 37172224, training/sps: 19692.731 +/- 0.000
2025-11-17 07:00:22 INFO    |  step: 37172224, training/actor_loss: 1.750 +/- 0.000
2025-11-17 07:00:22 INFO    |  step: 37172224, training/adaptive_mixing: 0.005 +/- 0.000
2025-11-17 07:00:22 INFO    |  step: 37172224, training/alpha_loss: -0.000 +/- 0.000
2025-11-17 07:00:22 INFO    |  step: 37172224, training/critic_loss: 1.760 +/- 0.000
2025-11-17 07:00:22 INFO    |  step: 37172224, training/entropy: -4.002 +/- 0.000
2025-11-17 07:00:22 INFO    |  step: 37172224, training/env_grad_mean_norm: 0.455 +/- 0.000
2025-11-17 07:00:22 INFO    |  step: 37172224, training/env_grad_trvar: 45.055 +/- 0.000
2025-11-17 07:00:22 INFO    |  step: 37172224, training/env_rb_bias_squared: 19.070 +/- 0.000
2025-11-17 07:00:22 INFO    |  step: 37172224, training/log_alpha: -4.661 +/- 0.000
2025-11-17 07:00:22 INFO    |  step: 37172224, training/num_env_samples: 252.158 +/- 0.000
2025-11-17 07:00:22 INFO    |  step: 37172224, training/num_rb_samples: 3.842 +/- 0.000
2025-11-17 07:00:22 INFO    |  step: 37172224, training/rb_grad_mean_norm: 3.653 +/- 0.000
2025-11-17 07:00:22 INFO    |  step: 37172224, training/rb_grad_trvar: 35.021 +/- 0.000
2025-11-17 07:00:22 INFO    |  step: 37172224, eval/episode_reward: 325.984 +/- 0.000
2025-11-17 07:00:22 INFO    |  step: 37172224, eval/episode_success: 325.984 +/- 0.000
2025-11-17 07:00:22 INFO    |  step: 37172224, eval/episode_success_easy: 571.086 +/- 0.000
2025-11-17 07:00:22 INFO    |  step: 37172224, eval/episode_dist: 2651.930 +/- 0.000
2025-11-17 07:00:22 INFO    |  step: 37172224, eval/episode_success_any: 0.633 +/- 0.000
2025-11-17 07:00:22 INFO    |  step: 37172224, eval/episode_reward_ctrl: 0.000 +/- 0.000
2025-11-17 07:00:22 INFO    |  step: 37172224, eval/episode_reward_dist: 0.000 +/- 0.000
2025-11-17 07:00:22 INFO    |  step: 37172224, eval/episode_reward_near: 0.000 +/- 0.000
2025-11-17 07:00:22 INFO    |  step: 37172224, eval/episode_reward_survive: 0.000 +/- 0.000
2025-11-17 07:00:22 INFO    |  step: 37172224, eval/episode_success_hard: 0.000 +/- 0.000
2025-11-17 07:00:41 INFO    |  actor input shape: (10000, 31)
2025-11-17 07:00:41 INFO    |  encoder input shape: (10000, 37)
2025-11-17 07:00:41 INFO    |  encoder input shape: (10000, 2)
2025-11-17 07:00:41 INFO    |  actor input shape: (10000, 31)
2025-11-17 07:00:42 INFO    |  encoder input shape: (10000, 37)
2025-11-17 07:00:42 INFO    |  encoder input shape: (10000, 2)
2025-11-17 07:00:42 INFO    |  actor input shape: (10000, 31)
2025-11-17 07:00:42 INFO    |  encoder input shape: (10000, 37)
2025-11-17 07:00:42 INFO    |  encoder input shape: (10000, 2)
2025-11-17 07:00:42 INFO    |  Plotted visualizations at env step 37569024.0
2025-11-17 07:00:44 INFO    |  step: 37569024
2025-11-17 07:00:44 INFO    |  step: 37569024, training/sps: 19676.250 +/- 0.000
2025-11-17 07:00:44 INFO    |  step: 37569024, training/actor_loss: 1.752 +/- 0.000
2025-11-17 07:00:44 INFO    |  step: 37569024, training/adaptive_mixing: 0.019 +/- 0.000
2025-11-17 07:00:44 INFO    |  step: 37569024, training/alpha_loss: -0.000 +/- 0.000
2025-11-17 07:00:44 INFO    |  step: 37569024, training/critic_loss: 1.763 +/- 0.000
2025-11-17 07:00:44 INFO    |  step: 37569024, training/entropy: -4.000 +/- 0.000
2025-11-17 07:00:44 INFO    |  step: 37569024, training/env_grad_mean_norm: 0.456 +/- 0.000
2025-11-17 07:00:44 INFO    |  step: 37569024, training/env_grad_trvar: 45.658 +/- 0.000
2025-11-17 07:00:44 INFO    |  step: 37569024, training/env_rb_bias_squared: 18.128 +/- 0.000
2025-11-17 07:00:44 INFO    |  step: 37569024, training/log_alpha: -4.657 +/- 0.000
2025-11-17 07:00:44 INFO    |  step: 37569024, training/num_env_samples: 252.148 +/- 0.000
2025-11-17 07:00:44 INFO    |  step: 37569024, training/num_rb_samples: 3.852 +/- 0.000
2025-11-17 07:00:44 INFO    |  step: 37569024, training/rb_grad_mean_norm: 3.601 +/- 0.000
2025-11-17 07:00:44 INFO    |  step: 37569024, training/rb_grad_trvar: 34.414 +/- 0.000
2025-11-17 07:00:44 INFO    |  step: 37569024, eval/episode_reward: 333.180 +/- 0.000
2025-11-17 07:00:44 INFO    |  step: 37569024, eval/episode_success: 333.180 +/- 0.000
2025-11-17 07:00:44 INFO    |  step: 37569024, eval/episode_success_easy: 554.578 +/- 0.000
2025-11-17 07:00:44 INFO    |  step: 37569024, eval/episode_dist: 2574.654 +/- 0.000
2025-11-17 07:00:44 INFO    |  step: 37569024, eval/episode_success_any: 0.645 +/- 0.000
2025-11-17 07:00:44 INFO    |  step: 37569024, eval/episode_reward_ctrl: 0.000 +/- 0.000
2025-11-17 07:00:44 INFO    |  step: 37569024, eval/episode_reward_dist: 0.000 +/- 0.000
2025-11-17 07:00:44 INFO    |  step: 37569024, eval/episode_reward_near: 0.000 +/- 0.000
2025-11-17 07:00:44 INFO    |  step: 37569024, eval/episode_reward_survive: 0.000 +/- 0.000
2025-11-17 07:00:44 INFO    |  step: 37569024, eval/episode_success_hard: 0.000 +/- 0.000
2025-11-17 07:01:03 INFO    |  actor input shape: (10000, 31)
2025-11-17 07:01:03 INFO    |  encoder input shape: (10000, 37)
2025-11-17 07:01:03 INFO    |  encoder input shape: (10000, 2)
2025-11-17 07:01:04 INFO    |  actor input shape: (10000, 31)
2025-11-17 07:01:04 INFO    |  encoder input shape: (10000, 37)
2025-11-17 07:01:04 INFO    |  encoder input shape: (10000, 2)
2025-11-17 07:01:04 INFO    |  actor input shape: (10000, 31)
2025-11-17 07:01:04 INFO    |  encoder input shape: (10000, 37)
2025-11-17 07:01:04 INFO    |  encoder input shape: (10000, 2)
2025-11-17 07:01:04 INFO    |  Plotted visualizations at env step 37965824.0
2025-11-17 07:01:06 INFO    |  step: 37965824
2025-11-17 07:01:06 INFO    |  step: 37965824, training/sps: 19641.332 +/- 0.000
2025-11-17 07:01:06 INFO    |  step: 37965824, training/actor_loss: 1.755 +/- 0.000
2025-11-17 07:01:06 INFO    |  step: 37965824, training/adaptive_mixing: 0.004 +/- 0.000
2025-11-17 07:01:06 INFO    |  step: 37965824, training/alpha_loss: 0.000 +/- 0.000
2025-11-17 07:01:06 INFO    |  step: 37965824, training/critic_loss: 1.764 +/- 0.000
2025-11-17 07:01:06 INFO    |  step: 37965824, training/entropy: -3.998 +/- 0.000
2025-11-17 07:01:06 INFO    |  step: 37965824, training/env_grad_mean_norm: 0.454 +/- 0.000
2025-11-17 07:01:06 INFO    |  step: 37965824, training/env_grad_trvar: 45.473 +/- 0.000
2025-11-17 07:01:06 INFO    |  step: 37965824, training/env_rb_bias_squared: 22.473 +/- 0.000
2025-11-17 07:01:06 INFO    |  step: 37965824, training/log_alpha: -4.669 +/- 0.000
2025-11-17 07:01:06 INFO    |  step: 37965824, training/num_env_samples: 252.872 +/- 0.000
2025-11-17 07:01:06 INFO    |  step: 37965824, training/num_rb_samples: 3.128 +/- 0.000
2025-11-17 07:01:06 INFO    |  step: 37965824, training/rb_grad_mean_norm: 3.820 +/- 0.000
2025-11-17 07:01:06 INFO    |  step: 37965824, training/rb_grad_trvar: 30.798 +/- 0.000
2025-11-17 07:01:06 INFO    |  step: 37965824, eval/episode_reward: 236.652 +/- 0.000
2025-11-17 07:01:06 INFO    |  step: 37965824, eval/episode_success: 236.652 +/- 0.000
2025-11-17 07:01:06 INFO    |  step: 37965824, eval/episode_success_easy: 463.551 +/- 0.000
2025-11-17 07:01:06 INFO    |  step: 37965824, eval/episode_dist: 3250.946 +/- 0.000
2025-11-17 07:01:06 INFO    |  step: 37965824, eval/episode_success_any: 0.461 +/- 0.000
2025-11-17 07:01:06 INFO    |  step: 37965824, eval/episode_reward_ctrl: 0.000 +/- 0.000
2025-11-17 07:01:06 INFO    |  step: 37965824, eval/episode_reward_dist: 0.000 +/- 0.000
2025-11-17 07:01:06 INFO    |  step: 37965824, eval/episode_reward_near: 0.000 +/- 0.000
2025-11-17 07:01:06 INFO    |  step: 37965824, eval/episode_reward_survive: 0.000 +/- 0.000
2025-11-17 07:01:06 INFO    |  step: 37965824, eval/episode_success_hard: 0.000 +/- 0.000
2025-11-17 07:01:25 INFO    |  actor input shape: (10000, 31)
2025-11-17 07:01:25 INFO    |  encoder input shape: (10000, 37)
2025-11-17 07:01:25 INFO    |  encoder input shape: (10000, 2)
2025-11-17 07:01:25 INFO    |  actor input shape: (10000, 31)
2025-11-17 07:01:25 INFO    |  encoder input shape: (10000, 37)
2025-11-17 07:01:25 INFO    |  encoder input shape: (10000, 2)
2025-11-17 07:01:26 INFO    |  actor input shape: (10000, 31)
2025-11-17 07:01:26 INFO    |  encoder input shape: (10000, 37)
2025-11-17 07:01:26 INFO    |  encoder input shape: (10000, 2)
2025-11-17 07:01:26 INFO    |  Plotted visualizations at env step 38362624.0
2025-11-17 07:01:28 INFO    |  step: 38362624
2025-11-17 07:01:29 INFO    |  actor input shape: (1, 31)
2025-11-17 07:01:47 INFO    |  step: 38362624, training/sps: 19767.375 +/- 0.000
2025-11-17 07:01:47 INFO    |  step: 38362624, training/actor_loss: 1.754 +/- 0.000
2025-11-17 07:01:47 INFO    |  step: 38362624, training/adaptive_mixing: 0.021 +/- 0.000
2025-11-17 07:01:47 INFO    |  step: 38362624, training/alpha_loss: -0.000 +/- 0.000
2025-11-17 07:01:47 INFO    |  step: 38362624, training/critic_loss: 1.757 +/- 0.000
2025-11-17 07:01:47 INFO    |  step: 38362624, training/entropy: -4.001 +/- 0.000
2025-11-17 07:01:47 INFO    |  step: 38362624, training/env_grad_mean_norm: 0.451 +/- 0.000
2025-11-17 07:01:47 INFO    |  step: 38362624, training/env_grad_trvar: 44.783 +/- 0.000
2025-11-17 07:01:47 INFO    |  step: 38362624, training/env_rb_bias_squared: 21.755 +/- 0.000
2025-11-17 07:01:47 INFO    |  step: 38362624, training/log_alpha: -4.665 +/- 0.000
2025-11-17 07:01:47 INFO    |  step: 38362624, training/num_env_samples: 252.841 +/- 0.000
2025-11-17 07:01:47 INFO    |  step: 38362624, training/num_rb_samples: 3.159 +/- 0.000
2025-11-17 07:01:47 INFO    |  step: 38362624, training/rb_grad_mean_norm: 3.802 +/- 0.000
2025-11-17 07:01:47 INFO    |  step: 38362624, training/rb_grad_trvar: 30.004 +/- 0.000
2025-11-17 07:01:47 INFO    |  step: 38362624, eval/episode_reward: 309.398 +/- 0.000
2025-11-17 07:01:47 INFO    |  step: 38362624, eval/episode_success: 309.398 +/- 0.000
2025-11-17 07:01:47 INFO    |  step: 38362624, eval/episode_success_easy: 560.695 +/- 0.000
2025-11-17 07:01:47 INFO    |  step: 38362624, eval/episode_dist: 2843.260 +/- 0.000
2025-11-17 07:01:47 INFO    |  step: 38362624, eval/episode_success_any: 0.617 +/- 0.000
2025-11-17 07:01:47 INFO    |  step: 38362624, eval/episode_reward_ctrl: 0.000 +/- 0.000
2025-11-17 07:01:47 INFO    |  step: 38362624, eval/episode_reward_dist: 0.000 +/- 0.000
2025-11-17 07:01:47 INFO    |  step: 38362624, eval/episode_reward_near: 0.000 +/- 0.000
2025-11-17 07:01:47 INFO    |  step: 38362624, eval/episode_reward_survive: 0.000 +/- 0.000
2025-11-17 07:01:47 INFO    |  step: 38362624, eval/episode_success_hard: 0.000 +/- 0.000
2025-11-17 07:02:06 INFO    |  actor input shape: (10000, 31)
2025-11-17 07:02:06 INFO    |  encoder input shape: (10000, 37)
2025-11-17 07:02:06 INFO    |  encoder input shape: (10000, 2)
2025-11-17 07:02:06 INFO    |  actor input shape: (10000, 31)
2025-11-17 07:02:06 INFO    |  encoder input shape: (10000, 37)
2025-11-17 07:02:07 INFO    |  encoder input shape: (10000, 2)
2025-11-17 07:02:07 INFO    |  actor input shape: (10000, 31)
2025-11-17 07:02:07 INFO    |  encoder input shape: (10000, 37)
2025-11-17 07:02:07 INFO    |  encoder input shape: (10000, 2)
2025-11-17 07:02:07 INFO    |  Plotted visualizations at env step 38759424.0
2025-11-17 07:02:09 INFO    |  step: 38759424
2025-11-17 07:02:09 INFO    |  step: 38759424, training/sps: 19684.768 +/- 0.000
2025-11-17 07:02:09 INFO    |  step: 38759424, training/actor_loss: 1.756 +/- 0.000
2025-11-17 07:02:09 INFO    |  step: 38759424, training/adaptive_mixing: 0.006 +/- 0.000
2025-11-17 07:02:09 INFO    |  step: 38759424, training/alpha_loss: -0.000 +/- 0.000
2025-11-17 07:02:09 INFO    |  step: 38759424, training/critic_loss: 1.762 +/- 0.000
2025-11-17 07:02:09 INFO    |  step: 38759424, training/entropy: -4.001 +/- 0.000
2025-11-17 07:02:09 INFO    |  step: 38759424, training/env_grad_mean_norm: 0.454 +/- 0.000
2025-11-17 07:02:09 INFO    |  step: 38759424, training/env_grad_trvar: 45.478 +/- 0.000
2025-11-17 07:02:09 INFO    |  step: 38759424, training/env_rb_bias_squared: 20.975 +/- 0.000
2025-11-17 07:02:09 INFO    |  step: 38759424, training/log_alpha: -4.665 +/- 0.000
2025-11-17 07:02:09 INFO    |  step: 38759424, training/num_env_samples: 252.767 +/- 0.000
2025-11-17 07:02:09 INFO    |  step: 38759424, training/num_rb_samples: 3.233 +/- 0.000
2025-11-17 07:02:09 INFO    |  step: 38759424, training/rb_grad_mean_norm: 3.769 +/- 0.000
2025-11-17 07:02:09 INFO    |  step: 38759424, training/rb_grad_trvar: 30.592 +/- 0.000
2025-11-17 07:02:09 INFO    |  step: 38759424, eval/episode_reward: 304.414 +/- 0.000
2025-11-17 07:02:09 INFO    |  step: 38759424, eval/episode_success: 304.414 +/- 0.000
2025-11-17 07:02:09 INFO    |  step: 38759424, eval/episode_success_easy: 581.355 +/- 0.000
2025-11-17 07:02:09 INFO    |  step: 38759424, eval/episode_dist: 2136.550 +/- 0.000
2025-11-17 07:02:09 INFO    |  step: 38759424, eval/episode_success_any: 0.625 +/- 0.000
2025-11-17 07:02:09 INFO    |  step: 38759424, eval/episode_reward_ctrl: 0.000 +/- 0.000
2025-11-17 07:02:09 INFO    |  step: 38759424, eval/episode_reward_dist: 0.000 +/- 0.000
2025-11-17 07:02:09 INFO    |  step: 38759424, eval/episode_reward_near: 0.000 +/- 0.000
2025-11-17 07:02:09 INFO    |  step: 38759424, eval/episode_reward_survive: 0.000 +/- 0.000
2025-11-17 07:02:09 INFO    |  step: 38759424, eval/episode_success_hard: 0.000 +/- 0.000
2025-11-17 07:02:28 INFO    |  actor input shape: (10000, 31)
2025-11-17 07:02:28 INFO    |  encoder input shape: (10000, 37)
2025-11-17 07:02:28 INFO    |  encoder input shape: (10000, 2)
2025-11-17 07:02:28 INFO    |  actor input shape: (10000, 31)
2025-11-17 07:02:28 INFO    |  encoder input shape: (10000, 37)
2025-11-17 07:02:28 INFO    |  encoder input shape: (10000, 2)
2025-11-17 07:02:29 INFO    |  actor input shape: (10000, 31)
2025-11-17 07:02:29 INFO    |  encoder input shape: (10000, 37)
2025-11-17 07:02:29 INFO    |  encoder input shape: (10000, 2)
2025-11-17 07:02:29 INFO    |  Plotted visualizations at env step 39156224.0
2025-11-17 07:02:31 INFO    |  step: 39156224
2025-11-17 07:02:31 INFO    |  step: 39156224, training/sps: 19897.891 +/- 0.000
2025-11-17 07:02:31 INFO    |  step: 39156224, training/actor_loss: 1.757 +/- 0.000
2025-11-17 07:02:31 INFO    |  step: 39156224, training/adaptive_mixing: 0.053 +/- 0.000
2025-11-17 07:02:31 INFO    |  step: 39156224, training/alpha_loss: -0.000 +/- 0.000
2025-11-17 07:02:31 INFO    |  step: 39156224, training/critic_loss: 1.763 +/- 0.000
2025-11-17 07:02:31 INFO    |  step: 39156224, training/entropy: -4.001 +/- 0.000
2025-11-17 07:02:31 INFO    |  step: 39156224, training/env_grad_mean_norm: 0.447 +/- 0.000
2025-11-17 07:02:31 INFO    |  step: 39156224, training/env_grad_trvar: 43.955 +/- 0.000
2025-11-17 07:02:31 INFO    |  step: 39156224, training/env_rb_bias_squared: 19.220 +/- 0.000
2025-11-17 07:02:31 INFO    |  step: 39156224, training/log_alpha: -4.659 +/- 0.000
2025-11-17 07:02:31 INFO    |  step: 39156224, training/num_env_samples: 252.292 +/- 0.000
2025-11-17 07:02:31 INFO    |  step: 39156224, training/num_rb_samples: 3.708 +/- 0.000
2025-11-17 07:02:31 INFO    |  step: 39156224, training/rb_grad_mean_norm: 3.613 +/- 0.000
2025-11-17 07:02:31 INFO    |  step: 39156224, training/rb_grad_trvar: 33.019 +/- 0.000
2025-11-17 07:02:31 INFO    |  step: 39156224, eval/episode_reward: 257.941 +/- 0.000
2025-11-17 07:02:31 INFO    |  step: 39156224, eval/episode_success: 257.941 +/- 0.000
2025-11-17 07:02:31 INFO    |  step: 39156224, eval/episode_success_easy: 520.328 +/- 0.000
2025-11-17 07:02:31 INFO    |  step: 39156224, eval/episode_dist: 2487.110 +/- 0.000
2025-11-17 07:02:31 INFO    |  step: 39156224, eval/episode_success_any: 0.547 +/- 0.000
2025-11-17 07:02:31 INFO    |  step: 39156224, eval/episode_reward_ctrl: 0.000 +/- 0.000
2025-11-17 07:02:31 INFO    |  step: 39156224, eval/episode_reward_dist: 0.000 +/- 0.000
2025-11-17 07:02:31 INFO    |  step: 39156224, eval/episode_reward_near: 0.000 +/- 0.000
2025-11-17 07:02:31 INFO    |  step: 39156224, eval/episode_reward_survive: 0.000 +/- 0.000
2025-11-17 07:02:31 INFO    |  step: 39156224, eval/episode_success_hard: 0.000 +/- 0.000
2025-11-17 07:02:50 INFO    |  actor input shape: (10000, 31)
2025-11-17 07:02:50 INFO    |  encoder input shape: (10000, 37)
2025-11-17 07:02:50 INFO    |  encoder input shape: (10000, 2)
2025-11-17 07:02:50 INFO    |  actor input shape: (10000, 31)
2025-11-17 07:02:50 INFO    |  encoder input shape: (10000, 37)
2025-11-17 07:02:50 INFO    |  encoder input shape: (10000, 2)
2025-11-17 07:02:50 INFO    |  actor input shape: (10000, 31)
2025-11-17 07:02:50 INFO    |  encoder input shape: (10000, 37)
2025-11-17 07:02:50 INFO    |  encoder input shape: (10000, 2)
2025-11-17 07:02:51 INFO    |  Plotted visualizations at env step 39553024.0
2025-11-17 07:02:52 INFO    |  step: 39553024
2025-11-17 07:02:52 INFO    |  step: 39553024, training/sps: 19815.847 +/- 0.000
2025-11-17 07:02:52 INFO    |  step: 39553024, training/actor_loss: 1.764 +/- 0.000
2025-11-17 07:02:52 INFO    |  step: 39553024, training/adaptive_mixing: 0.007 +/- 0.000
2025-11-17 07:02:52 INFO    |  step: 39553024, training/alpha_loss: -0.000 +/- 0.000
2025-11-17 07:02:52 INFO    |  step: 39553024, training/critic_loss: 1.766 +/- 0.000
2025-11-17 07:02:52 INFO    |  step: 39553024, training/entropy: -4.000 +/- 0.000
2025-11-17 07:02:52 INFO    |  step: 39553024, training/env_grad_mean_norm: 0.442 +/- 0.000
2025-11-17 07:02:52 INFO    |  step: 39553024, training/env_grad_trvar: 42.620 +/- 0.000
2025-11-17 07:02:52 INFO    |  step: 39553024, training/env_rb_bias_squared: 13.547 +/- 0.000
2025-11-17 07:02:52 INFO    |  step: 39553024, training/log_alpha: -4.668 +/- 0.000
2025-11-17 07:02:52 INFO    |  step: 39553024, training/num_env_samples: 251.048 +/- 0.000
2025-11-17 07:02:52 INFO    |  step: 39553024, training/num_rb_samples: 4.952 +/- 0.000
2025-11-17 07:02:52 INFO    |  step: 39553024, training/rb_grad_mean_norm: 3.136 +/- 0.000
2025-11-17 07:02:52 INFO    |  step: 39553024, training/rb_grad_trvar: 37.673 +/- 0.000
2025-11-17 07:02:52 INFO    |  step: 39553024, eval/episode_reward: 271.270 +/- 0.000
2025-11-17 07:02:52 INFO    |  step: 39553024, eval/episode_success: 271.270 +/- 0.000
2025-11-17 07:02:52 INFO    |  step: 39553024, eval/episode_success_easy: 522.594 +/- 0.000
2025-11-17 07:02:52 INFO    |  step: 39553024, eval/episode_dist: 2768.968 +/- 0.000
2025-11-17 07:02:52 INFO    |  step: 39553024, eval/episode_success_any: 0.531 +/- 0.000
2025-11-17 07:02:52 INFO    |  step: 39553024, eval/episode_reward_ctrl: 0.000 +/- 0.000
2025-11-17 07:02:52 INFO    |  step: 39553024, eval/episode_reward_dist: 0.000 +/- 0.000
2025-11-17 07:02:52 INFO    |  step: 39553024, eval/episode_reward_near: 0.000 +/- 0.000
2025-11-17 07:02:52 INFO    |  step: 39553024, eval/episode_reward_survive: 0.000 +/- 0.000
2025-11-17 07:02:52 INFO    |  step: 39553024, eval/episode_success_hard: 0.000 +/- 0.000
2025-11-17 07:03:12 INFO    |  actor input shape: (10000, 31)
2025-11-17 07:03:12 INFO    |  encoder input shape: (10000, 37)
2025-11-17 07:03:12 INFO    |  encoder input shape: (10000, 2)
2025-11-17 07:03:12 INFO    |  actor input shape: (10000, 31)
2025-11-17 07:03:12 INFO    |  encoder input shape: (10000, 37)
2025-11-17 07:03:12 INFO    |  encoder input shape: (10000, 2)
2025-11-17 07:03:12 INFO    |  actor input shape: (10000, 31)
2025-11-17 07:03:12 INFO    |  encoder input shape: (10000, 37)
2025-11-17 07:03:12 INFO    |  encoder input shape: (10000, 2)
2025-11-17 07:03:12 INFO    |  Plotted visualizations at env step 39949824.0
2025-11-17 07:03:14 INFO    |  step: 39949824
2025-11-17 07:03:14 INFO    |  step: 39949824, training/sps: 19816.719 +/- 0.000
2025-11-17 07:03:14 INFO    |  step: 39949824, training/actor_loss: 1.763 +/- 0.000
2025-11-17 07:03:14 INFO    |  step: 39949824, training/adaptive_mixing: 0.006 +/- 0.000
2025-11-17 07:03:14 INFO    |  step: 39949824, training/alpha_loss: 0.000 +/- 0.000
2025-11-17 07:03:14 INFO    |  step: 39949824, training/critic_loss: 1.762 +/- 0.000
2025-11-17 07:03:14 INFO    |  step: 39949824, training/entropy: -3.999 +/- 0.000
2025-11-17 07:03:14 INFO    |  step: 39949824, training/env_grad_mean_norm: 0.443 +/- 0.000
2025-11-17 07:03:14 INFO    |  step: 39949824, training/env_grad_trvar: 43.009 +/- 0.000
2025-11-17 07:03:14 INFO    |  step: 39949824, training/env_rb_bias_squared: 13.670 +/- 0.000
2025-11-17 07:03:14 INFO    |  step: 39949824, training/log_alpha: -4.664 +/- 0.000
2025-11-17 07:03:14 INFO    |  step: 39949824, training/num_env_samples: 251.258 +/- 0.000
2025-11-17 07:03:14 INFO    |  step: 39949824, training/num_rb_samples: 4.742 +/- 0.000
2025-11-17 07:03:14 INFO    |  step: 39949824, training/rb_grad_mean_norm: 3.187 +/- 0.000
2025-11-17 07:03:14 INFO    |  step: 39949824, training/rb_grad_trvar: 35.898 +/- 0.000
2025-11-17 07:03:14 INFO    |  step: 39949824, eval/episode_reward: 283.801 +/- 0.000
2025-11-17 07:03:14 INFO    |  step: 39949824, eval/episode_success: 283.801 +/- 0.000
2025-11-17 07:03:14 INFO    |  step: 39949824, eval/episode_success_easy: 563.973 +/- 0.000
2025-11-17 07:03:14 INFO    |  step: 39949824, eval/episode_dist: 2247.540 +/- 0.000
2025-11-17 07:03:14 INFO    |  step: 39949824, eval/episode_success_any: 0.520 +/- 0.000
2025-11-17 07:03:14 INFO    |  step: 39949824, eval/episode_reward_ctrl: 0.000 +/- 0.000
2025-11-17 07:03:14 INFO    |  step: 39949824, eval/episode_reward_dist: 0.000 +/- 0.000
2025-11-17 07:03:14 INFO    |  step: 39949824, eval/episode_reward_near: 0.000 +/- 0.000
2025-11-17 07:03:14 INFO    |  step: 39949824, eval/episode_reward_survive: 0.000 +/- 0.000
2025-11-17 07:03:14 INFO    |  step: 39949824, eval/episode_success_hard: 0.000 +/- 0.000
2025-11-17 07:03:34 INFO    |  actor input shape: (10000, 31)
2025-11-17 07:03:34 INFO    |  encoder input shape: (10000, 37)
2025-11-17 07:03:34 INFO    |  encoder input shape: (10000, 2)
2025-11-17 07:03:34 INFO    |  actor input shape: (10000, 31)
2025-11-17 07:03:34 INFO    |  encoder input shape: (10000, 37)
2025-11-17 07:03:34 INFO    |  encoder input shape: (10000, 2)
2025-11-17 07:03:34 INFO    |  actor input shape: (10000, 31)
2025-11-17 07:03:34 INFO    |  encoder input shape: (10000, 37)
2025-11-17 07:03:34 INFO    |  encoder input shape: (10000, 2)
2025-11-17 07:03:34 INFO    |  Plotted visualizations at env step 40346624.0
2025-11-17 07:03:36 INFO    |  step: 40346624
2025-11-17 07:03:38 INFO    |  actor input shape: (1, 31)
2025-11-17 07:03:55 INFO    |  step: 40346624, training/sps: 19745.899 +/- 0.000
2025-11-17 07:03:55 INFO    |  step: 40346624, training/actor_loss: 1.762 +/- 0.000
2025-11-17 07:03:55 INFO    |  step: 40346624, training/adaptive_mixing: 0.005 +/- 0.000
2025-11-17 07:03:55 INFO    |  step: 40346624, training/alpha_loss: -0.000 +/- 0.000
2025-11-17 07:03:55 INFO    |  step: 40346624, training/critic_loss: 1.762 +/- 0.000
2025-11-17 07:03:55 INFO    |  step: 40346624, training/entropy: -4.000 +/- 0.000
2025-11-17 07:03:55 INFO    |  step: 40346624, training/env_grad_mean_norm: 0.442 +/- 0.000
2025-11-17 07:03:55 INFO    |  step: 40346624, training/env_grad_trvar: 43.216 +/- 0.000
2025-11-17 07:03:55 INFO    |  step: 40346624, training/env_rb_bias_squared: 14.031 +/- 0.000
2025-11-17 07:03:55 INFO    |  step: 40346624, training/log_alpha: -4.663 +/- 0.000
2025-11-17 07:03:55 INFO    |  step: 40346624, training/num_env_samples: 251.536 +/- 0.000
2025-11-17 07:03:55 INFO    |  step: 40346624, training/num_rb_samples: 4.464 +/- 0.000
2025-11-17 07:03:55 INFO    |  step: 40346624, training/rb_grad_mean_norm: 3.220 +/- 0.000
2025-11-17 07:03:55 INFO    |  step: 40346624, training/rb_grad_trvar: 33.049 +/- 0.000
2025-11-17 07:03:55 INFO    |  step: 40346624, eval/episode_reward: 213.977 +/- 0.000
2025-11-17 07:03:55 INFO    |  step: 40346624, eval/episode_success: 213.977 +/- 0.000
2025-11-17 07:03:55 INFO    |  step: 40346624, eval/episode_success_easy: 486.461 +/- 0.000
2025-11-17 07:03:55 INFO    |  step: 40346624, eval/episode_dist: 3137.458 +/- 0.000
2025-11-17 07:03:55 INFO    |  step: 40346624, eval/episode_success_any: 0.453 +/- 0.000
2025-11-17 07:03:55 INFO    |  step: 40346624, eval/episode_reward_ctrl: 0.000 +/- 0.000
2025-11-17 07:03:55 INFO    |  step: 40346624, eval/episode_reward_dist: 0.000 +/- 0.000
2025-11-17 07:03:55 INFO    |  step: 40346624, eval/episode_reward_near: 0.000 +/- 0.000
2025-11-17 07:03:55 INFO    |  step: 40346624, eval/episode_reward_survive: 0.000 +/- 0.000
2025-11-17 07:03:55 INFO    |  step: 40346624, eval/episode_success_hard: 0.000 +/- 0.000
2025-11-17 07:04:15 INFO    |  actor input shape: (10000, 31)
2025-11-17 07:04:15 INFO    |  encoder input shape: (10000, 37)
2025-11-17 07:04:15 INFO    |  encoder input shape: (10000, 2)
2025-11-17 07:04:15 INFO    |  actor input shape: (10000, 31)
2025-11-17 07:04:15 INFO    |  encoder input shape: (10000, 37)
2025-11-17 07:04:15 INFO    |  encoder input shape: (10000, 2)
2025-11-17 07:04:15 INFO    |  actor input shape: (10000, 31)
2025-11-17 07:04:15 INFO    |  encoder input shape: (10000, 37)
2025-11-17 07:04:15 INFO    |  encoder input shape: (10000, 2)
2025-11-17 07:04:15 INFO    |  Plotted visualizations at env step 40743424.0
2025-11-17 07:04:17 INFO    |  step: 40743424
2025-11-17 07:04:17 INFO    |  step: 40743424, training/sps: 19779.675 +/- 0.000
2025-11-17 07:04:17 INFO    |  step: 40743424, training/actor_loss: 1.762 +/- 0.000
2025-11-17 07:04:17 INFO    |  step: 40743424, training/adaptive_mixing: 0.005 +/- 0.000
2025-11-17 07:04:17 INFO    |  step: 40743424, training/alpha_loss: 0.000 +/- 0.000
2025-11-17 07:04:17 INFO    |  step: 40743424, training/critic_loss: 1.763 +/- 0.000
2025-11-17 07:04:17 INFO    |  step: 40743424, training/entropy: -3.999 +/- 0.000
2025-11-17 07:04:17 INFO    |  step: 40743424, training/env_grad_mean_norm: 0.443 +/- 0.000
2025-11-17 07:04:17 INFO    |  step: 40743424, training/env_grad_trvar: 43.346 +/- 0.000
2025-11-17 07:04:17 INFO    |  step: 40743424, training/env_rb_bias_squared: 14.212 +/- 0.000
2025-11-17 07:04:17 INFO    |  step: 40743424, training/log_alpha: -4.660 +/- 0.000
2025-11-17 07:04:17 INFO    |  step: 40743424, training/num_env_samples: 251.433 +/- 0.000
2025-11-17 07:04:17 INFO    |  step: 40743424, training/num_rb_samples: 4.567 +/- 0.000
2025-11-17 07:04:17 INFO    |  step: 40743424, training/rb_grad_mean_norm: 3.258 +/- 0.000
2025-11-17 07:04:17 INFO    |  step: 40743424, training/rb_grad_trvar: 34.392 +/- 0.000
2025-11-17 07:04:17 INFO    |  step: 40743424, eval/episode_reward: 312.934 +/- 0.000
2025-11-17 07:04:17 INFO    |  step: 40743424, eval/episode_success: 312.934 +/- 0.000
2025-11-17 07:04:17 INFO    |  step: 40743424, eval/episode_success_easy: 582.566 +/- 0.000
2025-11-17 07:04:17 INFO    |  step: 40743424, eval/episode_dist: 2068.088 +/- 0.000
2025-11-17 07:04:17 INFO    |  step: 40743424, eval/episode_success_any: 0.590 +/- 0.000
2025-11-17 07:04:17 INFO    |  step: 40743424, eval/episode_reward_ctrl: 0.000 +/- 0.000
2025-11-17 07:04:17 INFO    |  step: 40743424, eval/episode_reward_dist: 0.000 +/- 0.000
2025-11-17 07:04:17 INFO    |  step: 40743424, eval/episode_reward_near: 0.000 +/- 0.000
2025-11-17 07:04:17 INFO    |  step: 40743424, eval/episode_reward_survive: 0.000 +/- 0.000
2025-11-17 07:04:17 INFO    |  step: 40743424, eval/episode_success_hard: 0.000 +/- 0.000
2025-11-17 07:04:37 INFO    |  actor input shape: (10000, 31)
2025-11-17 07:04:37 INFO    |  encoder input shape: (10000, 37)
2025-11-17 07:04:37 INFO    |  encoder input shape: (10000, 2)
2025-11-17 07:04:37 INFO    |  actor input shape: (10000, 31)
2025-11-17 07:04:37 INFO    |  encoder input shape: (10000, 37)
2025-11-17 07:04:37 INFO    |  encoder input shape: (10000, 2)
2025-11-17 07:04:37 INFO    |  actor input shape: (10000, 31)
2025-11-17 07:04:37 INFO    |  encoder input shape: (10000, 37)
2025-11-17 07:04:37 INFO    |  encoder input shape: (10000, 2)
2025-11-17 07:04:37 INFO    |  Plotted visualizations at env step 41140224.0
2025-11-17 07:04:39 INFO    |  step: 41140224
2025-11-17 07:04:39 INFO    |  step: 41140224, training/sps: 19726.031 +/- 0.000
2025-11-17 07:04:39 INFO    |  step: 41140224, training/actor_loss: 1.762 +/- 0.000
2025-11-17 07:04:39 INFO    |  step: 41140224, training/adaptive_mixing: 0.007 +/- 0.000
2025-11-17 07:04:39 INFO    |  step: 41140224, training/alpha_loss: 0.000 +/- 0.000
2025-11-17 07:04:39 INFO    |  step: 41140224, training/critic_loss: 1.765 +/- 0.000
2025-11-17 07:04:39 INFO    |  step: 41140224, training/entropy: -3.999 +/- 0.000
2025-11-17 07:04:39 INFO    |  step: 41140224, training/env_grad_mean_norm: 0.444 +/- 0.000
2025-11-17 07:04:39 INFO    |  step: 41140224, training/env_grad_trvar: 43.557 +/- 0.000
2025-11-17 07:04:39 INFO    |  step: 41140224, training/env_rb_bias_squared: 17.298 +/- 0.000
2025-11-17 07:04:39 INFO    |  step: 41140224, training/log_alpha: -4.660 +/- 0.000
2025-11-17 07:04:39 INFO    |  step: 41140224, training/num_env_samples: 252.086 +/- 0.000
2025-11-17 07:04:39 INFO    |  step: 41140224, training/num_rb_samples: 3.914 +/- 0.000
2025-11-17 07:04:39 INFO    |  step: 41140224, training/rb_grad_mean_norm: 3.516 +/- 0.000
2025-11-17 07:04:39 INFO    |  step: 41140224, training/rb_grad_trvar: 32.754 +/- 0.000
2025-11-17 07:04:39 INFO    |  step: 41140224, eval/episode_reward: 277.363 +/- 0.000
2025-11-17 07:04:39 INFO    |  step: 41140224, eval/episode_success: 277.363 +/- 0.000
2025-11-17 07:04:39 INFO    |  step: 41140224, eval/episode_success_easy: 565.953 +/- 0.000
2025-11-17 07:04:39 INFO    |  step: 41140224, eval/episode_dist: 2538.673 +/- 0.000
2025-11-17 07:04:39 INFO    |  step: 41140224, eval/episode_success_any: 0.566 +/- 0.000
2025-11-17 07:04:39 INFO    |  step: 41140224, eval/episode_reward_ctrl: 0.000 +/- 0.000
2025-11-17 07:04:39 INFO    |  step: 41140224, eval/episode_reward_dist: 0.000 +/- 0.000
2025-11-17 07:04:39 INFO    |  step: 41140224, eval/episode_reward_near: 0.000 +/- 0.000
2025-11-17 07:04:39 INFO    |  step: 41140224, eval/episode_reward_survive: 0.000 +/- 0.000
2025-11-17 07:04:39 INFO    |  step: 41140224, eval/episode_success_hard: 0.000 +/- 0.000
2025-11-17 07:04:58 INFO    |  actor input shape: (10000, 31)
2025-11-17 07:04:58 INFO    |  encoder input shape: (10000, 37)
2025-11-17 07:04:58 INFO    |  encoder input shape: (10000, 2)
2025-11-17 07:04:59 INFO    |  actor input shape: (10000, 31)
2025-11-17 07:04:59 INFO    |  encoder input shape: (10000, 37)
2025-11-17 07:04:59 INFO    |  encoder input shape: (10000, 2)
2025-11-17 07:04:59 INFO    |  actor input shape: (10000, 31)
2025-11-17 07:04:59 INFO    |  encoder input shape: (10000, 37)
2025-11-17 07:04:59 INFO    |  encoder input shape: (10000, 2)
2025-11-17 07:04:59 INFO    |  Plotted visualizations at env step 41537024.0
2025-11-17 07:05:01 INFO    |  step: 41537024
2025-11-17 07:05:01 INFO    |  step: 41537024, training/sps: 19780.472 +/- 0.000
2025-11-17 07:05:01 INFO    |  step: 41537024, training/actor_loss: 1.764 +/- 0.000
2025-11-17 07:05:01 INFO    |  step: 41537024, training/adaptive_mixing: 0.044 +/- 0.000
2025-11-17 07:05:01 INFO    |  step: 41537024, training/alpha_loss: -0.000 +/- 0.000
2025-11-17 07:05:01 INFO    |  step: 41537024, training/critic_loss: 1.764 +/- 0.000
2025-11-17 07:05:01 INFO    |  step: 41537024, training/entropy: -4.001 +/- 0.000
2025-11-17 07:05:01 INFO    |  step: 41537024, training/env_grad_mean_norm: 0.445 +/- 0.000
2025-11-17 07:05:01 INFO    |  step: 41537024, training/env_grad_trvar: 44.329 +/- 0.000
2025-11-17 07:05:01 INFO    |  step: 41537024, training/env_rb_bias_squared: 19.840 +/- 0.000
2025-11-17 07:05:01 INFO    |  step: 41537024, training/log_alpha: -4.668 +/- 0.000
2025-11-17 07:05:01 INFO    |  step: 41537024, training/num_env_samples: 252.741 +/- 0.000
2025-11-17 07:05:01 INFO    |  step: 41537024, training/num_rb_samples: 3.259 +/- 0.000
2025-11-17 07:05:01 INFO    |  step: 41537024, training/rb_grad_mean_norm: 3.659 +/- 0.000
2025-11-17 07:05:01 INFO    |  step: 41537024, training/rb_grad_trvar: 28.160 +/- 0.000
2025-11-17 07:05:01 INFO    |  step: 41537024, eval/episode_reward: 278.074 +/- 0.000
2025-11-17 07:05:01 INFO    |  step: 41537024, eval/episode_success: 278.074 +/- 0.000
2025-11-17 07:05:01 INFO    |  step: 41537024, eval/episode_success_easy: 605.477 +/- 0.000
2025-11-17 07:05:01 INFO    |  step: 41537024, eval/episode_dist: 2233.823 +/- 0.000
2025-11-17 07:05:01 INFO    |  step: 41537024, eval/episode_success_any: 0.555 +/- 0.000
2025-11-17 07:05:01 INFO    |  step: 41537024, eval/episode_reward_ctrl: 0.000 +/- 0.000
2025-11-17 07:05:01 INFO    |  step: 41537024, eval/episode_reward_dist: 0.000 +/- 0.000
2025-11-17 07:05:01 INFO    |  step: 41537024, eval/episode_reward_near: 0.000 +/- 0.000
2025-11-17 07:05:01 INFO    |  step: 41537024, eval/episode_reward_survive: 0.000 +/- 0.000
2025-11-17 07:05:01 INFO    |  step: 41537024, eval/episode_success_hard: 0.000 +/- 0.000
2025-11-17 07:05:20 INFO    |  actor input shape: (10000, 31)
2025-11-17 07:05:20 INFO    |  encoder input shape: (10000, 37)
2025-11-17 07:05:20 INFO    |  encoder input shape: (10000, 2)
2025-11-17 07:05:21 INFO    |  actor input shape: (10000, 31)
2025-11-17 07:05:21 INFO    |  encoder input shape: (10000, 37)
2025-11-17 07:05:21 INFO    |  encoder input shape: (10000, 2)
2025-11-17 07:05:21 INFO    |  actor input shape: (10000, 31)
2025-11-17 07:05:21 INFO    |  encoder input shape: (10000, 37)
2025-11-17 07:05:21 INFO    |  encoder input shape: (10000, 2)
2025-11-17 07:05:21 INFO    |  Plotted visualizations at env step 41933824.0
2025-11-17 07:05:23 INFO    |  step: 41933824
2025-11-17 07:05:23 INFO    |  step: 41933824, training/sps: 19749.284 +/- 0.000
2025-11-17 07:05:23 INFO    |  step: 41933824, training/actor_loss: 1.764 +/- 0.000
2025-11-17 07:05:23 INFO    |  step: 41933824, training/adaptive_mixing: 0.024 +/- 0.000
2025-11-17 07:05:23 INFO    |  step: 41933824, training/alpha_loss: -0.000 +/- 0.000
2025-11-17 07:05:23 INFO    |  step: 41933824, training/critic_loss: 1.766 +/- 0.000
2025-11-17 07:05:23 INFO    |  step: 41933824, training/entropy: -4.001 +/- 0.000
2025-11-17 07:05:23 INFO    |  step: 41933824, training/env_grad_mean_norm: 0.444 +/- 0.000
2025-11-17 07:05:23 INFO    |  step: 41933824, training/env_grad_trvar: 43.909 +/- 0.000
2025-11-17 07:05:23 INFO    |  step: 41933824, training/env_rb_bias_squared: 18.236 +/- 0.000
2025-11-17 07:05:23 INFO    |  step: 41933824, training/log_alpha: -4.664 +/- 0.000
2025-11-17 07:05:23 INFO    |  step: 41933824, training/num_env_samples: 252.273 +/- 0.000
2025-11-17 07:05:23 INFO    |  step: 41933824, training/num_rb_samples: 3.727 +/- 0.000
2025-11-17 07:05:23 INFO    |  step: 41933824, training/rb_grad_mean_norm: 3.615 +/- 0.000
2025-11-17 07:05:23 INFO    |  step: 41933824, training/rb_grad_trvar: 32.895 +/- 0.000
2025-11-17 07:05:23 INFO    |  step: 41933824, eval/episode_reward: 356.590 +/- 0.000
2025-11-17 07:05:23 INFO    |  step: 41933824, eval/episode_success: 356.590 +/- 0.000
2025-11-17 07:05:23 INFO    |  step: 41933824, eval/episode_success_easy: 588.227 +/- 0.000
2025-11-17 07:05:23 INFO    |  step: 41933824, eval/episode_dist: 2348.109 +/- 0.000
2025-11-17 07:05:23 INFO    |  step: 41933824, eval/episode_success_any: 0.660 +/- 0.000
2025-11-17 07:05:23 INFO    |  step: 41933824, eval/episode_reward_ctrl: 0.000 +/- 0.000
2025-11-17 07:05:23 INFO    |  step: 41933824, eval/episode_reward_dist: 0.000 +/- 0.000
2025-11-17 07:05:23 INFO    |  step: 41933824, eval/episode_reward_near: 0.000 +/- 0.000
2025-11-17 07:05:23 INFO    |  step: 41933824, eval/episode_reward_survive: 0.000 +/- 0.000
2025-11-17 07:05:23 INFO    |  step: 41933824, eval/episode_success_hard: 0.000 +/- 0.000
2025-11-17 07:05:42 INFO    |  actor input shape: (10000, 31)
2025-11-17 07:05:42 INFO    |  encoder input shape: (10000, 37)
2025-11-17 07:05:42 INFO    |  encoder input shape: (10000, 2)
2025-11-17 07:05:42 INFO    |  actor input shape: (10000, 31)
2025-11-17 07:05:42 INFO    |  encoder input shape: (10000, 37)
2025-11-17 07:05:42 INFO    |  encoder input shape: (10000, 2)
2025-11-17 07:05:43 INFO    |  actor input shape: (10000, 31)
2025-11-17 07:05:43 INFO    |  encoder input shape: (10000, 37)
2025-11-17 07:05:43 INFO    |  encoder input shape: (10000, 2)
2025-11-17 07:05:43 INFO    |  Plotted visualizations at env step 42330624.0
2025-11-17 07:05:45 INFO    |  step: 42330624
2025-11-17 07:05:46 INFO    |  actor input shape: (1, 31)
2025-11-17 07:06:03 INFO    |  step: 42330624, training/sps: 19958.003 +/- 0.000
2025-11-17 07:06:03 INFO    |  step: 42330624, training/actor_loss: 1.761 +/- 0.000
2025-11-17 07:06:03 INFO    |  step: 42330624, training/adaptive_mixing: 0.024 +/- 0.000
2025-11-17 07:06:03 INFO    |  step: 42330624, training/alpha_loss: -0.000 +/- 0.000
2025-11-17 07:06:03 INFO    |  step: 42330624, training/critic_loss: 1.765 +/- 0.000
2025-11-17 07:06:03 INFO    |  step: 42330624, training/entropy: -4.001 +/- 0.000
2025-11-17 07:06:03 INFO    |  step: 42330624, training/env_grad_mean_norm: 0.447 +/- 0.000
2025-11-17 07:06:03 INFO    |  step: 42330624, training/env_grad_trvar: 44.261 +/- 0.000
2025-11-17 07:06:03 INFO    |  step: 42330624, training/env_rb_bias_squared: 17.166 +/- 0.000
2025-11-17 07:06:03 INFO    |  step: 42330624, training/log_alpha: -4.662 +/- 0.000
2025-11-17 07:06:03 INFO    |  step: 42330624, training/num_env_samples: 251.743 +/- 0.000
2025-11-17 07:06:03 INFO    |  step: 42330624, training/num_rb_samples: 4.257 +/- 0.000
2025-11-17 07:06:03 INFO    |  step: 42330624, training/rb_grad_mean_norm: 3.471 +/- 0.000
2025-11-17 07:06:03 INFO    |  step: 42330624, training/rb_grad_trvar: 35.853 +/- 0.000
2025-11-17 07:06:03 INFO    |  step: 42330624, eval/episode_reward: 270.945 +/- 0.000
2025-11-17 07:06:03 INFO    |  step: 42330624, eval/episode_success: 270.945 +/- 0.000
2025-11-17 07:06:03 INFO    |  step: 42330624, eval/episode_success_easy: 471.551 +/- 0.000
2025-11-17 07:06:03 INFO    |  step: 42330624, eval/episode_dist: 2868.456 +/- 0.000
2025-11-17 07:06:03 INFO    |  step: 42330624, eval/episode_success_any: 0.512 +/- 0.000
2025-11-17 07:06:03 INFO    |  step: 42330624, eval/episode_reward_ctrl: 0.000 +/- 0.000
2025-11-17 07:06:03 INFO    |  step: 42330624, eval/episode_reward_dist: 0.000 +/- 0.000
2025-11-17 07:06:03 INFO    |  step: 42330624, eval/episode_reward_near: 0.000 +/- 0.000
2025-11-17 07:06:03 INFO    |  step: 42330624, eval/episode_reward_survive: 0.000 +/- 0.000
2025-11-17 07:06:03 INFO    |  step: 42330624, eval/episode_success_hard: 0.000 +/- 0.000
2025-11-17 07:06:23 INFO    |  actor input shape: (10000, 31)
2025-11-17 07:06:23 INFO    |  encoder input shape: (10000, 37)
2025-11-17 07:06:23 INFO    |  encoder input shape: (10000, 2)
2025-11-17 07:06:23 INFO    |  actor input shape: (10000, 31)
2025-11-17 07:06:23 INFO    |  encoder input shape: (10000, 37)
2025-11-17 07:06:23 INFO    |  encoder input shape: (10000, 2)
2025-11-17 07:06:23 INFO    |  actor input shape: (10000, 31)
2025-11-17 07:06:23 INFO    |  encoder input shape: (10000, 37)
2025-11-17 07:06:23 INFO    |  encoder input shape: (10000, 2)
2025-11-17 07:06:24 INFO    |  Plotted visualizations at env step 42727424.0
2025-11-17 07:06:25 INFO    |  step: 42727424
2025-11-17 07:06:25 INFO    |  step: 42727424, training/sps: 19720.089 +/- 0.000
2025-11-17 07:06:25 INFO    |  step: 42727424, training/actor_loss: 1.763 +/- 0.000
2025-11-17 07:06:25 INFO    |  step: 42727424, training/adaptive_mixing: 0.009 +/- 0.000
2025-11-17 07:06:25 INFO    |  step: 42727424, training/alpha_loss: -0.000 +/- 0.000
2025-11-17 07:06:25 INFO    |  step: 42727424, training/critic_loss: 1.768 +/- 0.000
2025-11-17 07:06:25 INFO    |  step: 42727424, training/entropy: -4.000 +/- 0.000
2025-11-17 07:06:25 INFO    |  step: 42727424, training/env_grad_mean_norm: 0.448 +/- 0.000
2025-11-17 07:06:25 INFO    |  step: 42727424, training/env_grad_trvar: 44.423 +/- 0.000
2025-11-17 07:06:25 INFO    |  step: 42727424, training/env_rb_bias_squared: 14.945 +/- 0.000
2025-11-17 07:06:25 INFO    |  step: 42727424, training/log_alpha: -4.650 +/- 0.000
2025-11-17 07:06:25 INFO    |  step: 42727424, training/num_env_samples: 251.245 +/- 0.000
2025-11-17 07:06:25 INFO    |  step: 42727424, training/num_rb_samples: 4.755 +/- 0.000
2025-11-17 07:06:25 INFO    |  step: 42727424, training/rb_grad_mean_norm: 3.296 +/- 0.000
2025-11-17 07:06:25 INFO    |  step: 42727424, training/rb_grad_trvar: 37.962 +/- 0.000
2025-11-17 07:06:25 INFO    |  step: 42727424, eval/episode_reward: 319.246 +/- 0.000
2025-11-17 07:06:25 INFO    |  step: 42727424, eval/episode_success: 319.246 +/- 0.000
2025-11-17 07:06:25 INFO    |  step: 42727424, eval/episode_success_easy: 547.477 +/- 0.000
2025-11-17 07:06:25 INFO    |  step: 42727424, eval/episode_dist: 2480.962 +/- 0.000
2025-11-17 07:06:25 INFO    |  step: 42727424, eval/episode_success_any: 0.602 +/- 0.000
2025-11-17 07:06:25 INFO    |  step: 42727424, eval/episode_reward_ctrl: 0.000 +/- 0.000
2025-11-17 07:06:25 INFO    |  step: 42727424, eval/episode_reward_dist: 0.000 +/- 0.000
2025-11-17 07:06:25 INFO    |  step: 42727424, eval/episode_reward_near: 0.000 +/- 0.000
2025-11-17 07:06:25 INFO    |  step: 42727424, eval/episode_reward_survive: 0.000 +/- 0.000
2025-11-17 07:06:25 INFO    |  step: 42727424, eval/episode_success_hard: 0.000 +/- 0.000
2025-11-17 07:06:45 INFO    |  actor input shape: (10000, 31)
2025-11-17 07:06:45 INFO    |  encoder input shape: (10000, 37)
2025-11-17 07:06:45 INFO    |  encoder input shape: (10000, 2)
2025-11-17 07:06:45 INFO    |  actor input shape: (10000, 31)
2025-11-17 07:06:45 INFO    |  encoder input shape: (10000, 37)
2025-11-17 07:06:45 INFO    |  encoder input shape: (10000, 2)
2025-11-17 07:06:45 INFO    |  actor input shape: (10000, 31)
2025-11-17 07:06:45 INFO    |  encoder input shape: (10000, 37)
2025-11-17 07:06:45 INFO    |  encoder input shape: (10000, 2)
2025-11-17 07:06:45 INFO    |  Plotted visualizations at env step 43124224.0
2025-11-17 07:06:47 INFO    |  step: 43124224
2025-11-17 07:06:47 INFO    |  step: 43124224, training/sps: 19823.146 +/- 0.000
2025-11-17 07:06:47 INFO    |  step: 43124224, training/actor_loss: 1.768 +/- 0.000
2025-11-17 07:06:47 INFO    |  step: 43124224, training/adaptive_mixing: 0.022 +/- 0.000
2025-11-17 07:06:47 INFO    |  step: 43124224, training/alpha_loss: 0.000 +/- 0.000
2025-11-17 07:06:47 INFO    |  step: 43124224, training/critic_loss: 1.771 +/- 0.000
2025-11-17 07:06:47 INFO    |  step: 43124224, training/entropy: -4.000 +/- 0.000
2025-11-17 07:06:47 INFO    |  step: 43124224, training/env_grad_mean_norm: 0.450 +/- 0.000
2025-11-17 07:06:47 INFO    |  step: 43124224, training/env_grad_trvar: 44.722 +/- 0.000
2025-11-17 07:06:47 INFO    |  step: 43124224, training/env_rb_bias_squared: 12.346 +/- 0.000
2025-11-17 07:06:47 INFO    |  step: 43124224, training/log_alpha: -4.652 +/- 0.000
2025-11-17 07:06:47 INFO    |  step: 43124224, training/num_env_samples: 250.550 +/- 0.000
2025-11-17 07:06:47 INFO    |  step: 43124224, training/num_rb_samples: 5.450 +/- 0.000
2025-11-17 07:06:47 INFO    |  step: 43124224, training/rb_grad_mean_norm: 3.082 +/- 0.000
2025-11-17 07:06:47 INFO    |  step: 43124224, training/rb_grad_trvar: 39.789 +/- 0.000
2025-11-17 07:06:47 INFO    |  step: 43124224, eval/episode_reward: 295.348 +/- 0.000
2025-11-17 07:06:47 INFO    |  step: 43124224, eval/episode_success: 295.348 +/- 0.000
2025-11-17 07:06:47 INFO    |  step: 43124224, eval/episode_success_easy: 515.785 +/- 0.000
2025-11-17 07:06:47 INFO    |  step: 43124224, eval/episode_dist: 2501.569 +/- 0.000
2025-11-17 07:06:47 INFO    |  step: 43124224, eval/episode_success_any: 0.574 +/- 0.000
2025-11-17 07:06:47 INFO    |  step: 43124224, eval/episode_reward_ctrl: 0.000 +/- 0.000
2025-11-17 07:06:47 INFO    |  step: 43124224, eval/episode_reward_dist: 0.000 +/- 0.000
2025-11-17 07:06:47 INFO    |  step: 43124224, eval/episode_reward_near: 0.000 +/- 0.000
2025-11-17 07:06:47 INFO    |  step: 43124224, eval/episode_reward_survive: 0.000 +/- 0.000
2025-11-17 07:06:47 INFO    |  step: 43124224, eval/episode_success_hard: 0.000 +/- 0.000
2025-11-17 07:07:07 INFO    |  actor input shape: (10000, 31)
2025-11-17 07:07:07 INFO    |  encoder input shape: (10000, 37)
2025-11-17 07:07:07 INFO    |  encoder input shape: (10000, 2)
2025-11-17 07:07:07 INFO    |  actor input shape: (10000, 31)
2025-11-17 07:07:07 INFO    |  encoder input shape: (10000, 37)
2025-11-17 07:07:07 INFO    |  encoder input shape: (10000, 2)
2025-11-17 07:07:07 INFO    |  actor input shape: (10000, 31)
2025-11-17 07:07:07 INFO    |  encoder input shape: (10000, 37)
2025-11-17 07:07:07 INFO    |  encoder input shape: (10000, 2)
2025-11-17 07:07:07 INFO    |  Plotted visualizations at env step 43521024.0
2025-11-17 07:07:09 INFO    |  step: 43521024
2025-11-17 07:07:09 INFO    |  step: 43521024, training/sps: 19653.011 +/- 0.000
2025-11-17 07:07:09 INFO    |  step: 43521024, training/actor_loss: 1.766 +/- 0.000
2025-11-17 07:07:09 INFO    |  step: 43521024, training/adaptive_mixing: 0.004 +/- 0.000
2025-11-17 07:07:09 INFO    |  step: 43521024, training/alpha_loss: 0.000 +/- 0.000
2025-11-17 07:07:09 INFO    |  step: 43521024, training/critic_loss: 1.764 +/- 0.000
2025-11-17 07:07:09 INFO    |  step: 43521024, training/entropy: -3.998 +/- 0.000
2025-11-17 07:07:09 INFO    |  step: 43521024, training/env_grad_mean_norm: 0.448 +/- 0.000
2025-11-17 07:07:09 INFO    |  step: 43521024, training/env_grad_trvar: 44.505 +/- 0.000
2025-11-17 07:07:09 INFO    |  step: 43521024, training/env_rb_bias_squared: 11.963 +/- 0.000
2025-11-17 07:07:09 INFO    |  step: 43521024, training/log_alpha: -4.651 +/- 0.000
2025-11-17 07:07:09 INFO    |  step: 43521024, training/num_env_samples: 250.580 +/- 0.000
2025-11-17 07:07:09 INFO    |  step: 43521024, training/num_rb_samples: 5.420 +/- 0.000
2025-11-17 07:07:09 INFO    |  step: 43521024, training/rb_grad_mean_norm: 3.044 +/- 0.000
2025-11-17 07:07:09 INFO    |  step: 43521024, training/rb_grad_trvar: 38.587 +/- 0.000
2025-11-17 07:07:09 INFO    |  step: 43521024, eval/episode_reward: 342.215 +/- 0.000
2025-11-17 07:07:09 INFO    |  step: 43521024, eval/episode_success: 342.215 +/- 0.000
2025-11-17 07:07:09 INFO    |  step: 43521024, eval/episode_success_easy: 542.320 +/- 0.000
2025-11-17 07:07:09 INFO    |  step: 43521024, eval/episode_dist: 2502.401 +/- 0.000
2025-11-17 07:07:09 INFO    |  step: 43521024, eval/episode_success_any: 0.633 +/- 0.000
2025-11-17 07:07:09 INFO    |  step: 43521024, eval/episode_reward_ctrl: 0.000 +/- 0.000
2025-11-17 07:07:09 INFO    |  step: 43521024, eval/episode_reward_dist: 0.000 +/- 0.000
2025-11-17 07:07:09 INFO    |  step: 43521024, eval/episode_reward_near: 0.000 +/- 0.000
2025-11-17 07:07:09 INFO    |  step: 43521024, eval/episode_reward_survive: 0.000 +/- 0.000
2025-11-17 07:07:09 INFO    |  step: 43521024, eval/episode_success_hard: 0.000 +/- 0.000
2025-11-17 07:07:28 INFO    |  actor input shape: (10000, 31)
2025-11-17 07:07:28 INFO    |  encoder input shape: (10000, 37)
2025-11-17 07:07:28 INFO    |  encoder input shape: (10000, 2)
2025-11-17 07:07:29 INFO    |  actor input shape: (10000, 31)
2025-11-17 07:07:29 INFO    |  encoder input shape: (10000, 37)
2025-11-17 07:07:29 INFO    |  encoder input shape: (10000, 2)
2025-11-17 07:07:29 INFO    |  actor input shape: (10000, 31)
2025-11-17 07:07:29 INFO    |  encoder input shape: (10000, 37)
2025-11-17 07:07:29 INFO    |  encoder input shape: (10000, 2)
2025-11-17 07:07:29 INFO    |  Plotted visualizations at env step 43917824.0
2025-11-17 07:07:31 INFO    |  step: 43917824
2025-11-17 07:07:31 INFO    |  step: 43917824, training/sps: 19806.507 +/- 0.000
2025-11-17 07:07:31 INFO    |  step: 43917824, training/actor_loss: 1.759 +/- 0.000
2025-11-17 07:07:31 INFO    |  step: 43917824, training/adaptive_mixing: 0.003 +/- 0.000
2025-11-17 07:07:31 INFO    |  step: 43917824, training/alpha_loss: 0.000 +/- 0.000
2025-11-17 07:07:31 INFO    |  step: 43917824, training/critic_loss: 1.760 +/- 0.000
2025-11-17 07:07:31 INFO    |  step: 43917824, training/entropy: -4.000 +/- 0.000
2025-11-17 07:07:31 INFO    |  step: 43917824, training/env_grad_mean_norm: 0.449 +/- 0.000
2025-11-17 07:07:31 INFO    |  step: 43917824, training/env_grad_trvar: 44.645 +/- 0.000
2025-11-17 07:07:31 INFO    |  step: 43917824, training/env_rb_bias_squared: 14.475 +/- 0.000
2025-11-17 07:07:31 INFO    |  step: 43917824, training/log_alpha: -4.649 +/- 0.000
2025-11-17 07:07:31 INFO    |  step: 43917824, training/num_env_samples: 251.315 +/- 0.000
2025-11-17 07:07:31 INFO    |  step: 43917824, training/num_rb_samples: 4.685 +/- 0.000
2025-11-17 07:07:31 INFO    |  step: 43917824, training/rb_grad_mean_norm: 3.267 +/- 0.000
2025-11-17 07:07:31 INFO    |  step: 43917824, training/rb_grad_trvar: 35.974 +/- 0.000
2025-11-17 07:07:31 INFO    |  step: 43917824, eval/episode_reward: 261.703 +/- 0.000
2025-11-17 07:07:31 INFO    |  step: 43917824, eval/episode_success: 261.703 +/- 0.000
2025-11-17 07:07:31 INFO    |  step: 43917824, eval/episode_success_easy: 495.449 +/- 0.000
2025-11-17 07:07:31 INFO    |  step: 43917824, eval/episode_dist: 3067.163 +/- 0.000
2025-11-17 07:07:31 INFO    |  step: 43917824, eval/episode_success_any: 0.500 +/- 0.000
2025-11-17 07:07:31 INFO    |  step: 43917824, eval/episode_reward_ctrl: 0.000 +/- 0.000
2025-11-17 07:07:31 INFO    |  step: 43917824, eval/episode_reward_dist: 0.000 +/- 0.000
2025-11-17 07:07:31 INFO    |  step: 43917824, eval/episode_reward_near: 0.000 +/- 0.000
2025-11-17 07:07:31 INFO    |  step: 43917824, eval/episode_reward_survive: 0.000 +/- 0.000
2025-11-17 07:07:31 INFO    |  step: 43917824, eval/episode_success_hard: 0.000 +/- 0.000
2025-11-17 07:07:50 INFO    |  actor input shape: (10000, 31)
2025-11-17 07:07:50 INFO    |  encoder input shape: (10000, 37)
2025-11-17 07:07:50 INFO    |  encoder input shape: (10000, 2)
2025-11-17 07:07:51 INFO    |  actor input shape: (10000, 31)
2025-11-17 07:07:51 INFO    |  encoder input shape: (10000, 37)
2025-11-17 07:07:51 INFO    |  encoder input shape: (10000, 2)
2025-11-17 07:07:51 INFO    |  actor input shape: (10000, 31)
2025-11-17 07:07:51 INFO    |  encoder input shape: (10000, 37)
2025-11-17 07:07:51 INFO    |  encoder input shape: (10000, 2)
2025-11-17 07:07:51 INFO    |  Plotted visualizations at env step 44314624.0
2025-11-17 07:07:53 INFO    |  step: 44314624
2025-11-17 07:07:55 INFO    |  actor input shape: (1, 31)
2025-11-17 07:08:11 INFO    |  step: 44314624, training/sps: 19777.151 +/- 0.000
2025-11-17 07:08:11 INFO    |  step: 44314624, training/actor_loss: 1.750 +/- 0.000
2025-11-17 07:08:11 INFO    |  step: 44314624, training/adaptive_mixing: 0.027 +/- 0.000
2025-11-17 07:08:11 INFO    |  step: 44314624, training/alpha_loss: -0.000 +/- 0.000
2025-11-17 07:08:11 INFO    |  step: 44314624, training/critic_loss: 1.755 +/- 0.000
2025-11-17 07:08:11 INFO    |  step: 44314624, training/entropy: -4.000 +/- 0.000
2025-11-17 07:08:11 INFO    |  step: 44314624, training/env_grad_mean_norm: 0.447 +/- 0.000
2025-11-17 07:08:11 INFO    |  step: 44314624, training/env_grad_trvar: 44.219 +/- 0.000
2025-11-17 07:08:11 INFO    |  step: 44314624, training/env_rb_bias_squared: 17.758 +/- 0.000
2025-11-17 07:08:11 INFO    |  step: 44314624, training/log_alpha: -4.654 +/- 0.000
2025-11-17 07:08:11 INFO    |  step: 44314624, training/num_env_samples: 252.372 +/- 0.000
2025-11-17 07:08:11 INFO    |  step: 44314624, training/num_rb_samples: 3.628 +/- 0.000
2025-11-17 07:08:11 INFO    |  step: 44314624, training/rb_grad_mean_norm: 3.510 +/- 0.000
2025-11-17 07:08:11 INFO    |  step: 44314624, training/rb_grad_trvar: 30.207 +/- 0.000
2025-11-17 07:08:11 INFO    |  step: 44314624, eval/episode_reward: 321.789 +/- 0.000
2025-11-17 07:08:11 INFO    |  step: 44314624, eval/episode_success: 321.789 +/- 0.000
2025-11-17 07:08:11 INFO    |  step: 44314624, eval/episode_success_easy: 537.918 +/- 0.000
2025-11-17 07:08:11 INFO    |  step: 44314624, eval/episode_dist: 2095.558 +/- 0.000
2025-11-17 07:08:11 INFO    |  step: 44314624, eval/episode_success_any: 0.582 +/- 0.000
2025-11-17 07:08:11 INFO    |  step: 44314624, eval/episode_reward_ctrl: 0.000 +/- 0.000
2025-11-17 07:08:11 INFO    |  step: 44314624, eval/episode_reward_dist: 0.000 +/- 0.000
2025-11-17 07:08:11 INFO    |  step: 44314624, eval/episode_reward_near: 0.000 +/- 0.000
2025-11-17 07:08:11 INFO    |  step: 44314624, eval/episode_reward_survive: 0.000 +/- 0.000
2025-11-17 07:08:11 INFO    |  step: 44314624, eval/episode_success_hard: 0.000 +/- 0.000
2025-11-17 07:08:31 INFO    |  actor input shape: (10000, 31)
2025-11-17 07:08:31 INFO    |  encoder input shape: (10000, 37)
2025-11-17 07:08:31 INFO    |  encoder input shape: (10000, 2)
2025-11-17 07:08:31 INFO    |  actor input shape: (10000, 31)
2025-11-17 07:08:31 INFO    |  encoder input shape: (10000, 37)
2025-11-17 07:08:31 INFO    |  encoder input shape: (10000, 2)
2025-11-17 07:08:31 INFO    |  actor input shape: (10000, 31)
2025-11-17 07:08:31 INFO    |  encoder input shape: (10000, 37)
2025-11-17 07:08:31 INFO    |  encoder input shape: (10000, 2)
2025-11-17 07:08:31 INFO    |  Plotted visualizations at env step 44711424.0
2025-11-17 07:08:33 INFO    |  step: 44711424
2025-11-17 07:08:33 INFO    |  step: 44711424, training/sps: 19926.699 +/- 0.000
2025-11-17 07:08:33 INFO    |  step: 44711424, training/actor_loss: 1.753 +/- 0.000
2025-11-17 07:08:33 INFO    |  step: 44711424, training/adaptive_mixing: 0.024 +/- 0.000
2025-11-17 07:08:33 INFO    |  step: 44711424, training/alpha_loss: -0.000 +/- 0.000
2025-11-17 07:08:33 INFO    |  step: 44711424, training/critic_loss: 1.754 +/- 0.000
2025-11-17 07:08:33 INFO    |  step: 44711424, training/entropy: -4.001 +/- 0.000
2025-11-17 07:08:33 INFO    |  step: 44711424, training/env_grad_mean_norm: 0.450 +/- 0.000
2025-11-17 07:08:33 INFO    |  step: 44711424, training/env_grad_trvar: 44.878 +/- 0.000
2025-11-17 07:08:33 INFO    |  step: 44711424, training/env_rb_bias_squared: 17.573 +/- 0.000
2025-11-17 07:08:33 INFO    |  step: 44711424, training/log_alpha: -4.645 +/- 0.000
2025-11-17 07:08:33 INFO    |  step: 44711424, training/num_env_samples: 252.423 +/- 0.000
2025-11-17 07:08:33 INFO    |  step: 44711424, training/num_rb_samples: 3.577 +/- 0.000
2025-11-17 07:08:33 INFO    |  step: 44711424, training/rb_grad_mean_norm: 3.513 +/- 0.000
2025-11-17 07:08:33 INFO    |  step: 44711424, training/rb_grad_trvar: 30.291 +/- 0.000
2025-11-17 07:08:33 INFO    |  step: 44711424, eval/episode_reward: 282.102 +/- 0.000
2025-11-17 07:08:33 INFO    |  step: 44711424, eval/episode_success: 282.102 +/- 0.000
2025-11-17 07:08:33 INFO    |  step: 44711424, eval/episode_success_easy: 462.199 +/- 0.000
2025-11-17 07:08:33 INFO    |  step: 44711424, eval/episode_dist: 2625.593 +/- 0.000
2025-11-17 07:08:33 INFO    |  step: 44711424, eval/episode_success_any: 0.520 +/- 0.000
2025-11-17 07:08:33 INFO    |  step: 44711424, eval/episode_reward_ctrl: 0.000 +/- 0.000
2025-11-17 07:08:33 INFO    |  step: 44711424, eval/episode_reward_dist: 0.000 +/- 0.000
2025-11-17 07:08:33 INFO    |  step: 44711424, eval/episode_reward_near: 0.000 +/- 0.000
2025-11-17 07:08:33 INFO    |  step: 44711424, eval/episode_reward_survive: 0.000 +/- 0.000
2025-11-17 07:08:33 INFO    |  step: 44711424, eval/episode_success_hard: 0.000 +/- 0.000
2025-11-17 07:08:52 INFO    |  actor input shape: (10000, 31)
2025-11-17 07:08:52 INFO    |  encoder input shape: (10000, 37)
2025-11-17 07:08:52 INFO    |  encoder input shape: (10000, 2)
2025-11-17 07:08:53 INFO    |  actor input shape: (10000, 31)
2025-11-17 07:08:53 INFO    |  encoder input shape: (10000, 37)
2025-11-17 07:08:53 INFO    |  encoder input shape: (10000, 2)
2025-11-17 07:08:53 INFO    |  actor input shape: (10000, 31)
2025-11-17 07:08:53 INFO    |  encoder input shape: (10000, 37)
2025-11-17 07:08:53 INFO    |  encoder input shape: (10000, 2)
2025-11-17 07:08:53 INFO    |  Plotted visualizations at env step 45108224.0
2025-11-17 07:08:55 INFO    |  step: 45108224
2025-11-17 07:08:55 INFO    |  step: 45108224, training/sps: 19828.786 +/- 0.000
2025-11-17 07:08:55 INFO    |  step: 45108224, training/actor_loss: 1.752 +/- 0.000
2025-11-17 07:08:55 INFO    |  step: 45108224, training/adaptive_mixing: 0.022 +/- 0.000
2025-11-17 07:08:55 INFO    |  step: 45108224, training/alpha_loss: 0.000 +/- 0.000
2025-11-17 07:08:55 INFO    |  step: 45108224, training/critic_loss: 1.750 +/- 0.000
2025-11-17 07:08:55 INFO    |  step: 45108224, training/entropy: -4.000 +/- 0.000
2025-11-17 07:08:55 INFO    |  step: 45108224, training/env_grad_mean_norm: 0.447 +/- 0.000
2025-11-17 07:08:55 INFO    |  step: 45108224, training/env_grad_trvar: 44.059 +/- 0.000
2025-11-17 07:08:55 INFO    |  step: 45108224, training/env_rb_bias_squared: 16.717 +/- 0.000
2025-11-17 07:08:55 INFO    |  step: 45108224, training/log_alpha: -4.645 +/- 0.000
2025-11-17 07:08:55 INFO    |  step: 45108224, training/num_env_samples: 252.082 +/- 0.000
2025-11-17 07:08:55 INFO    |  step: 45108224, training/num_rb_samples: 3.918 +/- 0.000
2025-11-17 07:08:55 INFO    |  step: 45108224, training/rb_grad_mean_norm: 3.417 +/- 0.000
2025-11-17 07:08:55 INFO    |  step: 45108224, training/rb_grad_trvar: 31.022 +/- 0.000
2025-11-17 07:08:55 INFO    |  step: 45108224, eval/episode_reward: 270.082 +/- 0.000
2025-11-17 07:08:55 INFO    |  step: 45108224, eval/episode_success: 270.082 +/- 0.000
2025-11-17 07:08:55 INFO    |  step: 45108224, eval/episode_success_easy: 553.129 +/- 0.000
2025-11-17 07:08:55 INFO    |  step: 45108224, eval/episode_dist: 2107.161 +/- 0.000
2025-11-17 07:08:55 INFO    |  step: 45108224, eval/episode_success_any: 0.551 +/- 0.000
2025-11-17 07:08:55 INFO    |  step: 45108224, eval/episode_reward_ctrl: 0.000 +/- 0.000
2025-11-17 07:08:55 INFO    |  step: 45108224, eval/episode_reward_dist: 0.000 +/- 0.000
2025-11-17 07:08:55 INFO    |  step: 45108224, eval/episode_reward_near: 0.000 +/- 0.000
2025-11-17 07:08:55 INFO    |  step: 45108224, eval/episode_reward_survive: 0.000 +/- 0.000
2025-11-17 07:08:55 INFO    |  step: 45108224, eval/episode_success_hard: 0.000 +/- 0.000
2025-11-17 07:09:14 INFO    |  actor input shape: (10000, 31)
2025-11-17 07:09:14 INFO    |  encoder input shape: (10000, 37)
2025-11-17 07:09:14 INFO    |  encoder input shape: (10000, 2)
2025-11-17 07:09:14 INFO    |  actor input shape: (10000, 31)
2025-11-17 07:09:14 INFO    |  encoder input shape: (10000, 37)
2025-11-17 07:09:14 INFO    |  encoder input shape: (10000, 2)
2025-11-17 07:09:15 INFO    |  actor input shape: (10000, 31)
2025-11-17 07:09:15 INFO    |  encoder input shape: (10000, 37)
2025-11-17 07:09:15 INFO    |  encoder input shape: (10000, 2)
2025-11-17 07:09:15 INFO    |  Plotted visualizations at env step 45505024.0
2025-11-17 07:09:17 INFO    |  step: 45505024
2025-11-17 07:09:17 INFO    |  step: 45505024, training/sps: 19947.000 +/- 0.000
2025-11-17 07:09:17 INFO    |  step: 45505024, training/actor_loss: 1.751 +/- 0.000
2025-11-17 07:09:17 INFO    |  step: 45505024, training/adaptive_mixing: 0.006 +/- 0.000
2025-11-17 07:09:17 INFO    |  step: 45505024, training/alpha_loss: -0.000 +/- 0.000
2025-11-17 07:09:17 INFO    |  step: 45505024, training/critic_loss: 1.745 +/- 0.000
2025-11-17 07:09:17 INFO    |  step: 45505024, training/entropy: -4.000 +/- 0.000
2025-11-17 07:09:17 INFO    |  step: 45505024, training/env_grad_mean_norm: 0.444 +/- 0.000
2025-11-17 07:09:17 INFO    |  step: 45505024, training/env_grad_trvar: 43.488 +/- 0.000
2025-11-17 07:09:17 INFO    |  step: 45505024, training/env_rb_bias_squared: 16.337 +/- 0.000
2025-11-17 07:09:17 INFO    |  step: 45505024, training/log_alpha: -4.654 +/- 0.000
2025-11-17 07:09:17 INFO    |  step: 45505024, training/num_env_samples: 252.095 +/- 0.000
2025-11-17 07:09:17 INFO    |  step: 45505024, training/num_rb_samples: 3.905 +/- 0.000
2025-11-17 07:09:17 INFO    |  step: 45505024, training/rb_grad_mean_norm: 3.425 +/- 0.000
2025-11-17 07:09:17 INFO    |  step: 45505024, training/rb_grad_trvar: 31.270 +/- 0.000
2025-11-17 07:09:17 INFO    |  step: 45505024, eval/episode_reward: 301.094 +/- 0.000
2025-11-17 07:09:17 INFO    |  step: 45505024, eval/episode_success: 301.094 +/- 0.000
2025-11-17 07:09:17 INFO    |  step: 45505024, eval/episode_success_easy: 545.297 +/- 0.000
2025-11-17 07:09:17 INFO    |  step: 45505024, eval/episode_dist: 2317.190 +/- 0.000
2025-11-17 07:09:17 INFO    |  step: 45505024, eval/episode_success_any: 0.613 +/- 0.000
2025-11-17 07:09:17 INFO    |  step: 45505024, eval/episode_reward_ctrl: 0.000 +/- 0.000
2025-11-17 07:09:17 INFO    |  step: 45505024, eval/episode_reward_dist: 0.000 +/- 0.000
2025-11-17 07:09:17 INFO    |  step: 45505024, eval/episode_reward_near: 0.000 +/- 0.000
2025-11-17 07:09:17 INFO    |  step: 45505024, eval/episode_reward_survive: 0.000 +/- 0.000
2025-11-17 07:09:17 INFO    |  step: 45505024, eval/episode_success_hard: 0.000 +/- 0.000
2025-11-17 07:09:36 INFO    |  actor input shape: (10000, 31)
2025-11-17 07:09:36 INFO    |  encoder input shape: (10000, 37)
2025-11-17 07:09:36 INFO    |  encoder input shape: (10000, 2)
2025-11-17 07:09:36 INFO    |  actor input shape: (10000, 31)
2025-11-17 07:09:36 INFO    |  encoder input shape: (10000, 37)
2025-11-17 07:09:36 INFO    |  encoder input shape: (10000, 2)
2025-11-17 07:09:37 INFO    |  actor input shape: (10000, 31)
2025-11-17 07:09:37 INFO    |  encoder input shape: (10000, 37)
2025-11-17 07:09:37 INFO    |  encoder input shape: (10000, 2)
2025-11-17 07:09:37 INFO    |  Plotted visualizations at env step 45901824.0
2025-11-17 07:09:39 INFO    |  step: 45901824
2025-11-17 07:09:39 INFO    |  step: 45901824, training/sps: 19750.328 +/- 0.000
2025-11-17 07:09:39 INFO    |  step: 45901824, training/actor_loss: 1.759 +/- 0.000
2025-11-17 07:09:39 INFO    |  step: 45901824, training/adaptive_mixing: 0.025 +/- 0.000
2025-11-17 07:09:39 INFO    |  step: 45901824, training/alpha_loss: 0.000 +/- 0.000
2025-11-17 07:09:39 INFO    |  step: 45901824, training/critic_loss: 1.757 +/- 0.000
2025-11-17 07:09:39 INFO    |  step: 45901824, training/entropy: -3.999 +/- 0.000
2025-11-17 07:09:39 INFO    |  step: 45901824, training/env_grad_mean_norm: 0.445 +/- 0.000
2025-11-17 07:09:39 INFO    |  step: 45901824, training/env_grad_trvar: 43.921 +/- 0.000
2025-11-17 07:09:39 INFO    |  step: 45901824, training/env_rb_bias_squared: 15.683 +/- 0.000
2025-11-17 07:09:39 INFO    |  step: 45901824, training/log_alpha: -4.651 +/- 0.000
2025-11-17 07:09:39 INFO    |  step: 45901824, training/num_env_samples: 251.755 +/- 0.000
2025-11-17 07:09:39 INFO    |  step: 45901824, training/num_rb_samples: 4.245 +/- 0.000
2025-11-17 07:09:39 INFO    |  step: 45901824, training/rb_grad_mean_norm: 3.349 +/- 0.000
2025-11-17 07:09:39 INFO    |  step: 45901824, training/rb_grad_trvar: 33.804 +/- 0.000
2025-11-17 07:09:39 INFO    |  step: 45901824, eval/episode_reward: 309.164 +/- 0.000
2025-11-17 07:09:39 INFO    |  step: 45901824, eval/episode_success: 309.164 +/- 0.000
2025-11-17 07:09:39 INFO    |  step: 45901824, eval/episode_success_easy: 581.383 +/- 0.000
2025-11-17 07:09:39 INFO    |  step: 45901824, eval/episode_dist: 2361.272 +/- 0.000
2025-11-17 07:09:39 INFO    |  step: 45901824, eval/episode_success_any: 0.625 +/- 0.000
2025-11-17 07:09:39 INFO    |  step: 45901824, eval/episode_reward_ctrl: 0.000 +/- 0.000
2025-11-17 07:09:39 INFO    |  step: 45901824, eval/episode_reward_dist: 0.000 +/- 0.000
2025-11-17 07:09:39 INFO    |  step: 45901824, eval/episode_reward_near: 0.000 +/- 0.000
2025-11-17 07:09:39 INFO    |  step: 45901824, eval/episode_reward_survive: 0.000 +/- 0.000
2025-11-17 07:09:39 INFO    |  step: 45901824, eval/episode_success_hard: 0.000 +/- 0.000
2025-11-17 07:09:58 INFO    |  actor input shape: (10000, 31)
2025-11-17 07:09:58 INFO    |  encoder input shape: (10000, 37)
2025-11-17 07:09:58 INFO    |  encoder input shape: (10000, 2)
2025-11-17 07:09:58 INFO    |  actor input shape: (10000, 31)
2025-11-17 07:09:58 INFO    |  encoder input shape: (10000, 37)
2025-11-17 07:09:58 INFO    |  encoder input shape: (10000, 2)
2025-11-17 07:09:59 INFO    |  actor input shape: (10000, 31)
2025-11-17 07:09:59 INFO    |  encoder input shape: (10000, 37)
2025-11-17 07:09:59 INFO    |  encoder input shape: (10000, 2)
2025-11-17 07:09:59 INFO    |  Plotted visualizations at env step 46298624.0
2025-11-17 07:10:01 INFO    |  step: 46298624
2025-11-17 07:10:02 INFO    |  actor input shape: (1, 31)
2025-11-17 07:10:18 INFO    |  step: 46298624, training/sps: 19706.584 +/- 0.000
2025-11-17 07:10:18 INFO    |  step: 46298624, training/actor_loss: 1.763 +/- 0.000
2025-11-17 07:10:18 INFO    |  step: 46298624, training/adaptive_mixing: 0.006 +/- 0.000
2025-11-17 07:10:18 INFO    |  step: 46298624, training/alpha_loss: 0.000 +/- 0.000
2025-11-17 07:10:18 INFO    |  step: 46298624, training/critic_loss: 1.758 +/- 0.000
2025-11-17 07:10:18 INFO    |  step: 46298624, training/entropy: -3.998 +/- 0.000
2025-11-17 07:10:18 INFO    |  step: 46298624, training/env_grad_mean_norm: 0.442 +/- 0.000
2025-11-17 07:10:18 INFO    |  step: 46298624, training/env_grad_trvar: 43.402 +/- 0.000
2025-11-17 07:10:18 INFO    |  step: 46298624, training/env_rb_bias_squared: 14.390 +/- 0.000
2025-11-17 07:10:18 INFO    |  step: 46298624, training/log_alpha: -4.660 +/- 0.000
2025-11-17 07:10:18 INFO    |  step: 46298624, training/num_env_samples: 251.316 +/- 0.000
2025-11-17 07:10:18 INFO    |  step: 46298624, training/num_rb_samples: 4.684 +/- 0.000
2025-11-17 07:10:18 INFO    |  step: 46298624, training/rb_grad_mean_norm: 3.242 +/- 0.000
2025-11-17 07:10:18 INFO    |  step: 46298624, training/rb_grad_trvar: 36.111 +/- 0.000
2025-11-17 07:10:18 INFO    |  step: 46298624, eval/episode_reward: 287.789 +/- 0.000
2025-11-17 07:10:18 INFO    |  step: 46298624, eval/episode_success: 287.789 +/- 0.000
2025-11-17 07:10:18 INFO    |  step: 46298624, eval/episode_success_easy: 576.086 +/- 0.000
2025-11-17 07:10:18 INFO    |  step: 46298624, eval/episode_dist: 2652.013 +/- 0.000
2025-11-17 07:10:18 INFO    |  step: 46298624, eval/episode_success_any: 0.562 +/- 0.000
2025-11-17 07:10:18 INFO    |  step: 46298624, eval/episode_reward_ctrl: 0.000 +/- 0.000
2025-11-17 07:10:18 INFO    |  step: 46298624, eval/episode_reward_dist: 0.000 +/- 0.000
2025-11-17 07:10:18 INFO    |  step: 46298624, eval/episode_reward_near: 0.000 +/- 0.000
2025-11-17 07:10:18 INFO    |  step: 46298624, eval/episode_reward_survive: 0.000 +/- 0.000
2025-11-17 07:10:18 INFO    |  step: 46298624, eval/episode_success_hard: 0.000 +/- 0.000
2025-11-17 07:10:38 INFO    |  actor input shape: (10000, 31)
2025-11-17 07:10:38 INFO    |  encoder input shape: (10000, 37)
2025-11-17 07:10:38 INFO    |  encoder input shape: (10000, 2)
2025-11-17 07:10:38 INFO    |  actor input shape: (10000, 31)
2025-11-17 07:10:38 INFO    |  encoder input shape: (10000, 37)
2025-11-17 07:10:38 INFO    |  encoder input shape: (10000, 2)
2025-11-17 07:10:38 INFO    |  actor input shape: (10000, 31)
2025-11-17 07:10:38 INFO    |  encoder input shape: (10000, 37)
2025-11-17 07:10:38 INFO    |  encoder input shape: (10000, 2)
2025-11-17 07:10:39 INFO    |  Plotted visualizations at env step 46695424.0
2025-11-17 07:10:40 INFO    |  step: 46695424
2025-11-17 07:10:40 INFO    |  step: 46695424, training/sps: 19650.503 +/- 0.000
2025-11-17 07:10:40 INFO    |  step: 46695424, training/actor_loss: 1.759 +/- 0.000
2025-11-17 07:10:40 INFO    |  step: 46695424, training/adaptive_mixing: 0.007 +/- 0.000
2025-11-17 07:10:40 INFO    |  step: 46695424, training/alpha_loss: -0.000 +/- 0.000
2025-11-17 07:10:40 INFO    |  step: 46695424, training/critic_loss: 1.757 +/- 0.000
2025-11-17 07:10:40 INFO    |  step: 46695424, training/entropy: -4.001 +/- 0.000
2025-11-17 07:10:40 INFO    |  step: 46695424, training/env_grad_mean_norm: 0.443 +/- 0.000
2025-11-17 07:10:40 INFO    |  step: 46695424, training/env_grad_trvar: 44.033 +/- 0.000
2025-11-17 07:10:40 INFO    |  step: 46695424, training/env_rb_bias_squared: 18.331 +/- 0.000
2025-11-17 07:10:40 INFO    |  step: 46695424, training/log_alpha: -4.649 +/- 0.000
2025-11-17 07:10:40 INFO    |  step: 46695424, training/num_env_samples: 252.098 +/- 0.000
2025-11-17 07:10:40 INFO    |  step: 46695424, training/num_rb_samples: 3.902 +/- 0.000
2025-11-17 07:10:40 INFO    |  step: 46695424, training/rb_grad_mean_norm: 3.564 +/- 0.000
2025-11-17 07:10:40 INFO    |  step: 46695424, training/rb_grad_trvar: 34.570 +/- 0.000
2025-11-17 07:10:40 INFO    |  step: 46695424, eval/episode_reward: 318.762 +/- 0.000
2025-11-17 07:10:40 INFO    |  step: 46695424, eval/episode_success: 318.762 +/- 0.000
2025-11-17 07:10:40 INFO    |  step: 46695424, eval/episode_success_easy: 592.184 +/- 0.000
2025-11-17 07:10:40 INFO    |  step: 46695424, eval/episode_dist: 2065.016 +/- 0.000
2025-11-17 07:10:40 INFO    |  step: 46695424, eval/episode_success_any: 0.590 +/- 0.000
2025-11-17 07:10:40 INFO    |  step: 46695424, eval/episode_reward_ctrl: 0.000 +/- 0.000
2025-11-17 07:10:40 INFO    |  step: 46695424, eval/episode_reward_dist: 0.000 +/- 0.000
2025-11-17 07:10:40 INFO    |  step: 46695424, eval/episode_reward_near: 0.000 +/- 0.000
2025-11-17 07:10:40 INFO    |  step: 46695424, eval/episode_reward_survive: 0.000 +/- 0.000
2025-11-17 07:10:40 INFO    |  step: 46695424, eval/episode_success_hard: 0.000 +/- 0.000
2025-11-17 07:11:00 INFO    |  actor input shape: (10000, 31)
2025-11-17 07:11:00 INFO    |  encoder input shape: (10000, 37)
2025-11-17 07:11:00 INFO    |  encoder input shape: (10000, 2)
2025-11-17 07:11:00 INFO    |  actor input shape: (10000, 31)
2025-11-17 07:11:00 INFO    |  encoder input shape: (10000, 37)
2025-11-17 07:11:00 INFO    |  encoder input shape: (10000, 2)
2025-11-17 07:11:02 INFO    |  actor input shape: (10000, 31)
2025-11-17 07:11:02 INFO    |  encoder input shape: (10000, 37)
2025-11-17 07:11:02 INFO    |  encoder input shape: (10000, 2)
2025-11-17 07:11:02 INFO    |  Plotted visualizations at env step 47092224.0
2025-11-17 07:11:04 INFO    |  step: 47092224
2025-11-17 07:11:04 INFO    |  step: 47092224, training/sps: 18393.990 +/- 0.000
2025-11-17 07:11:04 INFO    |  step: 47092224, training/actor_loss: 1.754 +/- 0.000
2025-11-17 07:11:04 INFO    |  step: 47092224, training/adaptive_mixing: 0.005 +/- 0.000
2025-11-17 07:11:04 INFO    |  step: 47092224, training/alpha_loss: 0.000 +/- 0.000
2025-11-17 07:11:04 INFO    |  step: 47092224, training/critic_loss: 1.755 +/- 0.000
2025-11-17 07:11:04 INFO    |  step: 47092224, training/entropy: -4.000 +/- 0.000
2025-11-17 07:11:04 INFO    |  step: 47092224, training/env_grad_mean_norm: 0.447 +/- 0.000
2025-11-17 07:11:04 INFO    |  step: 47092224, training/env_grad_trvar: 44.710 +/- 0.000
2025-11-17 07:11:04 INFO    |  step: 47092224, training/env_rb_bias_squared: 17.165 +/- 0.000
2025-11-17 07:11:04 INFO    |  step: 47092224, training/log_alpha: -4.657 +/- 0.000
2025-11-17 07:11:04 INFO    |  step: 47092224, training/num_env_samples: 251.950 +/- 0.000
2025-11-17 07:11:04 INFO    |  step: 47092224, training/num_rb_samples: 4.050 +/- 0.000
2025-11-17 07:11:04 INFO    |  step: 47092224, training/rb_grad_mean_norm: 3.528 +/- 0.000
2025-11-17 07:11:04 INFO    |  step: 47092224, training/rb_grad_trvar: 35.255 +/- 0.000
2025-11-17 07:11:04 INFO    |  step: 47092224, eval/episode_reward: 272.887 +/- 0.000
2025-11-17 07:11:04 INFO    |  step: 47092224, eval/episode_success: 272.887 +/- 0.000
2025-11-17 07:11:04 INFO    |  step: 47092224, eval/episode_success_easy: 520.906 +/- 0.000
2025-11-17 07:11:04 INFO    |  step: 47092224, eval/episode_dist: 2597.752 +/- 0.000
2025-11-17 07:11:04 INFO    |  step: 47092224, eval/episode_success_any: 0.543 +/- 0.000
2025-11-17 07:11:04 INFO    |  step: 47092224, eval/episode_reward_ctrl: 0.000 +/- 0.000
2025-11-17 07:11:04 INFO    |  step: 47092224, eval/episode_reward_dist: 0.000 +/- 0.000
2025-11-17 07:11:04 INFO    |  step: 47092224, eval/episode_reward_near: 0.000 +/- 0.000
2025-11-17 07:11:04 INFO    |  step: 47092224, eval/episode_reward_survive: 0.000 +/- 0.000
2025-11-17 07:11:04 INFO    |  step: 47092224, eval/episode_success_hard: 0.000 +/- 0.000
2025-11-17 07:11:23 INFO    |  actor input shape: (10000, 31)
2025-11-17 07:11:23 INFO    |  encoder input shape: (10000, 37)
2025-11-17 07:11:23 INFO    |  encoder input shape: (10000, 2)
2025-11-17 07:11:23 INFO    |  actor input shape: (10000, 31)
2025-11-17 07:11:23 INFO    |  encoder input shape: (10000, 37)
2025-11-17 07:11:23 INFO    |  encoder input shape: (10000, 2)
2025-11-17 07:11:24 INFO    |  actor input shape: (10000, 31)
2025-11-17 07:11:24 INFO    |  encoder input shape: (10000, 37)
2025-11-17 07:11:24 INFO    |  encoder input shape: (10000, 2)
2025-11-17 07:11:24 INFO    |  Plotted visualizations at env step 47489024.0
2025-11-17 07:11:26 INFO    |  step: 47489024
2025-11-17 07:11:26 INFO    |  step: 47489024, training/sps: 19834.294 +/- 0.000
2025-11-17 07:11:26 INFO    |  step: 47489024, training/actor_loss: 1.747 +/- 0.000
2025-11-17 07:11:26 INFO    |  step: 47489024, training/adaptive_mixing: 0.023 +/- 0.000
2025-11-17 07:11:26 INFO    |  step: 47489024, training/alpha_loss: -0.000 +/- 0.000
2025-11-17 07:11:26 INFO    |  step: 47489024, training/critic_loss: 1.749 +/- 0.000
2025-11-17 07:11:26 INFO    |  step: 47489024, training/entropy: -4.003 +/- 0.000
2025-11-17 07:11:26 INFO    |  step: 47489024, training/env_grad_mean_norm: 0.445 +/- 0.000
2025-11-17 07:11:26 INFO    |  step: 47489024, training/env_grad_trvar: 44.294 +/- 0.000
2025-11-17 07:11:26 INFO    |  step: 47489024, training/env_rb_bias_squared: 21.722 +/- 0.000
2025-11-17 07:11:26 INFO    |  step: 47489024, training/log_alpha: -4.655 +/- 0.000
2025-11-17 07:11:26 INFO    |  step: 47489024, training/num_env_samples: 252.861 +/- 0.000
2025-11-17 07:11:26 INFO    |  step: 47489024, training/num_rb_samples: 3.139 +/- 0.000
2025-11-17 07:11:26 INFO    |  step: 47489024, training/rb_grad_mean_norm: 3.818 +/- 0.000
2025-11-17 07:11:26 INFO    |  step: 47489024, training/rb_grad_trvar: 30.439 +/- 0.000
2025-11-17 07:11:26 INFO    |  step: 47489024, eval/episode_reward: 266.324 +/- 0.000
2025-11-17 07:11:26 INFO    |  step: 47489024, eval/episode_success: 266.324 +/- 0.000
2025-11-17 07:11:26 INFO    |  step: 47489024, eval/episode_success_easy: 498.047 +/- 0.000
2025-11-17 07:11:26 INFO    |  step: 47489024, eval/episode_dist: 2985.688 +/- 0.000
2025-11-17 07:11:26 INFO    |  step: 47489024, eval/episode_success_any: 0.555 +/- 0.000
2025-11-17 07:11:26 INFO    |  step: 47489024, eval/episode_reward_ctrl: 0.000 +/- 0.000
2025-11-17 07:11:26 INFO    |  step: 47489024, eval/episode_reward_dist: 0.000 +/- 0.000
2025-11-17 07:11:26 INFO    |  step: 47489024, eval/episode_reward_near: 0.000 +/- 0.000
2025-11-17 07:11:26 INFO    |  step: 47489024, eval/episode_reward_survive: 0.000 +/- 0.000
2025-11-17 07:11:26 INFO    |  step: 47489024, eval/episode_success_hard: 0.000 +/- 0.000
2025-11-17 07:11:45 INFO    |  actor input shape: (10000, 31)
2025-11-17 07:11:45 INFO    |  encoder input shape: (10000, 37)
2025-11-17 07:11:45 INFO    |  encoder input shape: (10000, 2)
2025-11-17 07:11:45 INFO    |  actor input shape: (10000, 31)
2025-11-17 07:11:45 INFO    |  encoder input shape: (10000, 37)
2025-11-17 07:11:45 INFO    |  encoder input shape: (10000, 2)
2025-11-17 07:11:45 INFO    |  actor input shape: (10000, 31)
2025-11-17 07:11:45 INFO    |  encoder input shape: (10000, 37)
2025-11-17 07:11:45 INFO    |  encoder input shape: (10000, 2)
2025-11-17 07:11:46 INFO    |  Plotted visualizations at env step 47885824.0
2025-11-17 07:11:47 INFO    |  step: 47885824
2025-11-17 07:11:47 INFO    |  step: 47885824, training/sps: 19886.584 +/- 0.000
2025-11-17 07:11:47 INFO    |  step: 47885824, training/actor_loss: 1.749 +/- 0.000
2025-11-17 07:11:47 INFO    |  step: 47885824, training/adaptive_mixing: 0.022 +/- 0.000
2025-11-17 07:11:47 INFO    |  step: 47885824, training/alpha_loss: 0.000 +/- 0.000
2025-11-17 07:11:47 INFO    |  step: 47885824, training/critic_loss: 1.754 +/- 0.000
2025-11-17 07:11:47 INFO    |  step: 47885824, training/entropy: -3.998 +/- 0.000
2025-11-17 07:11:47 INFO    |  step: 47885824, training/env_grad_mean_norm: 0.451 +/- 0.000
2025-11-17 07:11:47 INFO    |  step: 47885824, training/env_grad_trvar: 45.417 +/- 0.000
2025-11-17 07:11:47 INFO    |  step: 47885824, training/env_rb_bias_squared: 21.538 +/- 0.000
2025-11-17 07:11:47 INFO    |  step: 47885824, training/log_alpha: -4.647 +/- 0.000
2025-11-17 07:11:47 INFO    |  step: 47885824, training/num_env_samples: 252.692 +/- 0.000
2025-11-17 07:11:47 INFO    |  step: 47885824, training/num_rb_samples: 3.308 +/- 0.000
2025-11-17 07:11:47 INFO    |  step: 47885824, training/rb_grad_mean_norm: 3.797 +/- 0.000
2025-11-17 07:11:47 INFO    |  step: 47885824, training/rb_grad_trvar: 31.150 +/- 0.000
2025-11-17 07:11:47 INFO    |  step: 47885824, eval/episode_reward: 287.887 +/- 0.000
2025-11-17 07:11:47 INFO    |  step: 47885824, eval/episode_success: 287.887 +/- 0.000
2025-11-17 07:11:47 INFO    |  step: 47885824, eval/episode_success_easy: 485.066 +/- 0.000
2025-11-17 07:11:47 INFO    |  step: 47885824, eval/episode_dist: 3150.040 +/- 0.000
2025-11-17 07:11:47 INFO    |  step: 47885824, eval/episode_success_any: 0.543 +/- 0.000
2025-11-17 07:11:47 INFO    |  step: 47885824, eval/episode_reward_ctrl: 0.000 +/- 0.000
2025-11-17 07:11:47 INFO    |  step: 47885824, eval/episode_reward_dist: 0.000 +/- 0.000
2025-11-17 07:11:47 INFO    |  step: 47885824, eval/episode_reward_near: 0.000 +/- 0.000
2025-11-17 07:11:47 INFO    |  step: 47885824, eval/episode_reward_survive: 0.000 +/- 0.000
2025-11-17 07:11:47 INFO    |  step: 47885824, eval/episode_success_hard: 0.000 +/- 0.000
2025-11-17 07:12:06 INFO    |  actor input shape: (10000, 31)
2025-11-17 07:12:06 INFO    |  encoder input shape: (10000, 37)
2025-11-17 07:12:06 INFO    |  encoder input shape: (10000, 2)
2025-11-17 07:12:07 INFO    |  actor input shape: (10000, 31)
2025-11-17 07:12:07 INFO    |  encoder input shape: (10000, 37)
2025-11-17 07:12:07 INFO    |  encoder input shape: (10000, 2)
2025-11-17 07:12:07 INFO    |  actor input shape: (10000, 31)
2025-11-17 07:12:07 INFO    |  encoder input shape: (10000, 37)
2025-11-17 07:12:07 INFO    |  encoder input shape: (10000, 2)
2025-11-17 07:12:07 INFO    |  Plotted visualizations at env step 48282624.0
2025-11-17 07:12:09 INFO    |  step: 48282624
2025-11-17 07:12:11 INFO    |  actor input shape: (1, 31)
2025-11-17 07:12:26 INFO    |  step: 48282624, training/sps: 20070.092 +/- 0.000
2025-11-17 07:12:26 INFO    |  step: 48282624, training/actor_loss: 1.754 +/- 0.000
2025-11-17 07:12:26 INFO    |  step: 48282624, training/adaptive_mixing: 0.024 +/- 0.000
2025-11-17 07:12:26 INFO    |  step: 48282624, training/alpha_loss: 0.000 +/- 0.000
2025-11-17 07:12:26 INFO    |  step: 48282624, training/critic_loss: 1.757 +/- 0.000
2025-11-17 07:12:26 INFO    |  step: 48282624, training/entropy: -4.000 +/- 0.000
2025-11-17 07:12:26 INFO    |  step: 48282624, training/env_grad_mean_norm: 0.446 +/- 0.000
2025-11-17 07:12:26 INFO    |  step: 48282624, training/env_grad_trvar: 44.668 +/- 0.000
2025-11-17 07:12:26 INFO    |  step: 48282624, training/env_rb_bias_squared: 20.670 +/- 0.000
2025-11-17 07:12:26 INFO    |  step: 48282624, training/log_alpha: -4.644 +/- 0.000
2025-11-17 07:12:26 INFO    |  step: 48282624, training/num_env_samples: 252.727 +/- 0.000
2025-11-17 07:12:26 INFO    |  step: 48282624, training/num_rb_samples: 3.273 +/- 0.000
2025-11-17 07:12:26 INFO    |  step: 48282624, training/rb_grad_mean_norm: 3.766 +/- 0.000
2025-11-17 07:12:26 INFO    |  step: 48282624, training/rb_grad_trvar: 30.325 +/- 0.000
2025-11-17 07:12:26 INFO    |  step: 48282624, eval/episode_reward: 348.801 +/- 0.000
2025-11-17 07:12:26 INFO    |  step: 48282624, eval/episode_success: 348.801 +/- 0.000
2025-11-17 07:12:26 INFO    |  step: 48282624, eval/episode_success_easy: 562.871 +/- 0.000
2025-11-17 07:12:26 INFO    |  step: 48282624, eval/episode_dist: 2322.060 +/- 0.000
2025-11-17 07:12:26 INFO    |  step: 48282624, eval/episode_success_any: 0.617 +/- 0.000
2025-11-17 07:12:26 INFO    |  step: 48282624, eval/episode_reward_ctrl: 0.000 +/- 0.000
2025-11-17 07:12:26 INFO    |  step: 48282624, eval/episode_reward_dist: 0.000 +/- 0.000
2025-11-17 07:12:26 INFO    |  step: 48282624, eval/episode_reward_near: 0.000 +/- 0.000
2025-11-17 07:12:26 INFO    |  step: 48282624, eval/episode_reward_survive: 0.000 +/- 0.000
2025-11-17 07:12:26 INFO    |  step: 48282624, eval/episode_success_hard: 0.000 +/- 0.000
2025-11-17 07:12:45 INFO    |  actor input shape: (10000, 31)
2025-11-17 07:12:45 INFO    |  encoder input shape: (10000, 37)
2025-11-17 07:12:45 INFO    |  encoder input shape: (10000, 2)
2025-11-17 07:12:46 INFO    |  actor input shape: (10000, 31)
2025-11-17 07:12:46 INFO    |  encoder input shape: (10000, 37)
2025-11-17 07:12:46 INFO    |  encoder input shape: (10000, 2)
2025-11-17 07:12:46 INFO    |  actor input shape: (10000, 31)
2025-11-17 07:12:46 INFO    |  encoder input shape: (10000, 37)
2025-11-17 07:12:46 INFO    |  encoder input shape: (10000, 2)
2025-11-17 07:12:46 INFO    |  Plotted visualizations at env step 48679424.0
2025-11-17 07:12:48 INFO    |  step: 48679424
2025-11-17 07:12:48 INFO    |  step: 48679424, training/sps: 19907.215 +/- 0.000
2025-11-17 07:12:48 INFO    |  step: 48679424, training/actor_loss: 1.756 +/- 0.000
2025-11-17 07:12:48 INFO    |  step: 48679424, training/adaptive_mixing: 0.005 +/- 0.000
2025-11-17 07:12:48 INFO    |  step: 48679424, training/alpha_loss: 0.000 +/- 0.000
2025-11-17 07:12:48 INFO    |  step: 48679424, training/critic_loss: 1.758 +/- 0.000
2025-11-17 07:12:48 INFO    |  step: 48679424, training/entropy: -3.999 +/- 0.000
2025-11-17 07:12:48 INFO    |  step: 48679424, training/env_grad_mean_norm: 0.447 +/- 0.000
2025-11-17 07:12:48 INFO    |  step: 48679424, training/env_grad_trvar: 44.746 +/- 0.000
2025-11-17 07:12:48 INFO    |  step: 48679424, training/env_rb_bias_squared: 20.515 +/- 0.000
2025-11-17 07:12:48 INFO    |  step: 48679424, training/log_alpha: -4.650 +/- 0.000
2025-11-17 07:12:48 INFO    |  step: 48679424, training/num_env_samples: 252.663 +/- 0.000
2025-11-17 07:12:48 INFO    |  step: 48679424, training/num_rb_samples: 3.337 +/- 0.000
2025-11-17 07:12:48 INFO    |  step: 48679424, training/rb_grad_mean_norm: 3.745 +/- 0.000
2025-11-17 07:12:48 INFO    |  step: 48679424, training/rb_grad_trvar: 30.478 +/- 0.000
2025-11-17 07:12:48 INFO    |  step: 48679424, eval/episode_reward: 279.109 +/- 0.000
2025-11-17 07:12:48 INFO    |  step: 48679424, eval/episode_success: 279.109 +/- 0.000
2025-11-17 07:12:48 INFO    |  step: 48679424, eval/episode_success_easy: 541.523 +/- 0.000
2025-11-17 07:12:48 INFO    |  step: 48679424, eval/episode_dist: 2528.332 +/- 0.000
2025-11-17 07:12:48 INFO    |  step: 48679424, eval/episode_success_any: 0.570 +/- 0.000
2025-11-17 07:12:48 INFO    |  step: 48679424, eval/episode_reward_ctrl: 0.000 +/- 0.000
2025-11-17 07:12:48 INFO    |  step: 48679424, eval/episode_reward_dist: 0.000 +/- 0.000
2025-11-17 07:12:48 INFO    |  step: 48679424, eval/episode_reward_near: 0.000 +/- 0.000
2025-11-17 07:12:48 INFO    |  step: 48679424, eval/episode_reward_survive: 0.000 +/- 0.000
2025-11-17 07:12:48 INFO    |  step: 48679424, eval/episode_success_hard: 0.000 +/- 0.000
2025-11-17 07:13:07 INFO    |  actor input shape: (10000, 31)
2025-11-17 07:13:07 INFO    |  encoder input shape: (10000, 37)
2025-11-17 07:13:07 INFO    |  encoder input shape: (10000, 2)
2025-11-17 07:13:07 INFO    |  actor input shape: (10000, 31)
2025-11-17 07:13:07 INFO    |  encoder input shape: (10000, 37)
2025-11-17 07:13:07 INFO    |  encoder input shape: (10000, 2)
2025-11-17 07:13:08 INFO    |  actor input shape: (10000, 31)
2025-11-17 07:13:08 INFO    |  encoder input shape: (10000, 37)
2025-11-17 07:13:08 INFO    |  encoder input shape: (10000, 2)
2025-11-17 07:13:08 INFO    |  Plotted visualizations at env step 49076224.0
2025-11-17 07:13:10 INFO    |  step: 49076224
2025-11-17 07:13:10 INFO    |  step: 49076224, training/sps: 19920.693 +/- 0.000
2025-11-17 07:13:10 INFO    |  step: 49076224, training/actor_loss: 1.759 +/- 0.000
2025-11-17 07:13:10 INFO    |  step: 49076224, training/adaptive_mixing: 0.004 +/- 0.000
2025-11-17 07:13:10 INFO    |  step: 49076224, training/alpha_loss: -0.000 +/- 0.000
2025-11-17 07:13:10 INFO    |  step: 49076224, training/critic_loss: 1.756 +/- 0.000
2025-11-17 07:13:10 INFO    |  step: 49076224, training/entropy: -4.002 +/- 0.000
2025-11-17 07:13:10 INFO    |  step: 49076224, training/env_grad_mean_norm: 0.449 +/- 0.000
2025-11-17 07:13:10 INFO    |  step: 49076224, training/env_grad_trvar: 45.268 +/- 0.000
2025-11-17 07:13:10 INFO    |  step: 49076224, training/env_rb_bias_squared: 19.616 +/- 0.000
2025-11-17 07:13:10 INFO    |  step: 49076224, training/log_alpha: -4.633 +/- 0.000
2025-11-17 07:13:10 INFO    |  step: 49076224, training/num_env_samples: 252.241 +/- 0.000
2025-11-17 07:13:10 INFO    |  step: 49076224, training/num_rb_samples: 3.759 +/- 0.000
2025-11-17 07:13:10 INFO    |  step: 49076224, training/rb_grad_mean_norm: 3.696 +/- 0.000
2025-11-17 07:13:10 INFO    |  step: 49076224, training/rb_grad_trvar: 34.917 +/- 0.000
2025-11-17 07:13:10 INFO    |  step: 49076224, eval/episode_reward: 289.297 +/- 0.000
2025-11-17 07:13:10 INFO    |  step: 49076224, eval/episode_success: 289.297 +/- 0.000
2025-11-17 07:13:10 INFO    |  step: 49076224, eval/episode_success_easy: 541.668 +/- 0.000
2025-11-17 07:13:10 INFO    |  step: 49076224, eval/episode_dist: 2332.154 +/- 0.000
2025-11-17 07:13:10 INFO    |  step: 49076224, eval/episode_success_any: 0.586 +/- 0.000
2025-11-17 07:13:10 INFO    |  step: 49076224, eval/episode_reward_ctrl: 0.000 +/- 0.000
2025-11-17 07:13:10 INFO    |  step: 49076224, eval/episode_reward_dist: 0.000 +/- 0.000
2025-11-17 07:13:10 INFO    |  step: 49076224, eval/episode_reward_near: 0.000 +/- 0.000
2025-11-17 07:13:10 INFO    |  step: 49076224, eval/episode_reward_survive: 0.000 +/- 0.000
2025-11-17 07:13:10 INFO    |  step: 49076224, eval/episode_success_hard: 0.000 +/- 0.000
2025-11-17 07:13:29 INFO    |  actor input shape: (10000, 31)
2025-11-17 07:13:29 INFO    |  encoder input shape: (10000, 37)
2025-11-17 07:13:29 INFO    |  encoder input shape: (10000, 2)
2025-11-17 07:13:29 INFO    |  actor input shape: (10000, 31)
2025-11-17 07:13:31 INFO    |  encoder input shape: (10000, 37)
2025-11-17 07:13:31 INFO    |  encoder input shape: (10000, 2)
2025-11-17 07:13:31 INFO    |  actor input shape: (10000, 31)
2025-11-17 07:13:31 INFO    |  encoder input shape: (10000, 37)
2025-11-17 07:13:31 INFO    |  encoder input shape: (10000, 2)
2025-11-17 07:13:31 INFO    |  Plotted visualizations at env step 49473024.0
2025-11-17 07:13:33 INFO    |  step: 49473024
2025-11-17 07:13:33 INFO    |  step: 49473024, training/sps: 18406.243 +/- 0.000
2025-11-17 07:13:33 INFO    |  step: 49473024, training/actor_loss: 1.753 +/- 0.000
2025-11-17 07:13:33 INFO    |  step: 49473024, training/adaptive_mixing: 0.004 +/- 0.000
2025-11-17 07:13:33 INFO    |  step: 49473024, training/alpha_loss: 0.000 +/- 0.000
2025-11-17 07:13:33 INFO    |  step: 49473024, training/critic_loss: 1.750 +/- 0.000
2025-11-17 07:13:33 INFO    |  step: 49473024, training/entropy: -3.999 +/- 0.000
2025-11-17 07:13:33 INFO    |  step: 49473024, training/env_grad_mean_norm: 0.449 +/- 0.000
2025-11-17 07:13:33 INFO    |  step: 49473024, training/env_grad_trvar: 45.340 +/- 0.000
2025-11-17 07:13:33 INFO    |  step: 49473024, training/env_rb_bias_squared: 20.405 +/- 0.000
2025-11-17 07:13:33 INFO    |  step: 49473024, training/log_alpha: -4.631 +/- 0.000
2025-11-17 07:13:33 INFO    |  step: 49473024, training/num_env_samples: 252.503 +/- 0.000
2025-11-17 07:13:33 INFO    |  step: 49473024, training/num_rb_samples: 3.497 +/- 0.000
2025-11-17 07:13:33 INFO    |  step: 49473024, training/rb_grad_mean_norm: 3.759 +/- 0.000
2025-11-17 07:13:33 INFO    |  step: 49473024, training/rb_grad_trvar: 32.420 +/- 0.000
2025-11-17 07:13:33 INFO    |  step: 49473024, eval/episode_reward: 264.742 +/- 0.000
2025-11-17 07:13:33 INFO    |  step: 49473024, eval/episode_success: 264.742 +/- 0.000
2025-11-17 07:13:33 INFO    |  step: 49473024, eval/episode_success_easy: 453.617 +/- 0.000
2025-11-17 07:13:33 INFO    |  step: 49473024, eval/episode_dist: 3248.502 +/- 0.000
2025-11-17 07:13:33 INFO    |  step: 49473024, eval/episode_success_any: 0.496 +/- 0.000
2025-11-17 07:13:33 INFO    |  step: 49473024, eval/episode_reward_ctrl: 0.000 +/- 0.000
2025-11-17 07:13:33 INFO    |  step: 49473024, eval/episode_reward_dist: 0.000 +/- 0.000
2025-11-17 07:13:33 INFO    |  step: 49473024, eval/episode_reward_near: 0.000 +/- 0.000
2025-11-17 07:13:33 INFO    |  step: 49473024, eval/episode_reward_survive: 0.000 +/- 0.000
2025-11-17 07:13:33 INFO    |  step: 49473024, eval/episode_success_hard: 0.000 +/- 0.000
2025-11-17 07:13:52 INFO    |  actor input shape: (10000, 31)
2025-11-17 07:13:52 INFO    |  encoder input shape: (10000, 37)
2025-11-17 07:13:52 INFO    |  encoder input shape: (10000, 2)
2025-11-17 07:13:53 INFO    |  actor input shape: (10000, 31)
2025-11-17 07:13:53 INFO    |  encoder input shape: (10000, 37)
2025-11-17 07:13:53 INFO    |  encoder input shape: (10000, 2)
2025-11-17 07:13:53 INFO    |  actor input shape: (10000, 31)
2025-11-17 07:13:53 INFO    |  encoder input shape: (10000, 37)
2025-11-17 07:13:53 INFO    |  encoder input shape: (10000, 2)
2025-11-17 07:13:53 INFO    |  Plotted visualizations at env step 49869824.0
2025-11-17 07:13:55 INFO    |  step: 49869824
2025-11-17 07:13:55 INFO    |  step: 49869824, training/sps: 19879.750 +/- 0.000
2025-11-17 07:13:55 INFO    |  step: 49869824, training/actor_loss: 1.756 +/- 0.000
2025-11-17 07:13:55 INFO    |  step: 49869824, training/adaptive_mixing: 0.039 +/- 0.000
2025-11-17 07:13:55 INFO    |  step: 49869824, training/alpha_loss: -0.000 +/- 0.000
2025-11-17 07:13:55 INFO    |  step: 49869824, training/critic_loss: 1.749 +/- 0.000
2025-11-17 07:13:55 INFO    |  step: 49869824, training/entropy: -4.002 +/- 0.000
2025-11-17 07:13:55 INFO    |  step: 49869824, training/env_grad_mean_norm: 0.451 +/- 0.000
2025-11-17 07:13:55 INFO    |  step: 49869824, training/env_grad_trvar: 45.621 +/- 0.000
2025-11-17 07:13:55 INFO    |  step: 49869824, training/env_rb_bias_squared: 19.329 +/- 0.000
2025-11-17 07:13:55 INFO    |  step: 49869824, training/log_alpha: -4.620 +/- 0.000
2025-11-17 07:13:55 INFO    |  step: 49869824, training/num_env_samples: 252.313 +/- 0.000
2025-11-17 07:13:55 INFO    |  step: 49869824, training/num_rb_samples: 3.687 +/- 0.000
2025-11-17 07:13:55 INFO    |  step: 49869824, training/rb_grad_mean_norm: 3.668 +/- 0.000
2025-11-17 07:13:55 INFO    |  step: 49869824, training/rb_grad_trvar: 33.280 +/- 0.000
2025-11-17 07:13:55 INFO    |  step: 49869824, eval/episode_reward: 263.617 +/- 0.000
2025-11-17 07:13:55 INFO    |  step: 49869824, eval/episode_success: 263.617 +/- 0.000
2025-11-17 07:13:55 INFO    |  step: 49869824, eval/episode_success_easy: 473.555 +/- 0.000
2025-11-17 07:13:55 INFO    |  step: 49869824, eval/episode_dist: 3111.886 +/- 0.000
2025-11-17 07:13:55 INFO    |  step: 49869824, eval/episode_success_any: 0.523 +/- 0.000
2025-11-17 07:13:55 INFO    |  step: 49869824, eval/episode_reward_ctrl: 0.000 +/- 0.000
2025-11-17 07:13:55 INFO    |  step: 49869824, eval/episode_reward_dist: 0.000 +/- 0.000
2025-11-17 07:13:55 INFO    |  step: 49869824, eval/episode_reward_near: 0.000 +/- 0.000
2025-11-17 07:13:55 INFO    |  step: 49869824, eval/episode_reward_survive: 0.000 +/- 0.000
2025-11-17 07:13:55 INFO    |  step: 49869824, eval/episode_success_hard: 0.000 +/- 0.000
2025-11-17 07:14:14 INFO    |  actor input shape: (10000, 31)
2025-11-17 07:14:14 INFO    |  encoder input shape: (10000, 37)
2025-11-17 07:14:14 INFO    |  encoder input shape: (10000, 2)
2025-11-17 07:14:14 INFO    |  actor input shape: (10000, 31)
2025-11-17 07:14:14 INFO    |  encoder input shape: (10000, 37)
2025-11-17 07:14:14 INFO    |  encoder input shape: (10000, 2)
2025-11-17 07:14:15 INFO    |  actor input shape: (10000, 31)
2025-11-17 07:14:15 INFO    |  encoder input shape: (10000, 37)
2025-11-17 07:14:15 INFO    |  encoder input shape: (10000, 2)
2025-11-17 07:14:15 INFO    |  Plotted visualizations at env step 50266624.0
2025-11-17 07:14:17 INFO    |  step: 50266624
2025-11-17 07:14:18 INFO    |  actor input shape: (1, 31)
2025-11-17 07:14:34 INFO    |  step: 50266624, training/sps: 19827.298 +/- 0.000
2025-11-17 07:14:34 INFO    |  step: 50266624, training/actor_loss: 1.757 +/- 0.000
2025-11-17 07:14:34 INFO    |  step: 50266624, training/adaptive_mixing: 0.019 +/- 0.000
2025-11-17 07:14:34 INFO    |  step: 50266624, training/alpha_loss: 0.000 +/- 0.000
2025-11-17 07:14:34 INFO    |  step: 50266624, training/critic_loss: 1.748 +/- 0.000
2025-11-17 07:14:34 INFO    |  step: 50266624, training/entropy: -4.000 +/- 0.000
2025-11-17 07:14:34 INFO    |  step: 50266624, training/env_grad_mean_norm: 0.450 +/- 0.000
2025-11-17 07:14:34 INFO    |  step: 50266624, training/env_grad_trvar: 45.423 +/- 0.000
2025-11-17 07:14:34 INFO    |  step: 50266624, training/env_rb_bias_squared: 17.591 +/- 0.000
2025-11-17 07:14:34 INFO    |  step: 50266624, training/log_alpha: -4.621 +/- 0.000
2025-11-17 07:14:34 INFO    |  step: 50266624, training/num_env_samples: 252.133 +/- 0.000
2025-11-17 07:14:34 INFO    |  step: 50266624, training/num_rb_samples: 3.867 +/- 0.000
2025-11-17 07:14:34 INFO    |  step: 50266624, training/rb_grad_mean_norm: 3.552 +/- 0.000
2025-11-17 07:14:34 INFO    |  step: 50266624, training/rb_grad_trvar: 33.377 +/- 0.000
2025-11-17 07:14:34 INFO    |  step: 50266624, eval/episode_reward: 268.078 +/- 0.000
2025-11-17 07:14:34 INFO    |  step: 50266624, eval/episode_success: 268.078 +/- 0.000
2025-11-17 07:14:34 INFO    |  step: 50266624, eval/episode_success_easy: 474.152 +/- 0.000
2025-11-17 07:14:34 INFO    |  step: 50266624, eval/episode_dist: 3160.025 +/- 0.000
2025-11-17 07:14:34 INFO    |  step: 50266624, eval/episode_success_any: 0.512 +/- 0.000
2025-11-17 07:14:34 INFO    |  step: 50266624, eval/episode_reward_ctrl: 0.000 +/- 0.000
2025-11-17 07:14:34 INFO    |  step: 50266624, eval/episode_reward_dist: 0.000 +/- 0.000
2025-11-17 07:14:34 INFO    |  step: 50266624, eval/episode_reward_near: 0.000 +/- 0.000
2025-11-17 07:14:34 INFO    |  step: 50266624, eval/episode_reward_survive: 0.000 +/- 0.000
2025-11-17 07:14:34 INFO    |  step: 50266624, eval/episode_success_hard: 0.000 +/- 0.000
2025-11-17 07:14:53 INFO    |  actor input shape: (10000, 31)
2025-11-17 07:14:53 INFO    |  encoder input shape: (10000, 37)
2025-11-17 07:14:53 INFO    |  encoder input shape: (10000, 2)
2025-11-17 07:14:54 INFO    |  actor input shape: (10000, 31)
2025-11-17 07:14:54 INFO    |  encoder input shape: (10000, 37)
2025-11-17 07:14:54 INFO    |  encoder input shape: (10000, 2)
2025-11-17 07:14:54 INFO    |  actor input shape: (10000, 31)
2025-11-17 07:14:54 INFO    |  encoder input shape: (10000, 37)
2025-11-17 07:14:54 INFO    |  encoder input shape: (10000, 2)
2025-11-17 07:14:54 INFO    |  Plotted visualizations at env step 50663424.0
2025-11-17 07:14:56 INFO    |  step: 50663424
2025-11-17 07:14:56 INFO    |  step: 50663424, training/sps: 19774.733 +/- 0.000
2025-11-17 07:14:56 INFO    |  step: 50663424, training/actor_loss: 1.756 +/- 0.000
2025-11-17 07:14:56 INFO    |  step: 50663424, training/adaptive_mixing: 0.005 +/- 0.000
2025-11-17 07:14:56 INFO    |  step: 50663424, training/alpha_loss: -0.000 +/- 0.000
2025-11-17 07:14:56 INFO    |  step: 50663424, training/critic_loss: 1.749 +/- 0.000
2025-11-17 07:14:56 INFO    |  step: 50663424, training/entropy: -4.001 +/- 0.000
2025-11-17 07:14:56 INFO    |  step: 50663424, training/env_grad_mean_norm: 0.451 +/- 0.000
2025-11-17 07:14:56 INFO    |  step: 50663424, training/env_grad_trvar: 45.545 +/- 0.000
2025-11-17 07:14:56 INFO    |  step: 50663424, training/env_rb_bias_squared: 18.734 +/- 0.000
2025-11-17 07:14:56 INFO    |  step: 50663424, training/log_alpha: -4.610 +/- 0.000
2025-11-17 07:14:56 INFO    |  step: 50663424, training/num_env_samples: 252.045 +/- 0.000
2025-11-17 07:14:56 INFO    |  step: 50663424, training/num_rb_samples: 3.955 +/- 0.000
2025-11-17 07:14:56 INFO    |  step: 50663424, training/rb_grad_mean_norm: 3.615 +/- 0.000
2025-11-17 07:14:56 INFO    |  step: 50663424, training/rb_grad_trvar: 35.858 +/- 0.000
2025-11-17 07:14:56 INFO    |  step: 50663424, eval/episode_reward: 246.082 +/- 0.000
2025-11-17 07:14:56 INFO    |  step: 50663424, eval/episode_success: 246.082 +/- 0.000
2025-11-17 07:14:56 INFO    |  step: 50663424, eval/episode_success_easy: 503.324 +/- 0.000
2025-11-17 07:14:56 INFO    |  step: 50663424, eval/episode_dist: 2770.067 +/- 0.000
2025-11-17 07:14:56 INFO    |  step: 50663424, eval/episode_success_any: 0.512 +/- 0.000
2025-11-17 07:14:56 INFO    |  step: 50663424, eval/episode_reward_ctrl: 0.000 +/- 0.000
2025-11-17 07:14:56 INFO    |  step: 50663424, eval/episode_reward_dist: 0.000 +/- 0.000
2025-11-17 07:14:56 INFO    |  step: 50663424, eval/episode_reward_near: 0.000 +/- 0.000
2025-11-17 07:14:56 INFO    |  step: 50663424, eval/episode_reward_survive: 0.000 +/- 0.000
2025-11-17 07:14:56 INFO    |  step: 50663424, eval/episode_success_hard: 0.000 +/- 0.000
2025-11-17 07:15:15 INFO    |  actor input shape: (10000, 31)
2025-11-17 07:15:15 INFO    |  encoder input shape: (10000, 37)
2025-11-17 07:15:15 INFO    |  encoder input shape: (10000, 2)
2025-11-17 07:15:16 INFO    |  actor input shape: (10000, 31)
2025-11-17 07:15:16 INFO    |  encoder input shape: (10000, 37)
2025-11-17 07:15:16 INFO    |  encoder input shape: (10000, 2)
2025-11-17 07:15:16 INFO    |  actor input shape: (10000, 31)
2025-11-17 07:15:16 INFO    |  encoder input shape: (10000, 37)
2025-11-17 07:15:16 INFO    |  encoder input shape: (10000, 2)
2025-11-17 07:15:16 INFO    |  Plotted visualizations at env step 51060224.0
2025-11-17 07:15:18 INFO    |  step: 51060224
2025-11-17 07:15:18 INFO    |  step: 51060224, training/sps: 19843.760 +/- 0.000
2025-11-17 07:15:18 INFO    |  step: 51060224, training/actor_loss: 1.752 +/- 0.000
2025-11-17 07:15:18 INFO    |  step: 51060224, training/adaptive_mixing: 0.026 +/- 0.000
2025-11-17 07:15:18 INFO    |  step: 51060224, training/alpha_loss: 0.000 +/- 0.000
2025-11-17 07:15:18 INFO    |  step: 51060224, training/critic_loss: 1.742 +/- 0.000
2025-11-17 07:15:18 INFO    |  step: 51060224, training/entropy: -4.000 +/- 0.000
2025-11-17 07:15:18 INFO    |  step: 51060224, training/env_grad_mean_norm: 0.452 +/- 0.000
2025-11-17 07:15:18 INFO    |  step: 51060224, training/env_grad_trvar: 45.835 +/- 0.000
2025-11-17 07:15:18 INFO    |  step: 51060224, training/env_rb_bias_squared: 20.387 +/- 0.000
2025-11-17 07:15:18 INFO    |  step: 51060224, training/log_alpha: -4.600 +/- 0.000
2025-11-17 07:15:18 INFO    |  step: 51060224, training/num_env_samples: 252.646 +/- 0.000
2025-11-17 07:15:18 INFO    |  step: 51060224, training/num_rb_samples: 3.354 +/- 0.000
2025-11-17 07:15:18 INFO    |  step: 51060224, training/rb_grad_mean_norm: 3.744 +/- 0.000
2025-11-17 07:15:18 INFO    |  step: 51060224, training/rb_grad_trvar: 31.028 +/- 0.000
2025-11-17 07:15:18 INFO    |  step: 51060224, eval/episode_reward: 253.203 +/- 0.000
2025-11-17 07:15:18 INFO    |  step: 51060224, eval/episode_success: 253.203 +/- 0.000
2025-11-17 07:15:18 INFO    |  step: 51060224, eval/episode_success_easy: 489.648 +/- 0.000
2025-11-17 07:15:18 INFO    |  step: 51060224, eval/episode_dist: 2955.274 +/- 0.000
2025-11-17 07:15:18 INFO    |  step: 51060224, eval/episode_success_any: 0.543 +/- 0.000
2025-11-17 07:15:18 INFO    |  step: 51060224, eval/episode_reward_ctrl: 0.000 +/- 0.000
2025-11-17 07:15:18 INFO    |  step: 51060224, eval/episode_reward_dist: 0.000 +/- 0.000
2025-11-17 07:15:18 INFO    |  step: 51060224, eval/episode_reward_near: 0.000 +/- 0.000
2025-11-17 07:15:18 INFO    |  step: 51060224, eval/episode_reward_survive: 0.000 +/- 0.000
2025-11-17 07:15:18 INFO    |  step: 51060224, eval/episode_success_hard: 0.000 +/- 0.000
2025-11-17 07:15:37 INFO    |  actor input shape: (10000, 31)
2025-11-17 07:15:37 INFO    |  encoder input shape: (10000, 37)
2025-11-17 07:15:37 INFO    |  encoder input shape: (10000, 2)
2025-11-17 07:15:37 INFO    |  actor input shape: (10000, 31)
2025-11-17 07:15:37 INFO    |  encoder input shape: (10000, 37)
2025-11-17 07:15:37 INFO    |  encoder input shape: (10000, 2)
2025-11-17 07:15:38 INFO    |  actor input shape: (10000, 31)
2025-11-17 07:15:38 INFO    |  encoder input shape: (10000, 37)
2025-11-17 07:15:38 INFO    |  encoder input shape: (10000, 2)
2025-11-17 07:15:38 INFO    |  Plotted visualizations at env step 51457024.0
2025-11-17 07:15:40 INFO    |  step: 51457024
2025-11-17 07:15:40 INFO    |  step: 51457024, training/sps: 19837.691 +/- 0.000
2025-11-17 07:15:40 INFO    |  step: 51457024, training/actor_loss: 1.750 +/- 0.000
2025-11-17 07:15:40 INFO    |  step: 51457024, training/adaptive_mixing: 0.022 +/- 0.000
2025-11-17 07:15:40 INFO    |  step: 51457024, training/alpha_loss: -0.000 +/- 0.000
2025-11-17 07:15:40 INFO    |  step: 51457024, training/critic_loss: 1.744 +/- 0.000
2025-11-17 07:15:40 INFO    |  step: 51457024, training/entropy: -4.001 +/- 0.000
2025-11-17 07:15:40 INFO    |  step: 51457024, training/env_grad_mean_norm: 0.454 +/- 0.000
2025-11-17 07:15:40 INFO    |  step: 51457024, training/env_grad_trvar: 46.254 +/- 0.000
2025-11-17 07:15:40 INFO    |  step: 51457024, training/env_rb_bias_squared: 17.175 +/- 0.000
2025-11-17 07:15:40 INFO    |  step: 51457024, training/log_alpha: -4.593 +/- 0.000
2025-11-17 07:15:40 INFO    |  step: 51457024, training/num_env_samples: 251.836 +/- 0.000
2025-11-17 07:15:40 INFO    |  step: 51457024, training/num_rb_samples: 4.164 +/- 0.000
2025-11-17 07:15:40 INFO    |  step: 51457024, training/rb_grad_mean_norm: 3.538 +/- 0.000
2025-11-17 07:15:40 INFO    |  step: 51457024, training/rb_grad_trvar: 36.941 +/- 0.000
2025-11-17 07:15:40 INFO    |  step: 51457024, eval/episode_reward: 248.926 +/- 0.000
2025-11-17 07:15:40 INFO    |  step: 51457024, eval/episode_success: 248.926 +/- 0.000
2025-11-17 07:15:40 INFO    |  step: 51457024, eval/episode_success_easy: 482.227 +/- 0.000
2025-11-17 07:15:40 INFO    |  step: 51457024, eval/episode_dist: 2875.741 +/- 0.000
2025-11-17 07:15:40 INFO    |  step: 51457024, eval/episode_success_any: 0.535 +/- 0.000
2025-11-17 07:15:40 INFO    |  step: 51457024, eval/episode_reward_ctrl: 0.000 +/- 0.000
2025-11-17 07:15:40 INFO    |  step: 51457024, eval/episode_reward_dist: 0.000 +/- 0.000
2025-11-17 07:15:40 INFO    |  step: 51457024, eval/episode_reward_near: 0.000 +/- 0.000
2025-11-17 07:15:40 INFO    |  step: 51457024, eval/episode_reward_survive: 0.000 +/- 0.000
2025-11-17 07:15:40 INFO    |  step: 51457024, eval/episode_success_hard: 0.000 +/- 0.000
2025-11-17 07:15:59 INFO    |  actor input shape: (10000, 31)
2025-11-17 07:15:59 INFO    |  encoder input shape: (10000, 37)
2025-11-17 07:15:59 INFO    |  encoder input shape: (10000, 2)
2025-11-17 07:15:59 INFO    |  actor input shape: (10000, 31)
2025-11-17 07:15:59 INFO    |  encoder input shape: (10000, 37)
2025-11-17 07:15:59 INFO    |  encoder input shape: (10000, 2)
2025-11-17 07:16:00 INFO    |  actor input shape: (10000, 31)
2025-11-17 07:16:00 INFO    |  encoder input shape: (10000, 37)
2025-11-17 07:16:00 INFO    |  encoder input shape: (10000, 2)
2025-11-17 07:16:01 INFO    |  Plotted visualizations at env step 51853824.0
2025-11-17 07:16:03 INFO    |  step: 51853824
2025-11-17 07:16:03 INFO    |  step: 51853824, training/sps: 18297.920 +/- 0.000
2025-11-17 07:16:03 INFO    |  step: 51853824, training/actor_loss: 1.752 +/- 0.000
2025-11-17 07:16:03 INFO    |  step: 51853824, training/adaptive_mixing: 0.003 +/- 0.000
2025-11-17 07:16:03 INFO    |  step: 51853824, training/alpha_loss: 0.000 +/- 0.000
2025-11-17 07:16:03 INFO    |  step: 51853824, training/critic_loss: 1.744 +/- 0.000
2025-11-17 07:16:03 INFO    |  step: 51853824, training/entropy: -3.997 +/- 0.000
2025-11-17 07:16:03 INFO    |  step: 51853824, training/env_grad_mean_norm: 0.455 +/- 0.000
2025-11-17 07:16:03 INFO    |  step: 51853824, training/env_grad_trvar: 46.314 +/- 0.000
2025-11-17 07:16:03 INFO    |  step: 51853824, training/env_rb_bias_squared: 14.110 +/- 0.000
2025-11-17 07:16:03 INFO    |  step: 51853824, training/log_alpha: -4.594 +/- 0.000
2025-11-17 07:16:03 INFO    |  step: 51853824, training/num_env_samples: 251.174 +/- 0.000
2025-11-17 07:16:03 INFO    |  step: 51853824, training/num_rb_samples: 4.826 +/- 0.000
2025-11-17 07:16:03 INFO    |  step: 51853824, training/rb_grad_mean_norm: 3.264 +/- 0.000
2025-11-17 07:16:03 INFO    |  step: 51853824, training/rb_grad_trvar: 38.123 +/- 0.000
2025-11-17 07:16:03 INFO    |  step: 51853824, eval/episode_reward: 320.074 +/- 0.000
2025-11-17 07:16:03 INFO    |  step: 51853824, eval/episode_success: 320.074 +/- 0.000
2025-11-17 07:16:03 INFO    |  step: 51853824, eval/episode_success_easy: 526.031 +/- 0.000
2025-11-17 07:16:03 INFO    |  step: 51853824, eval/episode_dist: 2455.926 +/- 0.000
2025-11-17 07:16:03 INFO    |  step: 51853824, eval/episode_success_any: 0.613 +/- 0.000
2025-11-17 07:16:03 INFO    |  step: 51853824, eval/episode_reward_ctrl: 0.000 +/- 0.000
2025-11-17 07:16:03 INFO    |  step: 51853824, eval/episode_reward_dist: 0.000 +/- 0.000
2025-11-17 07:16:03 INFO    |  step: 51853824, eval/episode_reward_near: 0.000 +/- 0.000
2025-11-17 07:16:03 INFO    |  step: 51853824, eval/episode_reward_survive: 0.000 +/- 0.000
2025-11-17 07:16:03 INFO    |  step: 51853824, eval/episode_success_hard: 0.000 +/- 0.000
2025-11-17 07:16:22 INFO    |  actor input shape: (10000, 31)
2025-11-17 07:16:22 INFO    |  encoder input shape: (10000, 37)
2025-11-17 07:16:22 INFO    |  encoder input shape: (10000, 2)
2025-11-17 07:16:23 INFO    |  actor input shape: (10000, 31)
2025-11-17 07:16:23 INFO    |  encoder input shape: (10000, 37)
2025-11-17 07:16:23 INFO    |  encoder input shape: (10000, 2)
2025-11-17 07:16:23 INFO    |  actor input shape: (10000, 31)
2025-11-17 07:16:23 INFO    |  encoder input shape: (10000, 37)
2025-11-17 07:16:23 INFO    |  encoder input shape: (10000, 2)
2025-11-17 07:16:23 INFO    |  Plotted visualizations at env step 52250624.0
2025-11-17 07:16:25 INFO    |  step: 52250624
2025-11-17 07:16:27 INFO    |  actor input shape: (1, 31)
2025-11-17 07:16:44 INFO    |  step: 52250624, training/sps: 19931.355 +/- 0.000
2025-11-17 07:16:44 INFO    |  step: 52250624, training/actor_loss: 1.748 +/- 0.000
2025-11-17 07:16:44 INFO    |  step: 52250624, training/adaptive_mixing: 0.021 +/- 0.000
2025-11-17 07:16:44 INFO    |  step: 52250624, training/alpha_loss: -0.000 +/- 0.000
2025-11-17 07:16:44 INFO    |  step: 52250624, training/critic_loss: 1.741 +/- 0.000
2025-11-17 07:16:44 INFO    |  step: 52250624, training/entropy: -4.002 +/- 0.000
2025-11-17 07:16:44 INFO    |  step: 52250624, training/env_grad_mean_norm: 0.455 +/- 0.000
2025-11-17 07:16:44 INFO    |  step: 52250624, training/env_grad_trvar: 46.427 +/- 0.000
2025-11-17 07:16:44 INFO    |  step: 52250624, training/env_rb_bias_squared: 17.278 +/- 0.000
2025-11-17 07:16:44 INFO    |  step: 52250624, training/log_alpha: -4.596 +/- 0.000
2025-11-17 07:16:44 INFO    |  step: 52250624, training/num_env_samples: 252.008 +/- 0.000
2025-11-17 07:16:44 INFO    |  step: 52250624, training/num_rb_samples: 3.992 +/- 0.000
2025-11-17 07:16:44 INFO    |  step: 52250624, training/rb_grad_mean_norm: 3.516 +/- 0.000
2025-11-17 07:16:44 INFO    |  step: 52250624, training/rb_grad_trvar: 34.723 +/- 0.000
2025-11-17 07:16:44 INFO    |  step: 52250624, eval/episode_reward: 287.465 +/- 0.000
2025-11-17 07:16:44 INFO    |  step: 52250624, eval/episode_success: 287.465 +/- 0.000
2025-11-17 07:16:44 INFO    |  step: 52250624, eval/episode_success_easy: 564.355 +/- 0.000
2025-11-17 07:16:44 INFO    |  step: 52250624, eval/episode_dist: 2307.510 +/- 0.000
2025-11-17 07:16:44 INFO    |  step: 52250624, eval/episode_success_any: 0.562 +/- 0.000
2025-11-17 07:16:44 INFO    |  step: 52250624, eval/episode_reward_ctrl: 0.000 +/- 0.000
2025-11-17 07:16:44 INFO    |  step: 52250624, eval/episode_reward_dist: 0.000 +/- 0.000
2025-11-17 07:16:44 INFO    |  step: 52250624, eval/episode_reward_near: 0.000 +/- 0.000
2025-11-17 07:16:44 INFO    |  step: 52250624, eval/episode_reward_survive: 0.000 +/- 0.000
2025-11-17 07:16:44 INFO    |  step: 52250624, eval/episode_success_hard: 0.000 +/- 0.000
2025-11-17 07:17:03 INFO    |  actor input shape: (10000, 31)
2025-11-17 07:17:03 INFO    |  encoder input shape: (10000, 37)
2025-11-17 07:17:03 INFO    |  encoder input shape: (10000, 2)
2025-11-17 07:17:03 INFO    |  actor input shape: (10000, 31)
2025-11-17 07:17:03 INFO    |  encoder input shape: (10000, 37)
2025-11-17 07:17:03 INFO    |  encoder input shape: (10000, 2)
2025-11-17 07:17:04 INFO    |  actor input shape: (10000, 31)
2025-11-17 07:17:04 INFO    |  encoder input shape: (10000, 37)
2025-11-17 07:17:04 INFO    |  encoder input shape: (10000, 2)
2025-11-17 07:17:04 INFO    |  Plotted visualizations at env step 52647424.0
2025-11-17 07:17:06 INFO    |  step: 52647424
2025-11-17 07:17:06 INFO    |  step: 52647424, training/sps: 19978.828 +/- 0.000
2025-11-17 07:17:06 INFO    |  step: 52647424, training/actor_loss: 1.753 +/- 0.000
2025-11-17 07:17:06 INFO    |  step: 52647424, training/adaptive_mixing: 0.058 +/- 0.000
2025-11-17 07:17:06 INFO    |  step: 52647424, training/alpha_loss: 0.000 +/- 0.000
2025-11-17 07:17:06 INFO    |  step: 52647424, training/critic_loss: 1.750 +/- 0.000
2025-11-17 07:17:06 INFO    |  step: 52647424, training/entropy: -3.999 +/- 0.000
2025-11-17 07:17:06 INFO    |  step: 52647424, training/env_grad_mean_norm: 0.450 +/- 0.000
2025-11-17 07:17:06 INFO    |  step: 52647424, training/env_grad_trvar: 45.399 +/- 0.000
2025-11-17 07:17:06 INFO    |  step: 52647424, training/env_rb_bias_squared: 15.667 +/- 0.000
2025-11-17 07:17:06 INFO    |  step: 52647424, training/log_alpha: -4.603 +/- 0.000
2025-11-17 07:17:06 INFO    |  step: 52647424, training/num_env_samples: 251.539 +/- 0.000
2025-11-17 07:17:06 INFO    |  step: 52647424, training/num_rb_samples: 4.461 +/- 0.000
2025-11-17 07:17:06 INFO    |  step: 52647424, training/rb_grad_mean_norm: 3.374 +/- 0.000
2025-11-17 07:17:06 INFO    |  step: 52647424, training/rb_grad_trvar: 36.637 +/- 0.000
2025-11-17 07:17:06 INFO    |  step: 52647424, eval/episode_reward: 281.547 +/- 0.000
2025-11-17 07:17:06 INFO    |  step: 52647424, eval/episode_success: 281.547 +/- 0.000
2025-11-17 07:17:06 INFO    |  step: 52647424, eval/episode_success_easy: 488.023 +/- 0.000
2025-11-17 07:17:06 INFO    |  step: 52647424, eval/episode_dist: 2640.543 +/- 0.000
2025-11-17 07:17:06 INFO    |  step: 52647424, eval/episode_success_any: 0.559 +/- 0.000
2025-11-17 07:17:06 INFO    |  step: 52647424, eval/episode_reward_ctrl: 0.000 +/- 0.000
2025-11-17 07:17:06 INFO    |  step: 52647424, eval/episode_reward_dist: 0.000 +/- 0.000
2025-11-17 07:17:06 INFO    |  step: 52647424, eval/episode_reward_near: 0.000 +/- 0.000
2025-11-17 07:17:06 INFO    |  step: 52647424, eval/episode_reward_survive: 0.000 +/- 0.000
2025-11-17 07:17:06 INFO    |  step: 52647424, eval/episode_success_hard: 0.000 +/- 0.000
2025-11-17 07:17:25 INFO    |  actor input shape: (10000, 31)
2025-11-17 07:17:25 INFO    |  encoder input shape: (10000, 37)
2025-11-17 07:17:25 INFO    |  encoder input shape: (10000, 2)
2025-11-17 07:17:25 INFO    |  actor input shape: (10000, 31)
2025-11-17 07:17:25 INFO    |  encoder input shape: (10000, 37)
2025-11-17 07:17:25 INFO    |  encoder input shape: (10000, 2)
2025-11-17 07:17:25 INFO    |  actor input shape: (10000, 31)
2025-11-17 07:17:25 INFO    |  encoder input shape: (10000, 37)
2025-11-17 07:17:25 INFO    |  encoder input shape: (10000, 2)
2025-11-17 07:17:26 INFO    |  Plotted visualizations at env step 53044224.0
2025-11-17 07:17:27 INFO    |  step: 53044224
2025-11-17 07:17:27 INFO    |  step: 53044224, training/sps: 19993.844 +/- 0.000
2025-11-17 07:17:27 INFO    |  step: 53044224, training/actor_loss: 1.761 +/- 0.000
2025-11-17 07:17:27 INFO    |  step: 53044224, training/adaptive_mixing: 0.024 +/- 0.000
2025-11-17 07:17:27 INFO    |  step: 53044224, training/alpha_loss: -0.000 +/- 0.000
2025-11-17 07:17:27 INFO    |  step: 53044224, training/critic_loss: 1.757 +/- 0.000
2025-11-17 07:17:27 INFO    |  step: 53044224, training/entropy: -4.000 +/- 0.000
2025-11-17 07:17:27 INFO    |  step: 53044224, training/env_grad_mean_norm: 0.448 +/- 0.000
2025-11-17 07:17:27 INFO    |  step: 53044224, training/env_grad_trvar: 44.626 +/- 0.000
2025-11-17 07:17:27 INFO    |  step: 53044224, training/env_rb_bias_squared: 11.693 +/- 0.000
2025-11-17 07:17:27 INFO    |  step: 53044224, training/log_alpha: -4.604 +/- 0.000
2025-11-17 07:17:27 INFO    |  step: 53044224, training/num_env_samples: 250.221 +/- 0.000
2025-11-17 07:17:27 INFO    |  step: 53044224, training/num_rb_samples: 5.779 +/- 0.000
2025-11-17 07:17:27 INFO    |  step: 53044224, training/rb_grad_mean_norm: 3.010 +/- 0.000
2025-11-17 07:17:27 INFO    |  step: 53044224, training/rb_grad_trvar: 41.040 +/- 0.000
2025-11-17 07:17:27 INFO    |  step: 53044224, eval/episode_reward: 314.422 +/- 0.000
2025-11-17 07:17:27 INFO    |  step: 53044224, eval/episode_success: 314.422 +/- 0.000
2025-11-17 07:17:27 INFO    |  step: 53044224, eval/episode_success_easy: 585.660 +/- 0.000
2025-11-17 07:17:27 INFO    |  step: 53044224, eval/episode_dist: 2455.174 +/- 0.000
2025-11-17 07:17:27 INFO    |  step: 53044224, eval/episode_success_any: 0.648 +/- 0.000
2025-11-17 07:17:27 INFO    |  step: 53044224, eval/episode_reward_ctrl: 0.000 +/- 0.000
2025-11-17 07:17:27 INFO    |  step: 53044224, eval/episode_reward_dist: 0.000 +/- 0.000
2025-11-17 07:17:27 INFO    |  step: 53044224, eval/episode_reward_near: 0.000 +/- 0.000
2025-11-17 07:17:27 INFO    |  step: 53044224, eval/episode_reward_survive: 0.000 +/- 0.000
2025-11-17 07:17:27 INFO    |  step: 53044224, eval/episode_success_hard: 0.000 +/- 0.000
2025-11-17 07:17:47 INFO    |  actor input shape: (10000, 31)
2025-11-17 07:17:47 INFO    |  encoder input shape: (10000, 37)
2025-11-17 07:17:47 INFO    |  encoder input shape: (10000, 2)
2025-11-17 07:17:47 INFO    |  actor input shape: (10000, 31)
2025-11-17 07:17:47 INFO    |  encoder input shape: (10000, 37)
2025-11-17 07:17:47 INFO    |  encoder input shape: (10000, 2)
2025-11-17 07:17:47 INFO    |  actor input shape: (10000, 31)
2025-11-17 07:17:47 INFO    |  encoder input shape: (10000, 37)
2025-11-17 07:17:47 INFO    |  encoder input shape: (10000, 2)
2025-11-17 07:17:47 INFO    |  Plotted visualizations at env step 53441024.0
2025-11-17 07:17:49 INFO    |  step: 53441024
2025-11-17 07:17:49 INFO    |  step: 53441024, training/sps: 19937.105 +/- 0.000
2025-11-17 07:17:49 INFO    |  step: 53441024, training/actor_loss: 1.766 +/- 0.000
2025-11-17 07:17:49 INFO    |  step: 53441024, training/adaptive_mixing: 0.024 +/- 0.000
2025-11-17 07:17:49 INFO    |  step: 53441024, training/alpha_loss: 0.000 +/- 0.000
2025-11-17 07:17:49 INFO    |  step: 53441024, training/critic_loss: 1.759 +/- 0.000
2025-11-17 07:17:49 INFO    |  step: 53441024, training/entropy: -4.000 +/- 0.000
2025-11-17 07:17:49 INFO    |  step: 53441024, training/env_grad_mean_norm: 0.445 +/- 0.000
2025-11-17 07:17:49 INFO    |  step: 53441024, training/env_grad_trvar: 44.523 +/- 0.000
2025-11-17 07:17:49 INFO    |  step: 53441024, training/env_rb_bias_squared: 9.841 +/- 0.000
2025-11-17 07:17:49 INFO    |  step: 53441024, training/log_alpha: -4.607 +/- 0.000
2025-11-17 07:17:49 INFO    |  step: 53441024, training/num_env_samples: 249.290 +/- 0.000
2025-11-17 07:17:49 INFO    |  step: 53441024, training/num_rb_samples: 6.710 +/- 0.000
2025-11-17 07:17:49 INFO    |  step: 53441024, training/rb_grad_mean_norm: 2.784 +/- 0.000
2025-11-17 07:17:49 INFO    |  step: 53441024, training/rb_grad_trvar: 42.713 +/- 0.000
2025-11-17 07:17:49 INFO    |  step: 53441024, eval/episode_reward: 287.234 +/- 0.000
2025-11-17 07:17:49 INFO    |  step: 53441024, eval/episode_success: 287.234 +/- 0.000
2025-11-17 07:17:49 INFO    |  step: 53441024, eval/episode_success_easy: 513.789 +/- 0.000
2025-11-17 07:17:49 INFO    |  step: 53441024, eval/episode_dist: 2637.235 +/- 0.000
2025-11-17 07:17:49 INFO    |  step: 53441024, eval/episode_success_any: 0.590 +/- 0.000
2025-11-17 07:17:49 INFO    |  step: 53441024, eval/episode_reward_ctrl: 0.000 +/- 0.000
2025-11-17 07:17:49 INFO    |  step: 53441024, eval/episode_reward_dist: 0.000 +/- 0.000
2025-11-17 07:17:49 INFO    |  step: 53441024, eval/episode_reward_near: 0.000 +/- 0.000
2025-11-17 07:17:49 INFO    |  step: 53441024, eval/episode_reward_survive: 0.000 +/- 0.000
2025-11-17 07:17:49 INFO    |  step: 53441024, eval/episode_success_hard: 0.000 +/- 0.000
2025-11-17 07:18:08 INFO    |  actor input shape: (10000, 31)
2025-11-17 07:18:08 INFO    |  encoder input shape: (10000, 37)
2025-11-17 07:18:08 INFO    |  encoder input shape: (10000, 2)
2025-11-17 07:18:09 INFO    |  actor input shape: (10000, 31)
2025-11-17 07:18:09 INFO    |  encoder input shape: (10000, 37)
2025-11-17 07:18:09 INFO    |  encoder input shape: (10000, 2)
2025-11-17 07:18:09 INFO    |  actor input shape: (10000, 31)
2025-11-17 07:18:09 INFO    |  encoder input shape: (10000, 37)
2025-11-17 07:18:09 INFO    |  encoder input shape: (10000, 2)
2025-11-17 07:18:09 INFO    |  Plotted visualizations at env step 53837824.0
2025-11-17 07:18:11 INFO    |  step: 53837824
2025-11-17 07:18:11 INFO    |  step: 53837824, training/sps: 19916.043 +/- 0.000
2025-11-17 07:18:11 INFO    |  step: 53837824, training/actor_loss: 1.768 +/- 0.000
2025-11-17 07:18:11 INFO    |  step: 53837824, training/adaptive_mixing: 0.009 +/- 0.000
2025-11-17 07:18:11 INFO    |  step: 53837824, training/alpha_loss: -0.000 +/- 0.000
2025-11-17 07:18:11 INFO    |  step: 53837824, training/critic_loss: 1.764 +/- 0.000
2025-11-17 07:18:11 INFO    |  step: 53837824, training/entropy: -4.001 +/- 0.000
2025-11-17 07:18:11 INFO    |  step: 53837824, training/env_grad_mean_norm: 0.444 +/- 0.000
2025-11-17 07:18:11 INFO    |  step: 53837824, training/env_grad_trvar: 44.245 +/- 0.000
2025-11-17 07:18:11 INFO    |  step: 53837824, training/env_rb_bias_squared: 9.617 +/- 0.000
2025-11-17 07:18:11 INFO    |  step: 53837824, training/log_alpha: -4.606 +/- 0.000
2025-11-17 07:18:11 INFO    |  step: 53837824, training/num_env_samples: 249.560 +/- 0.000
2025-11-17 07:18:11 INFO    |  step: 53837824, training/num_rb_samples: 6.440 +/- 0.000
2025-11-17 07:18:11 INFO    |  step: 53837824, training/rb_grad_mean_norm: 2.772 +/- 0.000
2025-11-17 07:18:11 INFO    |  step: 53837824, training/rb_grad_trvar: 39.823 +/- 0.000
2025-11-17 07:18:11 INFO    |  step: 53837824, eval/episode_reward: 284.934 +/- 0.000
2025-11-17 07:18:11 INFO    |  step: 53837824, eval/episode_success: 284.934 +/- 0.000
2025-11-17 07:18:11 INFO    |  step: 53837824, eval/episode_success_easy: 491.332 +/- 0.000
2025-11-17 07:18:11 INFO    |  step: 53837824, eval/episode_dist: 3082.256 +/- 0.000
2025-11-17 07:18:11 INFO    |  step: 53837824, eval/episode_success_any: 0.582 +/- 0.000
2025-11-17 07:18:11 INFO    |  step: 53837824, eval/episode_reward_ctrl: 0.000 +/- 0.000
2025-11-17 07:18:11 INFO    |  step: 53837824, eval/episode_reward_dist: 0.000 +/- 0.000
2025-11-17 07:18:11 INFO    |  step: 53837824, eval/episode_reward_near: 0.000 +/- 0.000
2025-11-17 07:18:11 INFO    |  step: 53837824, eval/episode_reward_survive: 0.000 +/- 0.000
2025-11-17 07:18:11 INFO    |  step: 53837824, eval/episode_success_hard: 0.000 +/- 0.000
2025-11-17 07:18:30 INFO    |  actor input shape: (10000, 31)
2025-11-17 07:18:30 INFO    |  encoder input shape: (10000, 37)
2025-11-17 07:18:30 INFO    |  encoder input shape: (10000, 2)
2025-11-17 07:18:30 INFO    |  actor input shape: (10000, 31)
2025-11-17 07:18:30 INFO    |  encoder input shape: (10000, 37)
2025-11-17 07:18:30 INFO    |  encoder input shape: (10000, 2)
2025-11-17 07:18:30 INFO    |  actor input shape: (10000, 31)
2025-11-17 07:18:30 INFO    |  encoder input shape: (10000, 37)
2025-11-17 07:18:30 INFO    |  encoder input shape: (10000, 2)
2025-11-17 07:18:31 INFO    |  Plotted visualizations at env step 54234624.0
2025-11-17 07:18:32 INFO    |  step: 54234624
2025-11-17 07:18:34 INFO    |  actor input shape: (1, 31)
2025-11-17 07:18:52 INFO    |  step: 54234624, training/sps: 20167.957 +/- 0.000
2025-11-17 07:18:52 INFO    |  step: 54234624, training/actor_loss: 1.767 +/- 0.000
2025-11-17 07:18:52 INFO    |  step: 54234624, training/adaptive_mixing: 0.003 +/- 0.000
2025-11-17 07:18:52 INFO    |  step: 54234624, training/alpha_loss: 0.000 +/- 0.000
2025-11-17 07:18:52 INFO    |  step: 54234624, training/critic_loss: 1.761 +/- 0.000
2025-11-17 07:18:52 INFO    |  step: 54234624, training/entropy: -4.000 +/- 0.000
2025-11-17 07:18:52 INFO    |  step: 54234624, training/env_grad_mean_norm: 0.449 +/- 0.000
2025-11-17 07:18:52 INFO    |  step: 54234624, training/env_grad_trvar: 45.236 +/- 0.000
2025-11-17 07:18:52 INFO    |  step: 54234624, training/env_rb_bias_squared: 10.561 +/- 0.000
2025-11-17 07:18:52 INFO    |  step: 54234624, training/log_alpha: -4.608 +/- 0.000
2025-11-17 07:18:52 INFO    |  step: 54234624, training/num_env_samples: 249.988 +/- 0.000
2025-11-17 07:18:52 INFO    |  step: 54234624, training/num_rb_samples: 6.012 +/- 0.000
2025-11-17 07:18:52 INFO    |  step: 54234624, training/rb_grad_mean_norm: 2.895 +/- 0.000
2025-11-17 07:18:52 INFO    |  step: 54234624, training/rb_grad_trvar: 39.954 +/- 0.000
2025-11-17 07:18:52 INFO    |  step: 54234624, eval/episode_reward: 232.340 +/- 0.000
2025-11-17 07:18:52 INFO    |  step: 54234624, eval/episode_success: 232.340 +/- 0.000
2025-11-17 07:18:52 INFO    |  step: 54234624, eval/episode_success_easy: 459.953 +/- 0.000
2025-11-17 07:18:52 INFO    |  step: 54234624, eval/episode_dist: 3169.073 +/- 0.000
2025-11-17 07:18:52 INFO    |  step: 54234624, eval/episode_success_any: 0.480 +/- 0.000
2025-11-17 07:18:52 INFO    |  step: 54234624, eval/episode_reward_ctrl: 0.000 +/- 0.000
2025-11-17 07:18:52 INFO    |  step: 54234624, eval/episode_reward_dist: 0.000 +/- 0.000
2025-11-17 07:18:52 INFO    |  step: 54234624, eval/episode_reward_near: 0.000 +/- 0.000
2025-11-17 07:18:52 INFO    |  step: 54234624, eval/episode_reward_survive: 0.000 +/- 0.000
2025-11-17 07:18:52 INFO    |  step: 54234624, eval/episode_success_hard: 0.000 +/- 0.000
2025-11-17 07:19:12 INFO    |  actor input shape: (10000, 31)
2025-11-17 07:19:12 INFO    |  encoder input shape: (10000, 37)
2025-11-17 07:19:12 INFO    |  encoder input shape: (10000, 2)
2025-11-17 07:19:12 INFO    |  actor input shape: (10000, 31)
2025-11-17 07:19:12 INFO    |  encoder input shape: (10000, 37)
2025-11-17 07:19:12 INFO    |  encoder input shape: (10000, 2)
2025-11-17 07:19:12 INFO    |  actor input shape: (10000, 31)
2025-11-17 07:19:12 INFO    |  encoder input shape: (10000, 37)
2025-11-17 07:19:12 INFO    |  encoder input shape: (10000, 2)
2025-11-17 07:19:13 INFO    |  Plotted visualizations at env step 54631424.0
2025-11-17 07:19:14 INFO    |  step: 54631424
2025-11-17 07:19:14 INFO    |  step: 54631424, training/sps: 19739.474 +/- 0.000
2025-11-17 07:19:14 INFO    |  step: 54631424, training/actor_loss: 1.765 +/- 0.000
2025-11-17 07:19:14 INFO    |  step: 54631424, training/adaptive_mixing: 0.023 +/- 0.000
2025-11-17 07:19:14 INFO    |  step: 54631424, training/alpha_loss: 0.000 +/- 0.000
2025-11-17 07:19:14 INFO    |  step: 54631424, training/critic_loss: 1.756 +/- 0.000
2025-11-17 07:19:14 INFO    |  step: 54631424, training/entropy: -3.997 +/- 0.000
2025-11-17 07:19:14 INFO    |  step: 54631424, training/env_grad_mean_norm: 0.451 +/- 0.000
2025-11-17 07:19:14 INFO    |  step: 54631424, training/env_grad_trvar: 45.627 +/- 0.000
2025-11-17 07:19:14 INFO    |  step: 54631424, training/env_rb_bias_squared: 11.900 +/- 0.000
2025-11-17 07:19:14 INFO    |  step: 54631424, training/log_alpha: -4.598 +/- 0.000
2025-11-17 07:19:14 INFO    |  step: 54631424, training/num_env_samples: 250.048 +/- 0.000
2025-11-17 07:19:14 INFO    |  step: 54631424, training/num_rb_samples: 5.952 +/- 0.000
2025-11-17 07:19:14 INFO    |  step: 54631424, training/rb_grad_mean_norm: 2.962 +/- 0.000
2025-11-17 07:19:14 INFO    |  step: 54631424, training/rb_grad_trvar: 40.824 +/- 0.000
2025-11-17 07:19:14 INFO    |  step: 54631424, eval/episode_reward: 339.602 +/- 0.000
2025-11-17 07:19:14 INFO    |  step: 54631424, eval/episode_success: 339.602 +/- 0.000
2025-11-17 07:19:14 INFO    |  step: 54631424, eval/episode_success_easy: 569.430 +/- 0.000
2025-11-17 07:19:14 INFO    |  step: 54631424, eval/episode_dist: 2507.189 +/- 0.000
2025-11-17 07:19:14 INFO    |  step: 54631424, eval/episode_success_any: 0.664 +/- 0.000
2025-11-17 07:19:14 INFO    |  step: 54631424, eval/episode_reward_ctrl: 0.000 +/- 0.000
2025-11-17 07:19:14 INFO    |  step: 54631424, eval/episode_reward_dist: 0.000 +/- 0.000
2025-11-17 07:19:14 INFO    |  step: 54631424, eval/episode_reward_near: 0.000 +/- 0.000
2025-11-17 07:19:14 INFO    |  step: 54631424, eval/episode_reward_survive: 0.000 +/- 0.000
2025-11-17 07:19:14 INFO    |  step: 54631424, eval/episode_success_hard: 0.000 +/- 0.000
2025-11-17 07:19:34 INFO    |  actor input shape: (10000, 31)
2025-11-17 07:19:34 INFO    |  encoder input shape: (10000, 37)
2025-11-17 07:19:34 INFO    |  encoder input shape: (10000, 2)
2025-11-17 07:19:34 INFO    |  actor input shape: (10000, 31)
2025-11-17 07:19:34 INFO    |  encoder input shape: (10000, 37)
2025-11-17 07:19:34 INFO    |  encoder input shape: (10000, 2)
2025-11-17 07:19:34 INFO    |  actor input shape: (10000, 31)
2025-11-17 07:19:34 INFO    |  encoder input shape: (10000, 37)
2025-11-17 07:19:34 INFO    |  encoder input shape: (10000, 2)
2025-11-17 07:19:34 INFO    |  Plotted visualizations at env step 55028224.0
2025-11-17 07:19:36 INFO    |  step: 55028224
2025-11-17 07:19:36 INFO    |  step: 55028224, training/sps: 19872.515 +/- 0.000
2025-11-17 07:19:36 INFO    |  step: 55028224, training/actor_loss: 1.765 +/- 0.000
2025-11-17 07:19:36 INFO    |  step: 55028224, training/adaptive_mixing: 0.004 +/- 0.000
2025-11-17 07:19:36 INFO    |  step: 55028224, training/alpha_loss: -0.000 +/- 0.000
2025-11-17 07:19:36 INFO    |  step: 55028224, training/critic_loss: 1.759 +/- 0.000
2025-11-17 07:19:36 INFO    |  step: 55028224, training/entropy: -4.002 +/- 0.000
2025-11-17 07:19:36 INFO    |  step: 55028224, training/env_grad_mean_norm: 0.450 +/- 0.000
2025-11-17 07:19:36 INFO    |  step: 55028224, training/env_grad_trvar: 45.549 +/- 0.000
2025-11-17 07:19:36 INFO    |  step: 55028224, training/env_rb_bias_squared: 12.655 +/- 0.000
2025-11-17 07:19:36 INFO    |  step: 55028224, training/log_alpha: -4.598 +/- 0.000
2025-11-17 07:19:36 INFO    |  step: 55028224, training/num_env_samples: 250.554 +/- 0.000
2025-11-17 07:19:36 INFO    |  step: 55028224, training/num_rb_samples: 5.446 +/- 0.000
2025-11-17 07:19:36 INFO    |  step: 55028224, training/rb_grad_mean_norm: 3.074 +/- 0.000
2025-11-17 07:19:36 INFO    |  step: 55028224, training/rb_grad_trvar: 39.300 +/- 0.000
2025-11-17 07:19:36 INFO    |  step: 55028224, eval/episode_reward: 300.719 +/- 0.000
2025-11-17 07:19:36 INFO    |  step: 55028224, eval/episode_success: 300.719 +/- 0.000
2025-11-17 07:19:36 INFO    |  step: 55028224, eval/episode_success_easy: 546.984 +/- 0.000
2025-11-17 07:19:36 INFO    |  step: 55028224, eval/episode_dist: 2395.866 +/- 0.000
2025-11-17 07:19:36 INFO    |  step: 55028224, eval/episode_success_any: 0.590 +/- 0.000
2025-11-17 07:19:36 INFO    |  step: 55028224, eval/episode_reward_ctrl: 0.000 +/- 0.000
2025-11-17 07:19:36 INFO    |  step: 55028224, eval/episode_reward_dist: 0.000 +/- 0.000
2025-11-17 07:19:36 INFO    |  step: 55028224, eval/episode_reward_near: 0.000 +/- 0.000
2025-11-17 07:19:36 INFO    |  step: 55028224, eval/episode_reward_survive: 0.000 +/- 0.000
2025-11-17 07:19:36 INFO    |  step: 55028224, eval/episode_success_hard: 0.000 +/- 0.000
2025-11-17 07:19:55 INFO    |  actor input shape: (10000, 31)
2025-11-17 07:19:55 INFO    |  encoder input shape: (10000, 37)
2025-11-17 07:19:55 INFO    |  encoder input shape: (10000, 2)
2025-11-17 07:19:56 INFO    |  actor input shape: (10000, 31)
2025-11-17 07:19:56 INFO    |  encoder input shape: (10000, 37)
2025-11-17 07:19:56 INFO    |  encoder input shape: (10000, 2)
2025-11-17 07:19:56 INFO    |  actor input shape: (10000, 31)
2025-11-17 07:19:56 INFO    |  encoder input shape: (10000, 37)
2025-11-17 07:19:56 INFO    |  encoder input shape: (10000, 2)
2025-11-17 07:19:56 INFO    |  Plotted visualizations at env step 55425024.0
2025-11-17 07:19:58 INFO    |  step: 55425024
2025-11-17 07:19:58 INFO    |  step: 55425024, training/sps: 19872.772 +/- 0.000
2025-11-17 07:19:58 INFO    |  step: 55425024, training/actor_loss: 1.760 +/- 0.000
2025-11-17 07:19:58 INFO    |  step: 55425024, training/adaptive_mixing: 0.024 +/- 0.000
2025-11-17 07:19:58 INFO    |  step: 55425024, training/alpha_loss: 0.000 +/- 0.000
2025-11-17 07:19:58 INFO    |  step: 55425024, training/critic_loss: 1.752 +/- 0.000
2025-11-17 07:19:58 INFO    |  step: 55425024, training/entropy: -4.000 +/- 0.000
2025-11-17 07:19:58 INFO    |  step: 55425024, training/env_grad_mean_norm: 0.449 +/- 0.000
2025-11-17 07:19:58 INFO    |  step: 55425024, training/env_grad_trvar: 45.580 +/- 0.000
2025-11-17 07:19:58 INFO    |  step: 55425024, training/env_rb_bias_squared: 19.051 +/- 0.000
2025-11-17 07:19:58 INFO    |  step: 55425024, training/log_alpha: -4.600 +/- 0.000
2025-11-17 07:19:58 INFO    |  step: 55425024, training/num_env_samples: 252.282 +/- 0.000
2025-11-17 07:19:58 INFO    |  step: 55425024, training/num_rb_samples: 3.718 +/- 0.000
2025-11-17 07:19:58 INFO    |  step: 55425024, training/rb_grad_mean_norm: 3.551 +/- 0.000
2025-11-17 07:19:58 INFO    |  step: 55425024, training/rb_grad_trvar: 32.657 +/- 0.000
2025-11-17 07:19:58 INFO    |  step: 55425024, eval/episode_reward: 334.570 +/- 0.000
2025-11-17 07:19:58 INFO    |  step: 55425024, eval/episode_success: 334.570 +/- 0.000
2025-11-17 07:19:58 INFO    |  step: 55425024, eval/episode_success_easy: 565.004 +/- 0.000
2025-11-17 07:19:58 INFO    |  step: 55425024, eval/episode_dist: 2222.338 +/- 0.000
2025-11-17 07:19:58 INFO    |  step: 55425024, eval/episode_success_any: 0.656 +/- 0.000
2025-11-17 07:19:58 INFO    |  step: 55425024, eval/episode_reward_ctrl: 0.000 +/- 0.000
2025-11-17 07:19:58 INFO    |  step: 55425024, eval/episode_reward_dist: 0.000 +/- 0.000
2025-11-17 07:19:58 INFO    |  step: 55425024, eval/episode_reward_near: 0.000 +/- 0.000
2025-11-17 07:19:58 INFO    |  step: 55425024, eval/episode_reward_survive: 0.000 +/- 0.000
2025-11-17 07:19:58 INFO    |  step: 55425024, eval/episode_success_hard: 0.000 +/- 0.000
2025-11-17 07:20:17 INFO    |  actor input shape: (10000, 31)
2025-11-17 07:20:17 INFO    |  encoder input shape: (10000, 37)
2025-11-17 07:20:17 INFO    |  encoder input shape: (10000, 2)
2025-11-17 07:20:17 INFO    |  actor input shape: (10000, 31)
2025-11-17 07:20:17 INFO    |  encoder input shape: (10000, 37)
2025-11-17 07:20:17 INFO    |  encoder input shape: (10000, 2)
2025-11-17 07:20:18 INFO    |  actor input shape: (10000, 31)
2025-11-17 07:20:18 INFO    |  encoder input shape: (10000, 37)
2025-11-17 07:20:18 INFO    |  encoder input shape: (10000, 2)
2025-11-17 07:20:18 INFO    |  Plotted visualizations at env step 55821824.0
2025-11-17 07:20:20 INFO    |  step: 55821824
2025-11-17 07:20:20 INFO    |  step: 55821824, training/sps: 19958.057 +/- 0.000
2025-11-17 07:20:20 INFO    |  step: 55821824, training/actor_loss: 1.754 +/- 0.000
2025-11-17 07:20:20 INFO    |  step: 55821824, training/adaptive_mixing: 0.043 +/- 0.000
2025-11-17 07:20:20 INFO    |  step: 55821824, training/alpha_loss: -0.000 +/- 0.000
2025-11-17 07:20:20 INFO    |  step: 55821824, training/critic_loss: 1.746 +/- 0.000
2025-11-17 07:20:20 INFO    |  step: 55821824, training/entropy: -4.000 +/- 0.000
2025-11-17 07:20:20 INFO    |  step: 55821824, training/env_grad_mean_norm: 0.455 +/- 0.000
2025-11-17 07:20:20 INFO    |  step: 55821824, training/env_grad_trvar: 46.638 +/- 0.000
2025-11-17 07:20:20 INFO    |  step: 55821824, training/env_rb_bias_squared: 19.558 +/- 0.000
2025-11-17 07:20:20 INFO    |  step: 55821824, training/log_alpha: -4.598 +/- 0.000
2025-11-17 07:20:20 INFO    |  step: 55821824, training/num_env_samples: 252.663 +/- 0.000
2025-11-17 07:20:20 INFO    |  step: 55821824, training/num_rb_samples: 3.337 +/- 0.000
2025-11-17 07:20:20 INFO    |  step: 55821824, training/rb_grad_mean_norm: 3.672 +/- 0.000
2025-11-17 07:20:20 INFO    |  step: 55821824, training/rb_grad_trvar: 30.506 +/- 0.000
2025-11-17 07:20:20 INFO    |  step: 55821824, eval/episode_reward: 360.250 +/- 0.000
2025-11-17 07:20:20 INFO    |  step: 55821824, eval/episode_success: 360.250 +/- 0.000
2025-11-17 07:20:20 INFO    |  step: 55821824, eval/episode_success_easy: 567.090 +/- 0.000
2025-11-17 07:20:20 INFO    |  step: 55821824, eval/episode_dist: 2501.526 +/- 0.000
2025-11-17 07:20:20 INFO    |  step: 55821824, eval/episode_success_any: 0.652 +/- 0.000
2025-11-17 07:20:20 INFO    |  step: 55821824, eval/episode_reward_ctrl: 0.000 +/- 0.000
2025-11-17 07:20:20 INFO    |  step: 55821824, eval/episode_reward_dist: 0.000 +/- 0.000
2025-11-17 07:20:20 INFO    |  step: 55821824, eval/episode_reward_near: 0.000 +/- 0.000
2025-11-17 07:20:20 INFO    |  step: 55821824, eval/episode_reward_survive: 0.000 +/- 0.000
2025-11-17 07:20:20 INFO    |  step: 55821824, eval/episode_success_hard: 0.000 +/- 0.000
2025-11-17 07:20:39 INFO    |  actor input shape: (10000, 31)
2025-11-17 07:20:39 INFO    |  encoder input shape: (10000, 37)
2025-11-17 07:20:39 INFO    |  encoder input shape: (10000, 2)
2025-11-17 07:20:39 INFO    |  actor input shape: (10000, 31)
2025-11-17 07:20:39 INFO    |  encoder input shape: (10000, 37)
2025-11-17 07:20:39 INFO    |  encoder input shape: (10000, 2)
2025-11-17 07:20:39 INFO    |  actor input shape: (10000, 31)
2025-11-17 07:20:39 INFO    |  encoder input shape: (10000, 37)
2025-11-17 07:20:39 INFO    |  encoder input shape: (10000, 2)
2025-11-17 07:20:39 INFO    |  Plotted visualizations at env step 56218624.0
2025-11-17 07:20:41 INFO    |  step: 56218624
2025-11-17 07:20:43 INFO    |  actor input shape: (1, 31)
2025-11-17 07:21:01 INFO    |  step: 56218624, training/sps: 20080.737 +/- 0.000
2025-11-17 07:21:01 INFO    |  step: 56218624, training/actor_loss: 1.755 +/- 0.000
2025-11-17 07:21:01 INFO    |  step: 56218624, training/adaptive_mixing: 0.007 +/- 0.000
2025-11-17 07:21:01 INFO    |  step: 56218624, training/alpha_loss: 0.000 +/- 0.000
2025-11-17 07:21:01 INFO    |  step: 56218624, training/critic_loss: 1.745 +/- 0.000
2025-11-17 07:21:01 INFO    |  step: 56218624, training/entropy: -3.999 +/- 0.000
2025-11-17 07:21:01 INFO    |  step: 56218624, training/env_grad_mean_norm: 0.453 +/- 0.000
2025-11-17 07:21:01 INFO    |  step: 56218624, training/env_grad_trvar: 46.133 +/- 0.000
2025-11-17 07:21:01 INFO    |  step: 56218624, training/env_rb_bias_squared: 15.118 +/- 0.000
2025-11-17 07:21:01 INFO    |  step: 56218624, training/log_alpha: -4.608 +/- 0.000
2025-11-17 07:21:01 INFO    |  step: 56218624, training/num_env_samples: 251.432 +/- 0.000
2025-11-17 07:21:01 INFO    |  step: 56218624, training/num_rb_samples: 4.568 +/- 0.000
2025-11-17 07:21:01 INFO    |  step: 56218624, training/rb_grad_mean_norm: 3.316 +/- 0.000
2025-11-17 07:21:01 INFO    |  step: 56218624, training/rb_grad_trvar: 36.511 +/- 0.000
2025-11-17 07:21:01 INFO    |  step: 56218624, eval/episode_reward: 360.750 +/- 0.000
2025-11-17 07:21:01 INFO    |  step: 56218624, eval/episode_success: 360.750 +/- 0.000
2025-11-17 07:21:01 INFO    |  step: 56218624, eval/episode_success_easy: 586.359 +/- 0.000
2025-11-17 07:21:01 INFO    |  step: 56218624, eval/episode_dist: 2212.944 +/- 0.000
2025-11-17 07:21:01 INFO    |  step: 56218624, eval/episode_success_any: 0.648 +/- 0.000
2025-11-17 07:21:01 INFO    |  step: 56218624, eval/episode_reward_ctrl: 0.000 +/- 0.000
2025-11-17 07:21:01 INFO    |  step: 56218624, eval/episode_reward_dist: 0.000 +/- 0.000
2025-11-17 07:21:01 INFO    |  step: 56218624, eval/episode_reward_near: 0.000 +/- 0.000
2025-11-17 07:21:01 INFO    |  step: 56218624, eval/episode_reward_survive: 0.000 +/- 0.000
2025-11-17 07:21:01 INFO    |  step: 56218624, eval/episode_success_hard: 0.000 +/- 0.000
2025-11-17 07:21:20 INFO    |  actor input shape: (10000, 31)
2025-11-17 07:21:21 INFO    |  encoder input shape: (10000, 37)
2025-11-17 07:21:21 INFO    |  encoder input shape: (10000, 2)
2025-11-17 07:21:21 INFO    |  actor input shape: (10000, 31)
2025-11-17 07:21:21 INFO    |  encoder input shape: (10000, 37)
2025-11-17 07:21:21 INFO    |  encoder input shape: (10000, 2)
2025-11-17 07:21:21 INFO    |  actor input shape: (10000, 31)
2025-11-17 07:21:21 INFO    |  encoder input shape: (10000, 37)
2025-11-17 07:21:21 INFO    |  encoder input shape: (10000, 2)
2025-11-17 07:21:21 INFO    |  Plotted visualizations at env step 56615424.0
2025-11-17 07:21:23 INFO    |  step: 56615424
2025-11-17 07:21:23 INFO    |  step: 56615424, training/sps: 19802.558 +/- 0.000
2025-11-17 07:21:23 INFO    |  step: 56615424, training/actor_loss: 1.754 +/- 0.000
2025-11-17 07:21:23 INFO    |  step: 56615424, training/adaptive_mixing: 0.005 +/- 0.000
2025-11-17 07:21:23 INFO    |  step: 56615424, training/alpha_loss: -0.000 +/- 0.000
2025-11-17 07:21:23 INFO    |  step: 56615424, training/critic_loss: 1.744 +/- 0.000
2025-11-17 07:21:23 INFO    |  step: 56615424, training/entropy: -4.001 +/- 0.000
2025-11-17 07:21:23 INFO    |  step: 56615424, training/env_grad_mean_norm: 0.452 +/- 0.000
2025-11-17 07:21:23 INFO    |  step: 56615424, training/env_grad_trvar: 46.168 +/- 0.000
2025-11-17 07:21:23 INFO    |  step: 56615424, training/env_rb_bias_squared: 14.265 +/- 0.000
2025-11-17 07:21:23 INFO    |  step: 56615424, training/log_alpha: -4.600 +/- 0.000
2025-11-17 07:21:23 INFO    |  step: 56615424, training/num_env_samples: 251.276 +/- 0.000
2025-11-17 07:21:23 INFO    |  step: 56615424, training/num_rb_samples: 4.724 +/- 0.000
2025-11-17 07:21:23 INFO    |  step: 56615424, training/rb_grad_mean_norm: 3.253 +/- 0.000
2025-11-17 07:21:23 INFO    |  step: 56615424, training/rb_grad_trvar: 36.968 +/- 0.000
2025-11-17 07:21:23 INFO    |  step: 56615424, eval/episode_reward: 416.824 +/- 0.000
2025-11-17 07:21:23 INFO    |  step: 56615424, eval/episode_success: 416.824 +/- 0.000
2025-11-17 07:21:23 INFO    |  step: 56615424, eval/episode_success_easy: 641.016 +/- 0.000
2025-11-17 07:21:23 INFO    |  step: 56615424, eval/episode_dist: 2044.198 +/- 0.000
2025-11-17 07:21:23 INFO    |  step: 56615424, eval/episode_success_any: 0.719 +/- 0.000
2025-11-17 07:21:23 INFO    |  step: 56615424, eval/episode_reward_ctrl: 0.000 +/- 0.000
2025-11-17 07:21:23 INFO    |  step: 56615424, eval/episode_reward_dist: 0.000 +/- 0.000
2025-11-17 07:21:23 INFO    |  step: 56615424, eval/episode_reward_near: 0.000 +/- 0.000
2025-11-17 07:21:23 INFO    |  step: 56615424, eval/episode_reward_survive: 0.000 +/- 0.000
2025-11-17 07:21:23 INFO    |  step: 56615424, eval/episode_success_hard: 0.000 +/- 0.000
2025-11-17 07:21:42 INFO    |  actor input shape: (10000, 31)
2025-11-17 07:21:42 INFO    |  encoder input shape: (10000, 37)
2025-11-17 07:21:42 INFO    |  encoder input shape: (10000, 2)
2025-11-17 07:21:43 INFO    |  actor input shape: (10000, 31)
2025-11-17 07:21:43 INFO    |  encoder input shape: (10000, 37)
2025-11-17 07:21:43 INFO    |  encoder input shape: (10000, 2)
2025-11-17 07:21:43 INFO    |  actor input shape: (10000, 31)
2025-11-17 07:21:43 INFO    |  encoder input shape: (10000, 37)
2025-11-17 07:21:43 INFO    |  encoder input shape: (10000, 2)
2025-11-17 07:21:43 INFO    |  Plotted visualizations at env step 57012224.0
2025-11-17 07:21:45 INFO    |  step: 57012224
2025-11-17 07:21:45 INFO    |  step: 57012224, training/sps: 19886.433 +/- 0.000
2025-11-17 07:21:45 INFO    |  step: 57012224, training/actor_loss: 1.748 +/- 0.000
2025-11-17 07:21:45 INFO    |  step: 57012224, training/adaptive_mixing: 0.007 +/- 0.000
2025-11-17 07:21:45 INFO    |  step: 57012224, training/alpha_loss: 0.000 +/- 0.000
2025-11-17 07:21:45 INFO    |  step: 57012224, training/critic_loss: 1.739 +/- 0.000
2025-11-17 07:21:45 INFO    |  step: 57012224, training/entropy: -4.000 +/- 0.000
2025-11-17 07:21:45 INFO    |  step: 57012224, training/env_grad_mean_norm: 0.454 +/- 0.000
2025-11-17 07:21:45 INFO    |  step: 57012224, training/env_grad_trvar: 46.219 +/- 0.000
2025-11-17 07:21:45 INFO    |  step: 57012224, training/env_rb_bias_squared: 15.689 +/- 0.000
2025-11-17 07:21:45 INFO    |  step: 57012224, training/log_alpha: -4.598 +/- 0.000
2025-11-17 07:21:45 INFO    |  step: 57012224, training/num_env_samples: 251.500 +/- 0.000
2025-11-17 07:21:45 INFO    |  step: 57012224, training/num_rb_samples: 4.500 +/- 0.000
2025-11-17 07:21:45 INFO    |  step: 57012224, training/rb_grad_mean_norm: 3.385 +/- 0.000
2025-11-17 07:21:45 INFO    |  step: 57012224, training/rb_grad_trvar: 37.349 +/- 0.000
2025-11-17 07:21:45 INFO    |  step: 57012224, eval/episode_reward: 317.945 +/- 0.000
2025-11-17 07:21:45 INFO    |  step: 57012224, eval/episode_success: 317.945 +/- 0.000
2025-11-17 07:21:45 INFO    |  step: 57012224, eval/episode_success_easy: 535.078 +/- 0.000
2025-11-17 07:21:45 INFO    |  step: 57012224, eval/episode_dist: 2838.339 +/- 0.000
2025-11-17 07:21:45 INFO    |  step: 57012224, eval/episode_success_any: 0.594 +/- 0.000
2025-11-17 07:21:45 INFO    |  step: 57012224, eval/episode_reward_ctrl: 0.000 +/- 0.000
2025-11-17 07:21:45 INFO    |  step: 57012224, eval/episode_reward_dist: 0.000 +/- 0.000
2025-11-17 07:21:45 INFO    |  step: 57012224, eval/episode_reward_near: 0.000 +/- 0.000
2025-11-17 07:21:45 INFO    |  step: 57012224, eval/episode_reward_survive: 0.000 +/- 0.000
2025-11-17 07:21:45 INFO    |  step: 57012224, eval/episode_success_hard: 0.000 +/- 0.000
2025-11-17 07:22:04 INFO    |  actor input shape: (10000, 31)
2025-11-17 07:22:04 INFO    |  encoder input shape: (10000, 37)
2025-11-17 07:22:04 INFO    |  encoder input shape: (10000, 2)
2025-11-17 07:22:04 INFO    |  actor input shape: (10000, 31)
2025-11-17 07:22:04 INFO    |  encoder input shape: (10000, 37)
2025-11-17 07:22:04 INFO    |  encoder input shape: (10000, 2)
2025-11-17 07:22:05 INFO    |  actor input shape: (10000, 31)
2025-11-17 07:22:05 INFO    |  encoder input shape: (10000, 37)
2025-11-17 07:22:05 INFO    |  encoder input shape: (10000, 2)
2025-11-17 07:22:05 INFO    |  Plotted visualizations at env step 57409024.0
2025-11-17 07:22:07 INFO    |  step: 57409024
2025-11-17 07:22:07 INFO    |  step: 57409024, training/sps: 19966.720 +/- 0.000
2025-11-17 07:22:07 INFO    |  step: 57409024, training/actor_loss: 1.745 +/- 0.000
2025-11-17 07:22:07 INFO    |  step: 57409024, training/adaptive_mixing: 0.023 +/- 0.000
2025-11-17 07:22:07 INFO    |  step: 57409024, training/alpha_loss: 0.000 +/- 0.000
2025-11-17 07:22:07 INFO    |  step: 57409024, training/critic_loss: 1.732 +/- 0.000
2025-11-17 07:22:07 INFO    |  step: 57409024, training/entropy: -3.999 +/- 0.000
2025-11-17 07:22:07 INFO    |  step: 57409024, training/env_grad_mean_norm: 0.456 +/- 0.000
2025-11-17 07:22:07 INFO    |  step: 57409024, training/env_grad_trvar: 46.727 +/- 0.000
2025-11-17 07:22:07 INFO    |  step: 57409024, training/env_rb_bias_squared: 15.364 +/- 0.000
2025-11-17 07:22:07 INFO    |  step: 57409024, training/log_alpha: -4.597 +/- 0.000
2025-11-17 07:22:07 INFO    |  step: 57409024, training/num_env_samples: 251.503 +/- 0.000
2025-11-17 07:22:07 INFO    |  step: 57409024, training/num_rb_samples: 4.497 +/- 0.000
2025-11-17 07:22:07 INFO    |  step: 57409024, training/rb_grad_mean_norm: 3.340 +/- 0.000
2025-11-17 07:22:07 INFO    |  step: 57409024, training/rb_grad_trvar: 36.503 +/- 0.000
2025-11-17 07:22:07 INFO    |  step: 57409024, eval/episode_reward: 349.531 +/- 0.000
2025-11-17 07:22:07 INFO    |  step: 57409024, eval/episode_success: 349.531 +/- 0.000
2025-11-17 07:22:07 INFO    |  step: 57409024, eval/episode_success_easy: 591.684 +/- 0.000
2025-11-17 07:22:07 INFO    |  step: 57409024, eval/episode_dist: 2285.023 +/- 0.000
2025-11-17 07:22:07 INFO    |  step: 57409024, eval/episode_success_any: 0.660 +/- 0.000
2025-11-17 07:22:07 INFO    |  step: 57409024, eval/episode_reward_ctrl: 0.000 +/- 0.000
2025-11-17 07:22:07 INFO    |  step: 57409024, eval/episode_reward_dist: 0.000 +/- 0.000
2025-11-17 07:22:07 INFO    |  step: 57409024, eval/episode_reward_near: 0.000 +/- 0.000
2025-11-17 07:22:07 INFO    |  step: 57409024, eval/episode_reward_survive: 0.000 +/- 0.000
2025-11-17 07:22:07 INFO    |  step: 57409024, eval/episode_success_hard: 0.000 +/- 0.000
2025-11-17 07:22:26 INFO    |  actor input shape: (10000, 31)
2025-11-17 07:22:26 INFO    |  encoder input shape: (10000, 37)
2025-11-17 07:22:26 INFO    |  encoder input shape: (10000, 2)
2025-11-17 07:22:26 INFO    |  actor input shape: (10000, 31)
2025-11-17 07:22:26 INFO    |  encoder input shape: (10000, 37)
2025-11-17 07:22:26 INFO    |  encoder input shape: (10000, 2)
2025-11-17 07:22:26 INFO    |  actor input shape: (10000, 31)
2025-11-17 07:22:26 INFO    |  encoder input shape: (10000, 37)
2025-11-17 07:22:26 INFO    |  encoder input shape: (10000, 2)
2025-11-17 07:22:26 INFO    |  Plotted visualizations at env step 57805824.0
2025-11-17 07:22:28 INFO    |  step: 57805824
2025-11-17 07:22:28 INFO    |  step: 57805824, training/sps: 19965.454 +/- 0.000
2025-11-17 07:22:28 INFO    |  step: 57805824, training/actor_loss: 1.747 +/- 0.000
2025-11-17 07:22:28 INFO    |  step: 57805824, training/adaptive_mixing: 0.004 +/- 0.000
2025-11-17 07:22:28 INFO    |  step: 57805824, training/alpha_loss: -0.000 +/- 0.000
2025-11-17 07:22:28 INFO    |  step: 57805824, training/critic_loss: 1.735 +/- 0.000
2025-11-17 07:22:28 INFO    |  step: 57805824, training/entropy: -4.001 +/- 0.000
2025-11-17 07:22:28 INFO    |  step: 57805824, training/env_grad_mean_norm: 0.450 +/- 0.000
2025-11-17 07:22:28 INFO    |  step: 57805824, training/env_grad_trvar: 45.454 +/- 0.000
2025-11-17 07:22:28 INFO    |  step: 57805824, training/env_rb_bias_squared: 14.345 +/- 0.000
2025-11-17 07:22:28 INFO    |  step: 57805824, training/log_alpha: -4.610 +/- 0.000
2025-11-17 07:22:28 INFO    |  step: 57805824, training/num_env_samples: 251.223 +/- 0.000
2025-11-17 07:22:28 INFO    |  step: 57805824, training/num_rb_samples: 4.777 +/- 0.000
2025-11-17 07:22:28 INFO    |  step: 57805824, training/rb_grad_mean_norm: 3.278 +/- 0.000
2025-11-17 07:22:28 INFO    |  step: 57805824, training/rb_grad_trvar: 37.918 +/- 0.000
2025-11-17 07:22:28 INFO    |  step: 57805824, eval/episode_reward: 344.707 +/- 0.000
2025-11-17 07:22:28 INFO    |  step: 57805824, eval/episode_success: 344.707 +/- 0.000
2025-11-17 07:22:28 INFO    |  step: 57805824, eval/episode_success_easy: 556.941 +/- 0.000
2025-11-17 07:22:28 INFO    |  step: 57805824, eval/episode_dist: 2166.554 +/- 0.000
2025-11-17 07:22:28 INFO    |  step: 57805824, eval/episode_success_any: 0.609 +/- 0.000
2025-11-17 07:22:28 INFO    |  step: 57805824, eval/episode_reward_ctrl: 0.000 +/- 0.000
2025-11-17 07:22:28 INFO    |  step: 57805824, eval/episode_reward_dist: 0.000 +/- 0.000
2025-11-17 07:22:28 INFO    |  step: 57805824, eval/episode_reward_near: 0.000 +/- 0.000
2025-11-17 07:22:28 INFO    |  step: 57805824, eval/episode_reward_survive: 0.000 +/- 0.000
2025-11-17 07:22:28 INFO    |  step: 57805824, eval/episode_success_hard: 0.000 +/- 0.000
2025-11-17 07:22:47 INFO    |  actor input shape: (10000, 31)
2025-11-17 07:22:47 INFO    |  encoder input shape: (10000, 37)
2025-11-17 07:22:47 INFO    |  encoder input shape: (10000, 2)
2025-11-17 07:22:48 INFO    |  actor input shape: (10000, 31)
2025-11-17 07:22:48 INFO    |  encoder input shape: (10000, 37)
2025-11-17 07:22:48 INFO    |  encoder input shape: (10000, 2)
2025-11-17 07:22:48 INFO    |  actor input shape: (10000, 31)
2025-11-17 07:22:48 INFO    |  encoder input shape: (10000, 37)
2025-11-17 07:22:48 INFO    |  encoder input shape: (10000, 2)
2025-11-17 07:22:48 INFO    |  Plotted visualizations at env step 58202624.0
2025-11-17 07:22:50 INFO    |  step: 58202624
2025-11-17 07:22:52 INFO    |  actor input shape: (1, 31)
2025-11-17 07:23:11 INFO    |  step: 58202624, training/sps: 19974.803 +/- 0.000
2025-11-17 07:23:11 INFO    |  step: 58202624, training/actor_loss: 1.744 +/- 0.000
2025-11-17 07:23:11 INFO    |  step: 58202624, training/adaptive_mixing: 0.027 +/- 0.000
2025-11-17 07:23:11 INFO    |  step: 58202624, training/alpha_loss: 0.000 +/- 0.000
2025-11-17 07:23:11 INFO    |  step: 58202624, training/critic_loss: 1.739 +/- 0.000
2025-11-17 07:23:11 INFO    |  step: 58202624, training/entropy: -4.000 +/- 0.000
2025-11-17 07:23:11 INFO    |  step: 58202624, training/env_grad_mean_norm: 0.455 +/- 0.000
2025-11-17 07:23:11 INFO    |  step: 58202624, training/env_grad_trvar: 46.532 +/- 0.000
2025-11-17 07:23:11 INFO    |  step: 58202624, training/env_rb_bias_squared: 17.182 +/- 0.000
2025-11-17 07:23:11 INFO    |  step: 58202624, training/log_alpha: -4.591 +/- 0.000
2025-11-17 07:23:11 INFO    |  step: 58202624, training/num_env_samples: 251.924 +/- 0.000
2025-11-17 07:23:11 INFO    |  step: 58202624, training/num_rb_samples: 4.076 +/- 0.000
2025-11-17 07:23:11 INFO    |  step: 58202624, training/rb_grad_mean_norm: 3.475 +/- 0.000
2025-11-17 07:23:11 INFO    |  step: 58202624, training/rb_grad_trvar: 35.089 +/- 0.000
2025-11-17 07:23:11 INFO    |  step: 58202624, eval/episode_reward: 321.320 +/- 0.000
2025-11-17 07:23:11 INFO    |  step: 58202624, eval/episode_success: 321.320 +/- 0.000
2025-11-17 07:23:11 INFO    |  step: 58202624, eval/episode_success_easy: 577.070 +/- 0.000
2025-11-17 07:23:11 INFO    |  step: 58202624, eval/episode_dist: 2246.338 +/- 0.000
2025-11-17 07:23:11 INFO    |  step: 58202624, eval/episode_success_any: 0.656 +/- 0.000
2025-11-17 07:23:11 INFO    |  step: 58202624, eval/episode_reward_ctrl: 0.000 +/- 0.000
2025-11-17 07:23:11 INFO    |  step: 58202624, eval/episode_reward_dist: 0.000 +/- 0.000
2025-11-17 07:23:11 INFO    |  step: 58202624, eval/episode_reward_near: 0.000 +/- 0.000
2025-11-17 07:23:11 INFO    |  step: 58202624, eval/episode_reward_survive: 0.000 +/- 0.000
2025-11-17 07:23:11 INFO    |  step: 58202624, eval/episode_success_hard: 0.000 +/- 0.000
2025-11-17 07:23:30 INFO    |  actor input shape: (10000, 31)
2025-11-17 07:23:30 INFO    |  encoder input shape: (10000, 37)
2025-11-17 07:23:30 INFO    |  encoder input shape: (10000, 2)
2025-11-17 07:23:30 INFO    |  actor input shape: (10000, 31)
2025-11-17 07:23:30 INFO    |  encoder input shape: (10000, 37)
2025-11-17 07:23:30 INFO    |  encoder input shape: (10000, 2)
2025-11-17 07:23:30 INFO    |  actor input shape: (10000, 31)
2025-11-17 07:23:30 INFO    |  encoder input shape: (10000, 37)
2025-11-17 07:23:30 INFO    |  encoder input shape: (10000, 2)
2025-11-17 07:23:30 INFO    |  Plotted visualizations at env step 58599424.0
2025-11-17 07:23:32 INFO    |  step: 58599424
2025-11-17 07:23:32 INFO    |  step: 58599424, training/sps: 19918.016 +/- 0.000
2025-11-17 07:23:32 INFO    |  step: 58599424, training/actor_loss: 1.742 +/- 0.000
2025-11-17 07:23:32 INFO    |  step: 58599424, training/adaptive_mixing: 0.024 +/- 0.000
2025-11-17 07:23:32 INFO    |  step: 58599424, training/alpha_loss: 0.000 +/- 0.000
2025-11-17 07:23:32 INFO    |  step: 58599424, training/critic_loss: 1.737 +/- 0.000
2025-11-17 07:23:32 INFO    |  step: 58599424, training/entropy: -3.999 +/- 0.000
2025-11-17 07:23:32 INFO    |  step: 58599424, training/env_grad_mean_norm: 0.456 +/- 0.000
2025-11-17 07:23:32 INFO    |  step: 58599424, training/env_grad_trvar: 46.786 +/- 0.000
2025-11-17 07:23:32 INFO    |  step: 58599424, training/env_rb_bias_squared: 19.029 +/- 0.000
2025-11-17 07:23:32 INFO    |  step: 58599424, training/log_alpha: -4.590 +/- 0.000
2025-11-17 07:23:32 INFO    |  step: 58599424, training/num_env_samples: 252.626 +/- 0.000
2025-11-17 07:23:32 INFO    |  step: 58599424, training/num_rb_samples: 3.374 +/- 0.000
2025-11-17 07:23:32 INFO    |  step: 58599424, training/rb_grad_mean_norm: 3.627 +/- 0.000
2025-11-17 07:23:32 INFO    |  step: 58599424, training/rb_grad_trvar: 28.904 +/- 0.000
2025-11-17 07:23:32 INFO    |  step: 58599424, eval/episode_reward: 352.961 +/- 0.000
2025-11-17 07:23:32 INFO    |  step: 58599424, eval/episode_success: 352.961 +/- 0.000
2025-11-17 07:23:32 INFO    |  step: 58599424, eval/episode_success_easy: 616.539 +/- 0.000
2025-11-17 07:23:32 INFO    |  step: 58599424, eval/episode_dist: 1926.292 +/- 0.000
2025-11-17 07:23:32 INFO    |  step: 58599424, eval/episode_success_any: 0.688 +/- 0.000
2025-11-17 07:23:32 INFO    |  step: 58599424, eval/episode_reward_ctrl: 0.000 +/- 0.000
2025-11-17 07:23:32 INFO    |  step: 58599424, eval/episode_reward_dist: 0.000 +/- 0.000
2025-11-17 07:23:32 INFO    |  step: 58599424, eval/episode_reward_near: 0.000 +/- 0.000
2025-11-17 07:23:32 INFO    |  step: 58599424, eval/episode_reward_survive: 0.000 +/- 0.000
2025-11-17 07:23:32 INFO    |  step: 58599424, eval/episode_success_hard: 0.000 +/- 0.000
2025-11-17 07:23:51 INFO    |  actor input shape: (10000, 31)
2025-11-17 07:23:51 INFO    |  encoder input shape: (10000, 37)
2025-11-17 07:23:52 INFO    |  encoder input shape: (10000, 2)
2025-11-17 07:23:52 INFO    |  actor input shape: (10000, 31)
2025-11-17 07:23:52 INFO    |  encoder input shape: (10000, 37)
2025-11-17 07:23:52 INFO    |  encoder input shape: (10000, 2)
2025-11-17 07:23:52 INFO    |  actor input shape: (10000, 31)
2025-11-17 07:23:52 INFO    |  encoder input shape: (10000, 37)
2025-11-17 07:23:52 INFO    |  encoder input shape: (10000, 2)
2025-11-17 07:23:52 INFO    |  Plotted visualizations at env step 58996224.0
2025-11-17 07:23:54 INFO    |  step: 58996224
2025-11-17 07:23:54 INFO    |  step: 58996224, training/sps: 19811.980 +/- 0.000
2025-11-17 07:23:54 INFO    |  step: 58996224, training/actor_loss: 1.750 +/- 0.000
2025-11-17 07:23:54 INFO    |  step: 58996224, training/adaptive_mixing: 0.024 +/- 0.000
2025-11-17 07:23:54 INFO    |  step: 58996224, training/alpha_loss: 0.000 +/- 0.000
2025-11-17 07:23:54 INFO    |  step: 58996224, training/critic_loss: 1.745 +/- 0.000
2025-11-17 07:23:54 INFO    |  step: 58996224, training/entropy: -3.999 +/- 0.000
2025-11-17 07:23:54 INFO    |  step: 58996224, training/env_grad_mean_norm: 0.454 +/- 0.000
2025-11-17 07:23:54 INFO    |  step: 58996224, training/env_grad_trvar: 46.145 +/- 0.000
2025-11-17 07:23:54 INFO    |  step: 58996224, training/env_rb_bias_squared: 16.422 +/- 0.000
2025-11-17 07:23:54 INFO    |  step: 58996224, training/log_alpha: -4.592 +/- 0.000
2025-11-17 07:23:54 INFO    |  step: 58996224, training/num_env_samples: 251.722 +/- 0.000
2025-11-17 07:23:54 INFO    |  step: 58996224, training/num_rb_samples: 4.278 +/- 0.000
2025-11-17 07:23:54 INFO    |  step: 58996224, training/rb_grad_mean_norm: 3.442 +/- 0.000
2025-11-17 07:23:54 INFO    |  step: 58996224, training/rb_grad_trvar: 35.699 +/- 0.000
2025-11-17 07:23:54 INFO    |  step: 58996224, eval/episode_reward: 311.820 +/- 0.000
2025-11-17 07:23:54 INFO    |  step: 58996224, eval/episode_success: 311.820 +/- 0.000
2025-11-17 07:23:54 INFO    |  step: 58996224, eval/episode_success_easy: 538.566 +/- 0.000
2025-11-17 07:23:54 INFO    |  step: 58996224, eval/episode_dist: 2607.211 +/- 0.000
2025-11-17 07:23:54 INFO    |  step: 58996224, eval/episode_success_any: 0.605 +/- 0.000
2025-11-17 07:23:54 INFO    |  step: 58996224, eval/episode_reward_ctrl: 0.000 +/- 0.000
2025-11-17 07:23:54 INFO    |  step: 58996224, eval/episode_reward_dist: 0.000 +/- 0.000
2025-11-17 07:23:54 INFO    |  step: 58996224, eval/episode_reward_near: 0.000 +/- 0.000
2025-11-17 07:23:54 INFO    |  step: 58996224, eval/episode_reward_survive: 0.000 +/- 0.000
2025-11-17 07:23:54 INFO    |  step: 58996224, eval/episode_success_hard: 0.000 +/- 0.000
2025-11-17 07:24:13 INFO    |  actor input shape: (10000, 31)
2025-11-17 07:24:13 INFO    |  encoder input shape: (10000, 37)
2025-11-17 07:24:13 INFO    |  encoder input shape: (10000, 2)
2025-11-17 07:24:13 INFO    |  actor input shape: (10000, 31)
2025-11-17 07:24:13 INFO    |  encoder input shape: (10000, 37)
2025-11-17 07:24:13 INFO    |  encoder input shape: (10000, 2)
2025-11-17 07:24:14 INFO    |  actor input shape: (10000, 31)
2025-11-17 07:24:14 INFO    |  encoder input shape: (10000, 37)
2025-11-17 07:24:14 INFO    |  encoder input shape: (10000, 2)
2025-11-17 07:24:14 INFO    |  Plotted visualizations at env step 59393024.0
2025-11-17 07:24:16 INFO    |  step: 59393024
2025-11-17 07:24:16 INFO    |  step: 59393024, training/sps: 20090.298 +/- 0.000
2025-11-17 07:24:16 INFO    |  step: 59393024, training/actor_loss: 1.756 +/- 0.000
2025-11-17 07:24:16 INFO    |  step: 59393024, training/adaptive_mixing: 0.007 +/- 0.000
2025-11-17 07:24:16 INFO    |  step: 59393024, training/alpha_loss: -0.000 +/- 0.000
2025-11-17 07:24:16 INFO    |  step: 59393024, training/critic_loss: 1.752 +/- 0.000
2025-11-17 07:24:16 INFO    |  step: 59393024, training/entropy: -4.001 +/- 0.000
2025-11-17 07:24:16 INFO    |  step: 59393024, training/env_grad_mean_norm: 0.451 +/- 0.000
2025-11-17 07:24:16 INFO    |  step: 59393024, training/env_grad_trvar: 45.774 +/- 0.000
2025-11-17 07:24:16 INFO    |  step: 59393024, training/env_rb_bias_squared: 14.684 +/- 0.000
2025-11-17 07:24:16 INFO    |  step: 59393024, training/log_alpha: -4.591 +/- 0.000
2025-11-17 07:24:16 INFO    |  step: 59393024, training/num_env_samples: 251.447 +/- 0.000
2025-11-17 07:24:16 INFO    |  step: 59393024, training/num_rb_samples: 4.553 +/- 0.000
2025-11-17 07:24:16 INFO    |  step: 59393024, training/rb_grad_mean_norm: 3.312 +/- 0.000
2025-11-17 07:24:16 INFO    |  step: 59393024, training/rb_grad_trvar: 35.730 +/- 0.000
2025-11-17 07:24:16 INFO    |  step: 59393024, eval/episode_reward: 344.918 +/- 0.000
2025-11-17 07:24:16 INFO    |  step: 59393024, eval/episode_success: 344.918 +/- 0.000
2025-11-17 07:24:16 INFO    |  step: 59393024, eval/episode_success_easy: 548.129 +/- 0.000
2025-11-17 07:24:16 INFO    |  step: 59393024, eval/episode_dist: 2468.515 +/- 0.000
2025-11-17 07:24:16 INFO    |  step: 59393024, eval/episode_success_any: 0.602 +/- 0.000
2025-11-17 07:24:16 INFO    |  step: 59393024, eval/episode_reward_ctrl: 0.000 +/- 0.000
2025-11-17 07:24:16 INFO    |  step: 59393024, eval/episode_reward_dist: 0.000 +/- 0.000
2025-11-17 07:24:16 INFO    |  step: 59393024, eval/episode_reward_near: 0.000 +/- 0.000
2025-11-17 07:24:16 INFO    |  step: 59393024, eval/episode_reward_survive: 0.000 +/- 0.000
2025-11-17 07:24:16 INFO    |  step: 59393024, eval/episode_success_hard: 0.000 +/- 0.000
2025-11-17 07:24:35 INFO    |  actor input shape: (10000, 31)
2025-11-17 07:24:35 INFO    |  encoder input shape: (10000, 37)
2025-11-17 07:24:35 INFO    |  encoder input shape: (10000, 2)
2025-11-17 07:24:35 INFO    |  actor input shape: (10000, 31)
2025-11-17 07:24:35 INFO    |  encoder input shape: (10000, 37)
2025-11-17 07:24:35 INFO    |  encoder input shape: (10000, 2)
2025-11-17 07:24:35 INFO    |  actor input shape: (10000, 31)
2025-11-17 07:24:35 INFO    |  encoder input shape: (10000, 37)
2025-11-17 07:24:35 INFO    |  encoder input shape: (10000, 2)
2025-11-17 07:24:36 INFO    |  Plotted visualizations at env step 59789824.0
2025-11-17 07:24:37 INFO    |  step: 59789824
2025-11-17 07:24:37 INFO    |  step: 59789824, training/sps: 19871.931 +/- 0.000
2025-11-17 07:24:37 INFO    |  step: 59789824, training/actor_loss: 1.750 +/- 0.000
2025-11-17 07:24:37 INFO    |  step: 59789824, training/adaptive_mixing: 0.003 +/- 0.000
2025-11-17 07:24:37 INFO    |  step: 59789824, training/alpha_loss: -0.000 +/- 0.000
2025-11-17 07:24:37 INFO    |  step: 59789824, training/critic_loss: 1.748 +/- 0.000
2025-11-17 07:24:37 INFO    |  step: 59789824, training/entropy: -4.000 +/- 0.000
2025-11-17 07:24:37 INFO    |  step: 59789824, training/env_grad_mean_norm: 0.456 +/- 0.000
2025-11-17 07:24:37 INFO    |  step: 59789824, training/env_grad_trvar: 46.763 +/- 0.000
2025-11-17 07:24:37 INFO    |  step: 59789824, training/env_rb_bias_squared: 18.601 +/- 0.000
2025-11-17 07:24:37 INFO    |  step: 59789824, training/log_alpha: -4.587 +/- 0.000
2025-11-17 07:24:37 INFO    |  step: 59789824, training/num_env_samples: 252.169 +/- 0.000
2025-11-17 07:24:37 INFO    |  step: 59789824, training/num_rb_samples: 3.831 +/- 0.000
2025-11-17 07:24:37 INFO    |  step: 59789824, training/rb_grad_mean_norm: 3.639 +/- 0.000
2025-11-17 07:24:37 INFO    |  step: 59789824, training/rb_grad_trvar: 34.798 +/- 0.000
2025-11-17 07:24:37 INFO    |  step: 59789824, eval/episode_reward: 306.312 +/- 0.000
2025-11-17 07:24:37 INFO    |  step: 59789824, eval/episode_success: 306.312 +/- 0.000
2025-11-17 07:24:37 INFO    |  step: 59789824, eval/episode_success_easy: 528.047 +/- 0.000
2025-11-17 07:24:37 INFO    |  step: 59789824, eval/episode_dist: 2880.384 +/- 0.000
2025-11-17 07:24:38 INFO    |  step: 59789824, eval/episode_success_any: 0.582 +/- 0.000
2025-11-17 07:24:38 INFO    |  step: 59789824, eval/episode_reward_ctrl: 0.000 +/- 0.000
2025-11-17 07:24:38 INFO    |  step: 59789824, eval/episode_reward_dist: 0.000 +/- 0.000
2025-11-17 07:24:38 INFO    |  step: 59789824, eval/episode_reward_near: 0.000 +/- 0.000
2025-11-17 07:24:38 INFO    |  step: 59789824, eval/episode_reward_survive: 0.000 +/- 0.000
2025-11-17 07:24:38 INFO    |  step: 59789824, eval/episode_success_hard: 0.000 +/- 0.000
2025-11-17 07:24:57 INFO    |  actor input shape: (10000, 31)
2025-11-17 07:24:57 INFO    |  encoder input shape: (10000, 37)
2025-11-17 07:24:57 INFO    |  encoder input shape: (10000, 2)
2025-11-17 07:24:57 INFO    |  actor input shape: (10000, 31)
2025-11-17 07:24:57 INFO    |  encoder input shape: (10000, 37)
2025-11-17 07:24:57 INFO    |  encoder input shape: (10000, 2)
2025-11-17 07:24:57 INFO    |  actor input shape: (10000, 31)
2025-11-17 07:24:57 INFO    |  encoder input shape: (10000, 37)
2025-11-17 07:24:57 INFO    |  encoder input shape: (10000, 2)
2025-11-17 07:24:57 INFO    |  Plotted visualizations at env step 60186624.0
2025-11-17 07:24:59 INFO    |  step: 60186624
2025-11-17 07:25:01 INFO    |  actor input shape: (1, 31)
2025-11-17 07:25:19 INFO    |  step: 60186624, training/sps: 19989.079 +/- 0.000
2025-11-17 07:25:19 INFO    |  step: 60186624, training/actor_loss: 1.747 +/- 0.000
2025-11-17 07:25:19 INFO    |  step: 60186624, training/adaptive_mixing: 0.005 +/- 0.000
2025-11-17 07:25:19 INFO    |  step: 60186624, training/alpha_loss: -0.000 +/- 0.000
2025-11-17 07:25:19 INFO    |  step: 60186624, training/critic_loss: 1.749 +/- 0.000
2025-11-17 07:25:19 INFO    |  step: 60186624, training/entropy: -4.001 +/- 0.000
2025-11-17 07:25:19 INFO    |  step: 60186624, training/env_grad_mean_norm: 0.460 +/- 0.000
2025-11-17 07:25:19 INFO    |  step: 60186624, training/env_grad_trvar: 47.601 +/- 0.000
2025-11-17 07:25:19 INFO    |  step: 60186624, training/env_rb_bias_squared: 19.930 +/- 0.000
2025-11-17 07:25:19 INFO    |  step: 60186624, training/log_alpha: -4.578 +/- 0.000
2025-11-17 07:25:19 INFO    |  step: 60186624, training/num_env_samples: 252.236 +/- 0.000
2025-11-17 07:25:19 INFO    |  step: 60186624, training/num_rb_samples: 3.764 +/- 0.000
2025-11-17 07:25:19 INFO    |  step: 60186624, training/rb_grad_mean_norm: 3.728 +/- 0.000
2025-11-17 07:25:19 INFO    |  step: 60186624, training/rb_grad_trvar: 36.141 +/- 0.000
2025-11-17 07:25:19 INFO    |  step: 60186624, eval/episode_reward: 303.633 +/- 0.000
2025-11-17 07:25:19 INFO    |  step: 60186624, eval/episode_success: 303.633 +/- 0.000
2025-11-17 07:25:19 INFO    |  step: 60186624, eval/episode_success_easy: 542.844 +/- 0.000
2025-11-17 07:25:19 INFO    |  step: 60186624, eval/episode_dist: 2369.614 +/- 0.000
2025-11-17 07:25:19 INFO    |  step: 60186624, eval/episode_success_any: 0.602 +/- 0.000
2025-11-17 07:25:19 INFO    |  step: 60186624, eval/episode_reward_ctrl: 0.000 +/- 0.000
2025-11-17 07:25:19 INFO    |  step: 60186624, eval/episode_reward_dist: 0.000 +/- 0.000
2025-11-17 07:25:19 INFO    |  step: 60186624, eval/episode_reward_near: 0.000 +/- 0.000
2025-11-17 07:25:19 INFO    |  step: 60186624, eval/episode_reward_survive: 0.000 +/- 0.000
2025-11-17 07:25:19 INFO    |  step: 60186624, eval/episode_success_hard: 0.000 +/- 0.000
2025-11-17 07:25:38 INFO    |  actor input shape: (10000, 31)
2025-11-17 07:25:38 INFO    |  encoder input shape: (10000, 37)
2025-11-17 07:25:38 INFO    |  encoder input shape: (10000, 2)
2025-11-17 07:25:38 INFO    |  actor input shape: (10000, 31)
2025-11-17 07:25:38 INFO    |  encoder input shape: (10000, 37)
2025-11-17 07:25:38 INFO    |  encoder input shape: (10000, 2)
2025-11-17 07:25:39 INFO    |  actor input shape: (10000, 31)
2025-11-17 07:25:39 INFO    |  encoder input shape: (10000, 37)
2025-11-17 07:25:39 INFO    |  encoder input shape: (10000, 2)
2025-11-17 07:25:39 INFO    |  Plotted visualizations at env step 60583424.0
2025-11-17 07:25:41 INFO    |  step: 60583424
2025-11-17 07:25:41 INFO    |  step: 60583424, training/sps: 19767.626 +/- 0.000
2025-11-17 07:25:41 INFO    |  step: 60583424, training/actor_loss: 1.748 +/- 0.000
2025-11-17 07:25:41 INFO    |  step: 60583424, training/adaptive_mixing: 0.039 +/- 0.000
2025-11-17 07:25:41 INFO    |  step: 60583424, training/alpha_loss: 0.000 +/- 0.000
2025-11-17 07:25:41 INFO    |  step: 60583424, training/critic_loss: 1.745 +/- 0.000
2025-11-17 07:25:41 INFO    |  step: 60583424, training/entropy: -4.000 +/- 0.000
2025-11-17 07:25:41 INFO    |  step: 60583424, training/env_grad_mean_norm: 0.458 +/- 0.000
2025-11-17 07:25:41 INFO    |  step: 60583424, training/env_grad_trvar: 47.453 +/- 0.000
2025-11-17 07:25:41 INFO    |  step: 60583424, training/env_rb_bias_squared: 19.199 +/- 0.000
2025-11-17 07:25:41 INFO    |  step: 60583424, training/log_alpha: -4.575 +/- 0.000
2025-11-17 07:25:41 INFO    |  step: 60583424, training/num_env_samples: 252.117 +/- 0.000
2025-11-17 07:25:41 INFO    |  step: 60583424, training/num_rb_samples: 3.883 +/- 0.000
2025-11-17 07:25:41 INFO    |  step: 60583424, training/rb_grad_mean_norm: 3.706 +/- 0.000
2025-11-17 07:25:41 INFO    |  step: 60583424, training/rb_grad_trvar: 37.492 +/- 0.000
2025-11-17 07:25:41 INFO    |  step: 60583424, eval/episode_reward: 326.043 +/- 0.000
2025-11-17 07:25:41 INFO    |  step: 60583424, eval/episode_success: 326.043 +/- 0.000
2025-11-17 07:25:41 INFO    |  step: 60583424, eval/episode_success_easy: 533.855 +/- 0.000
2025-11-17 07:25:41 INFO    |  step: 60583424, eval/episode_dist: 2318.076 +/- 0.000
2025-11-17 07:25:41 INFO    |  step: 60583424, eval/episode_success_any: 0.590 +/- 0.000
2025-11-17 07:25:41 INFO    |  step: 60583424, eval/episode_reward_ctrl: 0.000 +/- 0.000
2025-11-17 07:25:41 INFO    |  step: 60583424, eval/episode_reward_dist: 0.000 +/- 0.000
2025-11-17 07:25:41 INFO    |  step: 60583424, eval/episode_reward_near: 0.000 +/- 0.000
2025-11-17 07:25:41 INFO    |  step: 60583424, eval/episode_reward_survive: 0.000 +/- 0.000
2025-11-17 07:25:41 INFO    |  step: 60583424, eval/episode_success_hard: 0.000 +/- 0.000
2025-11-17 07:26:00 INFO    |  actor input shape: (10000, 31)
2025-11-17 07:26:00 INFO    |  encoder input shape: (10000, 37)
2025-11-17 07:26:00 INFO    |  encoder input shape: (10000, 2)
2025-11-17 07:26:00 INFO    |  actor input shape: (10000, 31)
2025-11-17 07:26:00 INFO    |  encoder input shape: (10000, 37)
2025-11-17 07:26:00 INFO    |  encoder input shape: (10000, 2)
2025-11-17 07:26:00 INFO    |  actor input shape: (10000, 31)
2025-11-17 07:26:00 INFO    |  encoder input shape: (10000, 37)
2025-11-17 07:26:00 INFO    |  encoder input shape: (10000, 2)
2025-11-17 07:26:01 INFO    |  Plotted visualizations at env step 60980224.0
2025-11-17 07:26:02 INFO    |  step: 60980224
2025-11-17 07:26:02 INFO    |  step: 60980224, training/sps: 19966.285 +/- 0.000
2025-11-17 07:26:02 INFO    |  step: 60980224, training/actor_loss: 1.742 +/- 0.000
2025-11-17 07:26:02 INFO    |  step: 60980224, training/adaptive_mixing: 0.003 +/- 0.000
2025-11-17 07:26:02 INFO    |  step: 60980224, training/alpha_loss: 0.000 +/- 0.000
2025-11-17 07:26:02 INFO    |  step: 60980224, training/critic_loss: 1.741 +/- 0.000
2025-11-17 07:26:02 INFO    |  step: 60980224, training/entropy: -4.000 +/- 0.000
2025-11-17 07:26:02 INFO    |  step: 60980224, training/env_grad_mean_norm: 0.459 +/- 0.000
2025-11-17 07:26:02 INFO    |  step: 60980224, training/env_grad_trvar: 47.386 +/- 0.000
2025-11-17 07:26:02 INFO    |  step: 60980224, training/env_rb_bias_squared: 19.008 +/- 0.000
2025-11-17 07:26:02 INFO    |  step: 60980224, training/log_alpha: -4.574 +/- 0.000
2025-11-17 07:26:02 INFO    |  step: 60980224, training/num_env_samples: 252.168 +/- 0.000
2025-11-17 07:26:02 INFO    |  step: 60980224, training/num_rb_samples: 3.832 +/- 0.000
2025-11-17 07:26:02 INFO    |  step: 60980224, training/rb_grad_mean_norm: 3.673 +/- 0.000
2025-11-17 07:26:02 INFO    |  step: 60980224, training/rb_grad_trvar: 35.306 +/- 0.000
2025-11-17 07:26:02 INFO    |  step: 60980224, eval/episode_reward: 263.062 +/- 0.000
2025-11-17 07:26:02 INFO    |  step: 60980224, eval/episode_success: 263.062 +/- 0.000
2025-11-17 07:26:02 INFO    |  step: 60980224, eval/episode_success_easy: 541.562 +/- 0.000
2025-11-17 07:26:02 INFO    |  step: 60980224, eval/episode_dist: 2722.249 +/- 0.000
2025-11-17 07:26:02 INFO    |  step: 60980224, eval/episode_success_any: 0.617 +/- 0.000
2025-11-17 07:26:02 INFO    |  step: 60980224, eval/episode_reward_ctrl: 0.000 +/- 0.000
2025-11-17 07:26:02 INFO    |  step: 60980224, eval/episode_reward_dist: 0.000 +/- 0.000
2025-11-17 07:26:02 INFO    |  step: 60980224, eval/episode_reward_near: 0.000 +/- 0.000
2025-11-17 07:26:02 INFO    |  step: 60980224, eval/episode_reward_survive: 0.000 +/- 0.000
2025-11-17 07:26:02 INFO    |  step: 60980224, eval/episode_success_hard: 0.000 +/- 0.000
2025-11-17 07:26:21 INFO    |  actor input shape: (10000, 31)
2025-11-17 07:26:21 INFO    |  encoder input shape: (10000, 37)
2025-11-17 07:26:21 INFO    |  encoder input shape: (10000, 2)
2025-11-17 07:26:22 INFO    |  actor input shape: (10000, 31)
2025-11-17 07:26:22 INFO    |  encoder input shape: (10000, 37)
2025-11-17 07:26:22 INFO    |  encoder input shape: (10000, 2)
2025-11-17 07:26:22 INFO    |  actor input shape: (10000, 31)
2025-11-17 07:26:22 INFO    |  encoder input shape: (10000, 37)
2025-11-17 07:26:22 INFO    |  encoder input shape: (10000, 2)
2025-11-17 07:26:22 INFO    |  Plotted visualizations at env step 61377024.0
2025-11-17 07:26:24 INFO    |  step: 61377024
2025-11-17 07:26:24 INFO    |  step: 61377024, training/sps: 20174.524 +/- 0.000
2025-11-17 07:26:24 INFO    |  step: 61377024, training/actor_loss: 1.741 +/- 0.000
2025-11-17 07:26:24 INFO    |  step: 61377024, training/adaptive_mixing: 0.028 +/- 0.000
2025-11-17 07:26:24 INFO    |  step: 61377024, training/alpha_loss: 0.000 +/- 0.000
2025-11-17 07:26:24 INFO    |  step: 61377024, training/critic_loss: 1.736 +/- 0.000
2025-11-17 07:26:24 INFO    |  step: 61377024, training/entropy: -3.999 +/- 0.000
2025-11-17 07:26:24 INFO    |  step: 61377024, training/env_grad_mean_norm: 0.456 +/- 0.000
2025-11-17 07:26:24 INFO    |  step: 61377024, training/env_grad_trvar: 46.699 +/- 0.000
2025-11-17 07:26:24 INFO    |  step: 61377024, training/env_rb_bias_squared: 22.205 +/- 0.000
2025-11-17 07:26:24 INFO    |  step: 61377024, training/log_alpha: -4.584 +/- 0.000
2025-11-17 07:26:24 INFO    |  step: 61377024, training/num_env_samples: 252.923 +/- 0.000
2025-11-17 07:26:24 INFO    |  step: 61377024, training/num_rb_samples: 3.077 +/- 0.000
2025-11-17 07:26:24 INFO    |  step: 61377024, training/rb_grad_mean_norm: 3.839 +/- 0.000
2025-11-17 07:26:24 INFO    |  step: 61377024, training/rb_grad_trvar: 29.433 +/- 0.000
2025-11-17 07:26:24 INFO    |  step: 61377024, eval/episode_reward: 293.086 +/- 0.000
2025-11-17 07:26:24 INFO    |  step: 61377024, eval/episode_success: 293.086 +/- 0.000
2025-11-17 07:26:24 INFO    |  step: 61377024, eval/episode_success_easy: 478.164 +/- 0.000
2025-11-17 07:26:24 INFO    |  step: 61377024, eval/episode_dist: 2459.443 +/- 0.000
2025-11-17 07:26:24 INFO    |  step: 61377024, eval/episode_success_any: 0.570 +/- 0.000
2025-11-17 07:26:24 INFO    |  step: 61377024, eval/episode_reward_ctrl: 0.000 +/- 0.000
2025-11-17 07:26:24 INFO    |  step: 61377024, eval/episode_reward_dist: 0.000 +/- 0.000
2025-11-17 07:26:24 INFO    |  step: 61377024, eval/episode_reward_near: 0.000 +/- 0.000
2025-11-17 07:26:24 INFO    |  step: 61377024, eval/episode_reward_survive: 0.000 +/- 0.000
2025-11-17 07:26:24 INFO    |  step: 61377024, eval/episode_success_hard: 0.000 +/- 0.000
2025-11-17 07:26:43 INFO    |  actor input shape: (10000, 31)
2025-11-17 07:26:43 INFO    |  encoder input shape: (10000, 37)
2025-11-17 07:26:43 INFO    |  encoder input shape: (10000, 2)
2025-11-17 07:26:43 INFO    |  actor input shape: (10000, 31)
2025-11-17 07:26:43 INFO    |  encoder input shape: (10000, 37)
2025-11-17 07:26:43 INFO    |  encoder input shape: (10000, 2)
2025-11-17 07:26:43 INFO    |  actor input shape: (10000, 31)
2025-11-17 07:26:44 INFO    |  encoder input shape: (10000, 37)
2025-11-17 07:26:44 INFO    |  encoder input shape: (10000, 2)
2025-11-17 07:26:44 INFO    |  Plotted visualizations at env step 61773824.0
2025-11-17 07:26:46 INFO    |  step: 61773824
2025-11-17 07:26:46 INFO    |  step: 61773824, training/sps: 20004.650 +/- 0.000
2025-11-17 07:26:46 INFO    |  step: 61773824, training/actor_loss: 1.736 +/- 0.000
2025-11-17 07:26:46 INFO    |  step: 61773824, training/adaptive_mixing: 0.006 +/- 0.000
2025-11-17 07:26:46 INFO    |  step: 61773824, training/alpha_loss: -0.000 +/- 0.000
2025-11-17 07:26:46 INFO    |  step: 61773824, training/critic_loss: 1.733 +/- 0.000
2025-11-17 07:26:46 INFO    |  step: 61773824, training/entropy: -4.001 +/- 0.000
2025-11-17 07:26:46 INFO    |  step: 61773824, training/env_grad_mean_norm: 0.456 +/- 0.000
2025-11-17 07:26:46 INFO    |  step: 61773824, training/env_grad_trvar: 46.715 +/- 0.000
2025-11-17 07:26:46 INFO    |  step: 61773824, training/env_rb_bias_squared: 19.979 +/- 0.000
2025-11-17 07:26:46 INFO    |  step: 61773824, training/log_alpha: -4.588 +/- 0.000
2025-11-17 07:26:46 INFO    |  step: 61773824, training/num_env_samples: 252.605 +/- 0.000
2025-11-17 07:26:46 INFO    |  step: 61773824, training/num_rb_samples: 3.395 +/- 0.000
2025-11-17 07:26:46 INFO    |  step: 61773824, training/rb_grad_mean_norm: 3.695 +/- 0.000
2025-11-17 07:26:46 INFO    |  step: 61773824, training/rb_grad_trvar: 31.356 +/- 0.000
2025-11-17 07:26:46 INFO    |  step: 61773824, eval/episode_reward: 247.035 +/- 0.000
2025-11-17 07:26:46 INFO    |  step: 61773824, eval/episode_success: 247.035 +/- 0.000
2025-11-17 07:26:46 INFO    |  step: 61773824, eval/episode_success_easy: 466.199 +/- 0.000
2025-11-17 07:26:46 INFO    |  step: 61773824, eval/episode_dist: 2701.063 +/- 0.000
2025-11-17 07:26:46 INFO    |  step: 61773824, eval/episode_success_any: 0.500 +/- 0.000
2025-11-17 07:26:46 INFO    |  step: 61773824, eval/episode_reward_ctrl: 0.000 +/- 0.000
2025-11-17 07:26:46 INFO    |  step: 61773824, eval/episode_reward_dist: 0.000 +/- 0.000
2025-11-17 07:26:46 INFO    |  step: 61773824, eval/episode_reward_near: 0.000 +/- 0.000
2025-11-17 07:26:46 INFO    |  step: 61773824, eval/episode_reward_survive: 0.000 +/- 0.000
2025-11-17 07:26:46 INFO    |  step: 61773824, eval/episode_success_hard: 0.000 +/- 0.000
2025-11-17 07:27:05 INFO    |  actor input shape: (10000, 31)
2025-11-17 07:27:05 INFO    |  encoder input shape: (10000, 37)
2025-11-17 07:27:05 INFO    |  encoder input shape: (10000, 2)
2025-11-17 07:27:05 INFO    |  actor input shape: (10000, 31)
2025-11-17 07:27:05 INFO    |  encoder input shape: (10000, 37)
2025-11-17 07:27:05 INFO    |  encoder input shape: (10000, 2)
2025-11-17 07:27:05 INFO    |  actor input shape: (10000, 31)
2025-11-17 07:27:05 INFO    |  encoder input shape: (10000, 37)
2025-11-17 07:27:05 INFO    |  encoder input shape: (10000, 2)
2025-11-17 07:27:06 INFO    |  Plotted visualizations at env step 62170624.0
2025-11-17 07:27:07 INFO    |  step: 62170624
2025-11-17 07:27:09 INFO    |  actor input shape: (1, 31)
2025-11-17 07:27:25 INFO    |  step: 62170624, training/sps: 19727.521 +/- 0.000
2025-11-17 07:27:25 INFO    |  step: 62170624, training/actor_loss: 1.740 +/- 0.000
2025-11-17 07:27:25 INFO    |  step: 62170624, training/adaptive_mixing: 0.005 +/- 0.000
2025-11-17 07:27:25 INFO    |  step: 62170624, training/alpha_loss: 0.000 +/- 0.000
2025-11-17 07:27:25 INFO    |  step: 62170624, training/critic_loss: 1.733 +/- 0.000
2025-11-17 07:27:25 INFO    |  step: 62170624, training/entropy: -3.999 +/- 0.000
2025-11-17 07:27:25 INFO    |  step: 62170624, training/env_grad_mean_norm: 0.458 +/- 0.000
2025-11-17 07:27:25 INFO    |  step: 62170624, training/env_grad_trvar: 47.022 +/- 0.000
2025-11-17 07:27:25 INFO    |  step: 62170624, training/env_rb_bias_squared: 19.784 +/- 0.000
2025-11-17 07:27:25 INFO    |  step: 62170624, training/log_alpha: -4.578 +/- 0.000
2025-11-17 07:27:25 INFO    |  step: 62170624, training/num_env_samples: 252.424 +/- 0.000
2025-11-17 07:27:25 INFO    |  step: 62170624, training/num_rb_samples: 3.576 +/- 0.000
2025-11-17 07:27:25 INFO    |  step: 62170624, training/rb_grad_mean_norm: 3.718 +/- 0.000
2025-11-17 07:27:25 INFO    |  step: 62170624, training/rb_grad_trvar: 33.601 +/- 0.000
2025-11-17 07:27:25 INFO    |  step: 62170624, eval/episode_reward: 339.520 +/- 0.000
2025-11-17 07:27:25 INFO    |  step: 62170624, eval/episode_success: 339.520 +/- 0.000
2025-11-17 07:27:25 INFO    |  step: 62170624, eval/episode_success_easy: 540.973 +/- 0.000
2025-11-17 07:27:25 INFO    |  step: 62170624, eval/episode_dist: 2306.902 +/- 0.000
2025-11-17 07:27:25 INFO    |  step: 62170624, eval/episode_success_any: 0.605 +/- 0.000
2025-11-17 07:27:25 INFO    |  step: 62170624, eval/episode_reward_ctrl: 0.000 +/- 0.000
2025-11-17 07:27:25 INFO    |  step: 62170624, eval/episode_reward_dist: 0.000 +/- 0.000
2025-11-17 07:27:25 INFO    |  step: 62170624, eval/episode_reward_near: 0.000 +/- 0.000
2025-11-17 07:27:25 INFO    |  step: 62170624, eval/episode_reward_survive: 0.000 +/- 0.000
2025-11-17 07:27:25 INFO    |  step: 62170624, eval/episode_success_hard: 0.000 +/- 0.000
2025-11-17 07:27:44 INFO    |  actor input shape: (10000, 31)
2025-11-17 07:27:44 INFO    |  encoder input shape: (10000, 37)
2025-11-17 07:27:44 INFO    |  encoder input shape: (10000, 2)
2025-11-17 07:27:44 INFO    |  actor input shape: (10000, 31)
2025-11-17 07:27:44 INFO    |  encoder input shape: (10000, 37)
2025-11-17 07:27:45 INFO    |  encoder input shape: (10000, 2)
2025-11-17 07:27:45 INFO    |  actor input shape: (10000, 31)
2025-11-17 07:27:45 INFO    |  encoder input shape: (10000, 37)
2025-11-17 07:27:45 INFO    |  encoder input shape: (10000, 2)
2025-11-17 07:27:45 INFO    |  Plotted visualizations at env step 62567424.0
2025-11-17 07:27:47 INFO    |  step: 62567424
2025-11-17 07:27:47 INFO    |  step: 62567424, training/sps: 20143.938 +/- 0.000
2025-11-17 07:27:47 INFO    |  step: 62567424, training/actor_loss: 1.741 +/- 0.000
2025-11-17 07:27:47 INFO    |  step: 62567424, training/adaptive_mixing: 0.006 +/- 0.000
2025-11-17 07:27:47 INFO    |  step: 62567424, training/alpha_loss: 0.000 +/- 0.000
2025-11-17 07:27:47 INFO    |  step: 62567424, training/critic_loss: 1.733 +/- 0.000
2025-11-17 07:27:47 INFO    |  step: 62567424, training/entropy: -3.999 +/- 0.000
2025-11-17 07:27:47 INFO    |  step: 62567424, training/env_grad_mean_norm: 0.456 +/- 0.000
2025-11-17 07:27:47 INFO    |  step: 62567424, training/env_grad_trvar: 46.743 +/- 0.000
2025-11-17 07:27:47 INFO    |  step: 62567424, training/env_rb_bias_squared: 19.803 +/- 0.000
2025-11-17 07:27:47 INFO    |  step: 62567424, training/log_alpha: -4.587 +/- 0.000
2025-11-17 07:27:47 INFO    |  step: 62567424, training/num_env_samples: 252.424 +/- 0.000
2025-11-17 07:27:47 INFO    |  step: 62567424, training/num_rb_samples: 3.576 +/- 0.000
2025-11-17 07:27:47 INFO    |  step: 62567424, training/rb_grad_mean_norm: 3.713 +/- 0.000
2025-11-17 07:27:47 INFO    |  step: 62567424, training/rb_grad_trvar: 33.493 +/- 0.000
2025-11-17 07:27:47 INFO    |  step: 62567424, eval/episode_reward: 308.793 +/- 0.000
2025-11-17 07:27:47 INFO    |  step: 62567424, eval/episode_success: 308.793 +/- 0.000
2025-11-17 07:27:47 INFO    |  step: 62567424, eval/episode_success_easy: 545.793 +/- 0.000
2025-11-17 07:27:47 INFO    |  step: 62567424, eval/episode_dist: 2256.005 +/- 0.000
2025-11-17 07:27:47 INFO    |  step: 62567424, eval/episode_success_any: 0.586 +/- 0.000
2025-11-17 07:27:47 INFO    |  step: 62567424, eval/episode_reward_ctrl: 0.000 +/- 0.000
2025-11-17 07:27:47 INFO    |  step: 62567424, eval/episode_reward_dist: 0.000 +/- 0.000
2025-11-17 07:27:47 INFO    |  step: 62567424, eval/episode_reward_near: 0.000 +/- 0.000
2025-11-17 07:27:47 INFO    |  step: 62567424, eval/episode_reward_survive: 0.000 +/- 0.000
2025-11-17 07:27:47 INFO    |  step: 62567424, eval/episode_success_hard: 0.000 +/- 0.000
2025-11-17 07:28:06 INFO    |  actor input shape: (10000, 31)
2025-11-17 07:28:06 INFO    |  encoder input shape: (10000, 37)
2025-11-17 07:28:06 INFO    |  encoder input shape: (10000, 2)
2025-11-17 07:28:06 INFO    |  actor input shape: (10000, 31)
2025-11-17 07:28:06 INFO    |  encoder input shape: (10000, 37)
2025-11-17 07:28:06 INFO    |  encoder input shape: (10000, 2)
2025-11-17 07:28:07 INFO    |  actor input shape: (10000, 31)
2025-11-17 07:28:07 INFO    |  encoder input shape: (10000, 37)
2025-11-17 07:28:07 INFO    |  encoder input shape: (10000, 2)
2025-11-17 07:28:07 INFO    |  Plotted visualizations at env step 62964224.0
2025-11-17 07:28:09 INFO    |  step: 62964224
2025-11-17 07:28:09 INFO    |  step: 62964224, training/sps: 19908.811 +/- 0.000
2025-11-17 07:28:09 INFO    |  step: 62964224, training/actor_loss: 1.740 +/- 0.000
2025-11-17 07:28:09 INFO    |  step: 62964224, training/adaptive_mixing: 0.052 +/- 0.000
2025-11-17 07:28:09 INFO    |  step: 62964224, training/alpha_loss: 0.000 +/- 0.000
2025-11-17 07:28:09 INFO    |  step: 62964224, training/critic_loss: 1.738 +/- 0.000
2025-11-17 07:28:09 INFO    |  step: 62964224, training/entropy: -4.000 +/- 0.000
2025-11-17 07:28:09 INFO    |  step: 62964224, training/env_grad_mean_norm: 0.460 +/- 0.000
2025-11-17 07:28:09 INFO    |  step: 62964224, training/env_grad_trvar: 47.577 +/- 0.000
2025-11-17 07:28:09 INFO    |  step: 62964224, training/env_rb_bias_squared: 22.829 +/- 0.000
2025-11-17 07:28:09 INFO    |  step: 62964224, training/log_alpha: -4.580 +/- 0.000
2025-11-17 07:28:09 INFO    |  step: 62964224, training/num_env_samples: 253.097 +/- 0.000
2025-11-17 07:28:09 INFO    |  step: 62964224, training/num_rb_samples: 2.903 +/- 0.000
2025-11-17 07:28:09 INFO    |  step: 62964224, training/rb_grad_mean_norm: 3.878 +/- 0.000
2025-11-17 07:28:09 INFO    |  step: 62964224, training/rb_grad_trvar: 28.271 +/- 0.000
2025-11-17 07:28:09 INFO    |  step: 62964224, eval/episode_reward: 272.949 +/- 0.000
2025-11-17 07:28:09 INFO    |  step: 62964224, eval/episode_success: 272.949 +/- 0.000
2025-11-17 07:28:09 INFO    |  step: 62964224, eval/episode_success_easy: 534.062 +/- 0.000
2025-11-17 07:28:09 INFO    |  step: 62964224, eval/episode_dist: 2350.141 +/- 0.000
2025-11-17 07:28:09 INFO    |  step: 62964224, eval/episode_success_any: 0.555 +/- 0.000
2025-11-17 07:28:09 INFO    |  step: 62964224, eval/episode_reward_ctrl: 0.000 +/- 0.000
2025-11-17 07:28:09 INFO    |  step: 62964224, eval/episode_reward_dist: 0.000 +/- 0.000
2025-11-17 07:28:09 INFO    |  step: 62964224, eval/episode_reward_near: 0.000 +/- 0.000
2025-11-17 07:28:09 INFO    |  step: 62964224, eval/episode_reward_survive: 0.000 +/- 0.000
2025-11-17 07:28:09 INFO    |  step: 62964224, eval/episode_success_hard: 0.000 +/- 0.000
2025-11-17 07:28:28 INFO    |  actor input shape: (10000, 31)
2025-11-17 07:28:28 INFO    |  encoder input shape: (10000, 37)
2025-11-17 07:28:28 INFO    |  encoder input shape: (10000, 2)
2025-11-17 07:28:28 INFO    |  actor input shape: (10000, 31)
2025-11-17 07:28:28 INFO    |  encoder input shape: (10000, 37)
2025-11-17 07:28:28 INFO    |  encoder input shape: (10000, 2)
2025-11-17 07:28:28 INFO    |  actor input shape: (10000, 31)
2025-11-17 07:28:28 INFO    |  encoder input shape: (10000, 37)
2025-11-17 07:28:28 INFO    |  encoder input shape: (10000, 2)
2025-11-17 07:28:28 INFO    |  Plotted visualizations at env step 63361024.0
2025-11-17 07:28:30 INFO    |  step: 63361024
2025-11-17 07:28:30 INFO    |  step: 63361024, training/sps: 19992.686 +/- 0.000
2025-11-17 07:28:30 INFO    |  step: 63361024, training/actor_loss: 1.745 +/- 0.000
2025-11-17 07:28:30 INFO    |  step: 63361024, training/adaptive_mixing: 0.003 +/- 0.000
2025-11-17 07:28:30 INFO    |  step: 63361024, training/alpha_loss: -0.000 +/- 0.000
2025-11-17 07:28:30 INFO    |  step: 63361024, training/critic_loss: 1.746 +/- 0.000
2025-11-17 07:28:30 INFO    |  step: 63361024, training/entropy: -4.002 +/- 0.000
2025-11-17 07:28:30 INFO    |  step: 63361024, training/env_grad_mean_norm: 0.458 +/- 0.000
2025-11-17 07:28:30 INFO    |  step: 63361024, training/env_grad_trvar: 46.872 +/- 0.000
2025-11-17 07:28:30 INFO    |  step: 63361024, training/env_rb_bias_squared: 17.672 +/- 0.000
2025-11-17 07:28:30 INFO    |  step: 63361024, training/log_alpha: -4.588 +/- 0.000
2025-11-17 07:28:30 INFO    |  step: 63361024, training/num_env_samples: 251.951 +/- 0.000
2025-11-17 07:28:30 INFO    |  step: 63361024, training/num_rb_samples: 4.049 +/- 0.000
2025-11-17 07:28:30 INFO    |  step: 63361024, training/rb_grad_mean_norm: 3.580 +/- 0.000
2025-11-17 07:28:30 INFO    |  step: 63361024, training/rb_grad_trvar: 35.980 +/- 0.000
2025-11-17 07:28:30 INFO    |  step: 63361024, eval/episode_reward: 219.129 +/- 0.000
2025-11-17 07:28:30 INFO    |  step: 63361024, eval/episode_success: 219.129 +/- 0.000
2025-11-17 07:28:30 INFO    |  step: 63361024, eval/episode_success_easy: 501.184 +/- 0.000
2025-11-17 07:28:30 INFO    |  step: 63361024, eval/episode_dist: 2663.237 +/- 0.000
2025-11-17 07:28:30 INFO    |  step: 63361024, eval/episode_success_any: 0.480 +/- 0.000
2025-11-17 07:28:30 INFO    |  step: 63361024, eval/episode_reward_ctrl: 0.000 +/- 0.000
2025-11-17 07:28:30 INFO    |  step: 63361024, eval/episode_reward_dist: 0.000 +/- 0.000
2025-11-17 07:28:30 INFO    |  step: 63361024, eval/episode_reward_near: 0.000 +/- 0.000
2025-11-17 07:28:30 INFO    |  step: 63361024, eval/episode_reward_survive: 0.000 +/- 0.000
2025-11-17 07:28:30 INFO    |  step: 63361024, eval/episode_success_hard: 0.000 +/- 0.000
2025-11-17 07:28:49 INFO    |  actor input shape: (10000, 31)
2025-11-17 07:28:49 INFO    |  encoder input shape: (10000, 37)
2025-11-17 07:28:49 INFO    |  encoder input shape: (10000, 2)
2025-11-17 07:28:50 INFO    |  actor input shape: (10000, 31)
2025-11-17 07:28:50 INFO    |  encoder input shape: (10000, 37)
2025-11-17 07:28:50 INFO    |  encoder input shape: (10000, 2)
2025-11-17 07:28:50 INFO    |  actor input shape: (10000, 31)
2025-11-17 07:28:50 INFO    |  encoder input shape: (10000, 37)
2025-11-17 07:28:50 INFO    |  encoder input shape: (10000, 2)
2025-11-17 07:28:52 INFO    |  Plotted visualizations at env step 63757824.0
2025-11-17 07:28:54 INFO    |  step: 63757824
2025-11-17 07:28:54 INFO    |  step: 63757824, training/sps: 18291.223 +/- 0.000
2025-11-17 07:28:54 INFO    |  step: 63757824, training/actor_loss: 1.740 +/- 0.000
2025-11-17 07:28:54 INFO    |  step: 63757824, training/adaptive_mixing: 0.004 +/- 0.000
2025-11-17 07:28:54 INFO    |  step: 63757824, training/alpha_loss: 0.000 +/- 0.000
2025-11-17 07:28:54 INFO    |  step: 63757824, training/critic_loss: 1.744 +/- 0.000
2025-11-17 07:28:54 INFO    |  step: 63757824, training/entropy: -3.997 +/- 0.000
2025-11-17 07:28:54 INFO    |  step: 63757824, training/env_grad_mean_norm: 0.457 +/- 0.000
2025-11-17 07:28:54 INFO    |  step: 63757824, training/env_grad_trvar: 46.612 +/- 0.000
2025-11-17 07:28:54 INFO    |  step: 63757824, training/env_rb_bias_squared: 17.306 +/- 0.000
2025-11-17 07:28:54 INFO    |  step: 63757824, training/log_alpha: -4.594 +/- 0.000
2025-11-17 07:28:54 INFO    |  step: 63757824, training/num_env_samples: 251.852 +/- 0.000
2025-11-17 07:28:54 INFO    |  step: 63757824, training/num_rb_samples: 4.148 +/- 0.000
2025-11-17 07:28:54 INFO    |  step: 63757824, training/rb_grad_mean_norm: 3.526 +/- 0.000
2025-11-17 07:28:54 INFO    |  step: 63757824, training/rb_grad_trvar: 35.746 +/- 0.000
2025-11-17 07:28:54 INFO    |  step: 63757824, eval/episode_reward: 232.656 +/- 0.000
2025-11-17 07:28:54 INFO    |  step: 63757824, eval/episode_success: 232.656 +/- 0.000
2025-11-17 07:28:54 INFO    |  step: 63757824, eval/episode_success_easy: 498.930 +/- 0.000
2025-11-17 07:28:54 INFO    |  step: 63757824, eval/episode_dist: 2896.349 +/- 0.000
2025-11-17 07:28:54 INFO    |  step: 63757824, eval/episode_success_any: 0.492 +/- 0.000
2025-11-17 07:28:54 INFO    |  step: 63757824, eval/episode_reward_ctrl: 0.000 +/- 0.000
2025-11-17 07:28:54 INFO    |  step: 63757824, eval/episode_reward_dist: 0.000 +/- 0.000
2025-11-17 07:28:54 INFO    |  step: 63757824, eval/episode_reward_near: 0.000 +/- 0.000
2025-11-17 07:28:54 INFO    |  step: 63757824, eval/episode_reward_survive: 0.000 +/- 0.000
2025-11-17 07:28:54 INFO    |  step: 63757824, eval/episode_success_hard: 0.000 +/- 0.000
2025-11-17 07:29:13 INFO    |  actor input shape: (10000, 31)
2025-11-17 07:29:13 INFO    |  encoder input shape: (10000, 37)
2025-11-17 07:29:13 INFO    |  encoder input shape: (10000, 2)
2025-11-17 07:29:13 INFO    |  actor input shape: (10000, 31)
2025-11-17 07:29:13 INFO    |  encoder input shape: (10000, 37)
2025-11-17 07:29:13 INFO    |  encoder input shape: (10000, 2)
2025-11-17 07:29:13 INFO    |  actor input shape: (10000, 31)
2025-11-17 07:29:13 INFO    |  encoder input shape: (10000, 37)
2025-11-17 07:29:13 INFO    |  encoder input shape: (10000, 2)
2025-11-17 07:29:14 INFO    |  Plotted visualizations at env step 64154624.0
2025-11-17 07:29:15 INFO    |  step: 64154624
2025-11-17 07:29:17 INFO    |  actor input shape: (1, 31)
2025-11-17 07:29:33 INFO    |  step: 64154624, training/sps: 19927.166 +/- 0.000
2025-11-17 07:29:33 INFO    |  step: 64154624, training/actor_loss: 1.738 +/- 0.000
2025-11-17 07:29:33 INFO    |  step: 64154624, training/adaptive_mixing: 0.006 +/- 0.000
2025-11-17 07:29:33 INFO    |  step: 64154624, training/alpha_loss: -0.000 +/- 0.000
2025-11-17 07:29:33 INFO    |  step: 64154624, training/critic_loss: 1.742 +/- 0.000
2025-11-17 07:29:33 INFO    |  step: 64154624, training/entropy: -4.001 +/- 0.000
2025-11-17 07:29:33 INFO    |  step: 64154624, training/env_grad_mean_norm: 0.460 +/- 0.000
2025-11-17 07:29:33 INFO    |  step: 64154624, training/env_grad_trvar: 47.303 +/- 0.000
2025-11-17 07:29:33 INFO    |  step: 64154624, training/env_rb_bias_squared: 23.798 +/- 0.000
2025-11-17 07:29:33 INFO    |  step: 64154624, training/log_alpha: -4.592 +/- 0.000
2025-11-17 07:29:33 INFO    |  step: 64154624, training/num_env_samples: 252.824 +/- 0.000
2025-11-17 07:29:33 INFO    |  step: 64154624, training/num_rb_samples: 3.176 +/- 0.000
2025-11-17 07:29:33 INFO    |  step: 64154624, training/rb_grad_mean_norm: 3.974 +/- 0.000
2025-11-17 07:29:33 INFO    |  step: 64154624, training/rb_grad_trvar: 32.434 +/- 0.000
2025-11-17 07:29:33 INFO    |  step: 64154624, eval/episode_reward: 272.184 +/- 0.000
2025-11-17 07:29:33 INFO    |  step: 64154624, eval/episode_success: 272.184 +/- 0.000
2025-11-17 07:29:33 INFO    |  step: 64154624, eval/episode_success_easy: 491.855 +/- 0.000
2025-11-17 07:29:33 INFO    |  step: 64154624, eval/episode_dist: 2722.916 +/- 0.000
2025-11-17 07:29:33 INFO    |  step: 64154624, eval/episode_success_any: 0.574 +/- 0.000
2025-11-17 07:29:33 INFO    |  step: 64154624, eval/episode_reward_ctrl: 0.000 +/- 0.000
2025-11-17 07:29:33 INFO    |  step: 64154624, eval/episode_reward_dist: 0.000 +/- 0.000
2025-11-17 07:29:33 INFO    |  step: 64154624, eval/episode_reward_near: 0.000 +/- 0.000
2025-11-17 07:29:33 INFO    |  step: 64154624, eval/episode_reward_survive: 0.000 +/- 0.000
2025-11-17 07:29:33 INFO    |  step: 64154624, eval/episode_success_hard: 0.000 +/- 0.000
2025-11-17 07:29:52 INFO    |  actor input shape: (10000, 31)
2025-11-17 07:29:52 INFO    |  encoder input shape: (10000, 37)
2025-11-17 07:29:52 INFO    |  encoder input shape: (10000, 2)
2025-11-17 07:29:53 INFO    |  actor input shape: (10000, 31)
2025-11-17 07:29:53 INFO    |  encoder input shape: (10000, 37)
2025-11-17 07:29:53 INFO    |  encoder input shape: (10000, 2)
2025-11-17 07:29:53 INFO    |  actor input shape: (10000, 31)
2025-11-17 07:29:53 INFO    |  encoder input shape: (10000, 37)
2025-11-17 07:29:53 INFO    |  encoder input shape: (10000, 2)
2025-11-17 07:29:53 INFO    |  Plotted visualizations at env step 64551424.0
2025-11-17 07:29:55 INFO    |  step: 64551424
2025-11-17 07:29:55 INFO    |  step: 64551424, training/sps: 19806.008 +/- 0.000
2025-11-17 07:29:55 INFO    |  step: 64551424, training/actor_loss: 1.741 +/- 0.000
2025-11-17 07:29:55 INFO    |  step: 64551424, training/adaptive_mixing: 0.025 +/- 0.000
2025-11-17 07:29:55 INFO    |  step: 64551424, training/alpha_loss: 0.000 +/- 0.000
2025-11-17 07:29:55 INFO    |  step: 64551424, training/critic_loss: 1.744 +/- 0.000
2025-11-17 07:29:55 INFO    |  step: 64551424, training/entropy: -3.998 +/- 0.000
2025-11-17 07:29:55 INFO    |  step: 64551424, training/env_grad_mean_norm: 0.460 +/- 0.000
2025-11-17 07:29:55 INFO    |  step: 64551424, training/env_grad_trvar: 47.808 +/- 0.000
2025-11-17 07:29:55 INFO    |  step: 64551424, training/env_rb_bias_squared: 23.519 +/- 0.000
2025-11-17 07:29:55 INFO    |  step: 64551424, training/log_alpha: -4.594 +/- 0.000
2025-11-17 07:29:55 INFO    |  step: 64551424, training/num_env_samples: 252.891 +/- 0.000
2025-11-17 07:29:55 INFO    |  step: 64551424, training/num_rb_samples: 3.109 +/- 0.000
2025-11-17 07:29:55 INFO    |  step: 64551424, training/rb_grad_mean_norm: 3.959 +/- 0.000
2025-11-17 07:29:55 INFO    |  step: 64551424, training/rb_grad_trvar: 31.559 +/- 0.000
2025-11-17 07:29:55 INFO    |  step: 64551424, eval/episode_reward: 276.066 +/- 0.000
2025-11-17 07:29:55 INFO    |  step: 64551424, eval/episode_success: 276.066 +/- 0.000
2025-11-17 07:29:55 INFO    |  step: 64551424, eval/episode_success_easy: 539.508 +/- 0.000
2025-11-17 07:29:55 INFO    |  step: 64551424, eval/episode_dist: 2442.096 +/- 0.000
2025-11-17 07:29:55 INFO    |  step: 64551424, eval/episode_success_any: 0.555 +/- 0.000
2025-11-17 07:29:55 INFO    |  step: 64551424, eval/episode_reward_ctrl: 0.000 +/- 0.000
2025-11-17 07:29:55 INFO    |  step: 64551424, eval/episode_reward_dist: 0.000 +/- 0.000
2025-11-17 07:29:55 INFO    |  step: 64551424, eval/episode_reward_near: 0.000 +/- 0.000
2025-11-17 07:29:55 INFO    |  step: 64551424, eval/episode_reward_survive: 0.000 +/- 0.000
2025-11-17 07:29:55 INFO    |  step: 64551424, eval/episode_success_hard: 0.000 +/- 0.000
2025-11-17 07:30:14 INFO    |  actor input shape: (10000, 31)
2025-11-17 07:30:14 INFO    |  encoder input shape: (10000, 37)
2025-11-17 07:30:14 INFO    |  encoder input shape: (10000, 2)
2025-11-17 07:30:14 INFO    |  actor input shape: (10000, 31)
2025-11-17 07:30:14 INFO    |  encoder input shape: (10000, 37)
2025-11-17 07:30:14 INFO    |  encoder input shape: (10000, 2)
2025-11-17 07:30:15 INFO    |  actor input shape: (10000, 31)
2025-11-17 07:30:15 INFO    |  encoder input shape: (10000, 37)
2025-11-17 07:30:15 INFO    |  encoder input shape: (10000, 2)
2025-11-17 07:30:15 INFO    |  Plotted visualizations at env step 64948224.0
2025-11-17 07:30:17 INFO    |  step: 64948224
2025-11-17 07:30:17 INFO    |  step: 64948224, training/sps: 19814.380 +/- 0.000
2025-11-17 07:30:17 INFO    |  step: 64948224, training/actor_loss: 1.742 +/- 0.000
2025-11-17 07:30:17 INFO    |  step: 64948224, training/adaptive_mixing: 0.006 +/- 0.000
2025-11-17 07:30:17 INFO    |  step: 64948224, training/alpha_loss: 0.000 +/- 0.000
2025-11-17 07:30:17 INFO    |  step: 64948224, training/critic_loss: 1.743 +/- 0.000
2025-11-17 07:30:17 INFO    |  step: 64948224, training/entropy: -4.000 +/- 0.000
2025-11-17 07:30:17 INFO    |  step: 64948224, training/env_grad_mean_norm: 0.456 +/- 0.000
2025-11-17 07:30:17 INFO    |  step: 64948224, training/env_grad_trvar: 46.784 +/- 0.000
2025-11-17 07:30:17 INFO    |  step: 64948224, training/env_rb_bias_squared: 18.796 +/- 0.000
2025-11-17 07:30:17 INFO    |  step: 64948224, training/log_alpha: -4.597 +/- 0.000
2025-11-17 07:30:17 INFO    |  step: 64948224, training/num_env_samples: 252.067 +/- 0.000
2025-11-17 07:30:17 INFO    |  step: 64948224, training/num_rb_samples: 3.933 +/- 0.000
2025-11-17 07:30:17 INFO    |  step: 64948224, training/rb_grad_mean_norm: 3.684 +/- 0.000
2025-11-17 07:30:17 INFO    |  step: 64948224, training/rb_grad_trvar: 36.576 +/- 0.000
2025-11-17 07:30:17 INFO    |  step: 64948224, eval/episode_reward: 359.102 +/- 0.000
2025-11-17 07:30:17 INFO    |  step: 64948224, eval/episode_success: 359.102 +/- 0.000
2025-11-17 07:30:17 INFO    |  step: 64948224, eval/episode_success_easy: 558.312 +/- 0.000
2025-11-17 07:30:17 INFO    |  step: 64948224, eval/episode_dist: 2603.662 +/- 0.000
2025-11-17 07:30:17 INFO    |  step: 64948224, eval/episode_success_any: 0.641 +/- 0.000
2025-11-17 07:30:17 INFO    |  step: 64948224, eval/episode_reward_ctrl: 0.000 +/- 0.000
2025-11-17 07:30:17 INFO    |  step: 64948224, eval/episode_reward_dist: 0.000 +/- 0.000
2025-11-17 07:30:17 INFO    |  step: 64948224, eval/episode_reward_near: 0.000 +/- 0.000
2025-11-17 07:30:17 INFO    |  step: 64948224, eval/episode_reward_survive: 0.000 +/- 0.000
2025-11-17 07:30:17 INFO    |  step: 64948224, eval/episode_success_hard: 0.000 +/- 0.000
2025-11-17 07:30:36 INFO    |  actor input shape: (10000, 31)
2025-11-17 07:30:36 INFO    |  encoder input shape: (10000, 37)
2025-11-17 07:30:36 INFO    |  encoder input shape: (10000, 2)
2025-11-17 07:30:36 INFO    |  actor input shape: (10000, 31)
2025-11-17 07:30:36 INFO    |  encoder input shape: (10000, 37)
2025-11-17 07:30:36 INFO    |  encoder input shape: (10000, 2)
2025-11-17 07:30:36 INFO    |  actor input shape: (10000, 31)
2025-11-17 07:30:36 INFO    |  encoder input shape: (10000, 37)
2025-11-17 07:30:36 INFO    |  encoder input shape: (10000, 2)
2025-11-17 07:30:37 INFO    |  Plotted visualizations at env step 65345024.0
2025-11-17 07:30:38 INFO    |  step: 65345024
2025-11-17 07:30:38 INFO    |  step: 65345024, training/sps: 19946.006 +/- 0.000
2025-11-17 07:30:38 INFO    |  step: 65345024, training/actor_loss: 1.748 +/- 0.000
2025-11-17 07:30:38 INFO    |  step: 65345024, training/adaptive_mixing: 0.002 +/- 0.000
2025-11-17 07:30:38 INFO    |  step: 65345024, training/alpha_loss: -0.000 +/- 0.000
2025-11-17 07:30:38 INFO    |  step: 65345024, training/critic_loss: 1.742 +/- 0.000
2025-11-17 07:30:38 INFO    |  step: 65345024, training/entropy: -4.001 +/- 0.000
2025-11-17 07:30:38 INFO    |  step: 65345024, training/env_grad_mean_norm: 0.455 +/- 0.000
2025-11-17 07:30:38 INFO    |  step: 65345024, training/env_grad_trvar: 46.712 +/- 0.000
2025-11-17 07:30:38 INFO    |  step: 65345024, training/env_rb_bias_squared: 19.354 +/- 0.000
2025-11-17 07:30:38 INFO    |  step: 65345024, training/log_alpha: -4.610 +/- 0.000
2025-11-17 07:30:38 INFO    |  step: 65345024, training/num_env_samples: 252.110 +/- 0.000
2025-11-17 07:30:38 INFO    |  step: 65345024, training/num_rb_samples: 3.890 +/- 0.000
2025-11-17 07:30:38 INFO    |  step: 65345024, training/rb_grad_mean_norm: 3.710 +/- 0.000
2025-11-17 07:30:38 INFO    |  step: 65345024, training/rb_grad_trvar: 36.795 +/- 0.000
2025-11-17 07:30:38 INFO    |  step: 65345024, eval/episode_reward: 312.086 +/- 0.000
2025-11-17 07:30:38 INFO    |  step: 65345024, eval/episode_success: 312.086 +/- 0.000
2025-11-17 07:30:38 INFO    |  step: 65345024, eval/episode_success_easy: 541.266 +/- 0.000
2025-11-17 07:30:38 INFO    |  step: 65345024, eval/episode_dist: 2477.900 +/- 0.000
2025-11-17 07:30:38 INFO    |  step: 65345024, eval/episode_success_any: 0.605 +/- 0.000
2025-11-17 07:30:38 INFO    |  step: 65345024, eval/episode_reward_ctrl: 0.000 +/- 0.000
2025-11-17 07:30:38 INFO    |  step: 65345024, eval/episode_reward_dist: 0.000 +/- 0.000
2025-11-17 07:30:38 INFO    |  step: 65345024, eval/episode_reward_near: 0.000 +/- 0.000
2025-11-17 07:30:38 INFO    |  step: 65345024, eval/episode_reward_survive: 0.000 +/- 0.000
2025-11-17 07:30:38 INFO    |  step: 65345024, eval/episode_success_hard: 0.000 +/- 0.000
2025-11-17 07:30:58 INFO    |  actor input shape: (10000, 31)
2025-11-17 07:30:58 INFO    |  encoder input shape: (10000, 37)
2025-11-17 07:30:58 INFO    |  encoder input shape: (10000, 2)
2025-11-17 07:30:58 INFO    |  actor input shape: (10000, 31)
2025-11-17 07:30:58 INFO    |  encoder input shape: (10000, 37)
2025-11-17 07:30:58 INFO    |  encoder input shape: (10000, 2)
2025-11-17 07:30:58 INFO    |  actor input shape: (10000, 31)
2025-11-17 07:30:58 INFO    |  encoder input shape: (10000, 37)
2025-11-17 07:30:58 INFO    |  encoder input shape: (10000, 2)
2025-11-17 07:30:58 INFO    |  Plotted visualizations at env step 65741824.0
2025-11-17 07:31:00 INFO    |  step: 65741824
2025-11-17 07:31:00 INFO    |  step: 65741824, training/sps: 19942.858 +/- 0.000
2025-11-17 07:31:00 INFO    |  step: 65741824, training/actor_loss: 1.747 +/- 0.000
2025-11-17 07:31:00 INFO    |  step: 65741824, training/adaptive_mixing: 0.076 +/- 0.000
2025-11-17 07:31:00 INFO    |  step: 65741824, training/alpha_loss: 0.000 +/- 0.000
2025-11-17 07:31:00 INFO    |  step: 65741824, training/critic_loss: 1.741 +/- 0.000
2025-11-17 07:31:00 INFO    |  step: 65741824, training/entropy: -3.998 +/- 0.000
2025-11-17 07:31:00 INFO    |  step: 65741824, training/env_grad_mean_norm: 0.453 +/- 0.000
2025-11-17 07:31:00 INFO    |  step: 65741824, training/env_grad_trvar: 46.501 +/- 0.000
2025-11-17 07:31:00 INFO    |  step: 65741824, training/env_rb_bias_squared: 21.644 +/- 0.000
2025-11-17 07:31:00 INFO    |  step: 65741824, training/log_alpha: -4.610 +/- 0.000
2025-11-17 07:31:00 INFO    |  step: 65741824, training/num_env_samples: 252.616 +/- 0.000
2025-11-17 07:31:00 INFO    |  step: 65741824, training/num_rb_samples: 3.384 +/- 0.000
2025-11-17 07:31:00 INFO    |  step: 65741824, training/rb_grad_mean_norm: 3.740 +/- 0.000
2025-11-17 07:31:00 INFO    |  step: 65741824, training/rb_grad_trvar: 30.576 +/- 0.000
2025-11-17 07:31:00 INFO    |  step: 65741824, eval/episode_reward: 305.238 +/- 0.000
2025-11-17 07:31:00 INFO    |  step: 65741824, eval/episode_success: 305.238 +/- 0.000
2025-11-17 07:31:00 INFO    |  step: 65741824, eval/episode_success_easy: 516.832 +/- 0.000
2025-11-17 07:31:00 INFO    |  step: 65741824, eval/episode_dist: 2559.401 +/- 0.000
2025-11-17 07:31:00 INFO    |  step: 65741824, eval/episode_success_any: 0.559 +/- 0.000
2025-11-17 07:31:00 INFO    |  step: 65741824, eval/episode_reward_ctrl: 0.000 +/- 0.000
2025-11-17 07:31:00 INFO    |  step: 65741824, eval/episode_reward_dist: 0.000 +/- 0.000
2025-11-17 07:31:00 INFO    |  step: 65741824, eval/episode_reward_near: 0.000 +/- 0.000
2025-11-17 07:31:00 INFO    |  step: 65741824, eval/episode_reward_survive: 0.000 +/- 0.000
2025-11-17 07:31:00 INFO    |  step: 65741824, eval/episode_success_hard: 0.000 +/- 0.000
2025-11-17 07:31:19 INFO    |  actor input shape: (10000, 31)
2025-11-17 07:31:19 INFO    |  encoder input shape: (10000, 37)
2025-11-17 07:31:19 INFO    |  encoder input shape: (10000, 2)
2025-11-17 07:31:20 INFO    |  actor input shape: (10000, 31)
2025-11-17 07:31:20 INFO    |  encoder input shape: (10000, 37)
2025-11-17 07:31:20 INFO    |  encoder input shape: (10000, 2)
2025-11-17 07:31:20 INFO    |  actor input shape: (10000, 31)
2025-11-17 07:31:20 INFO    |  encoder input shape: (10000, 37)
2025-11-17 07:31:20 INFO    |  encoder input shape: (10000, 2)
2025-11-17 07:31:20 INFO    |  Plotted visualizations at env step 66138624.0
2025-11-17 07:31:22 INFO    |  step: 66138624
2025-11-17 07:31:24 INFO    |  actor input shape: (1, 31)
2025-11-17 07:31:42 INFO    |  step: 66138624, training/sps: 19978.748 +/- 0.000
2025-11-17 07:31:42 INFO    |  step: 66138624, training/actor_loss: 1.754 +/- 0.000
2025-11-17 07:31:42 INFO    |  step: 66138624, training/adaptive_mixing: 0.003 +/- 0.000
2025-11-17 07:31:42 INFO    |  step: 66138624, training/alpha_loss: 0.000 +/- 0.000
2025-11-17 07:31:42 INFO    |  step: 66138624, training/critic_loss: 1.747 +/- 0.000
2025-11-17 07:31:42 INFO    |  step: 66138624, training/entropy: -3.998 +/- 0.000
2025-11-17 07:31:42 INFO    |  step: 66138624, training/env_grad_mean_norm: 0.453 +/- 0.000
2025-11-17 07:31:42 INFO    |  step: 66138624, training/env_grad_trvar: 46.380 +/- 0.000
2025-11-17 07:31:42 INFO    |  step: 66138624, training/env_rb_bias_squared: 13.703 +/- 0.000
2025-11-17 07:31:42 INFO    |  step: 66138624, training/log_alpha: -4.617 +/- 0.000
2025-11-17 07:31:42 INFO    |  step: 66138624, training/num_env_samples: 250.839 +/- 0.000
2025-11-17 07:31:42 INFO    |  step: 66138624, training/num_rb_samples: 5.161 +/- 0.000
2025-11-17 07:31:42 INFO    |  step: 66138624, training/rb_grad_mean_norm: 3.205 +/- 0.000
2025-11-17 07:31:42 INFO    |  step: 66138624, training/rb_grad_trvar: 40.952 +/- 0.000
2025-11-17 07:31:42 INFO    |  step: 66138624, eval/episode_reward: 285.527 +/- 0.000
2025-11-17 07:31:42 INFO    |  step: 66138624, eval/episode_success: 285.527 +/- 0.000
2025-11-17 07:31:42 INFO    |  step: 66138624, eval/episode_success_easy: 514.531 +/- 0.000
2025-11-17 07:31:42 INFO    |  step: 66138624, eval/episode_dist: 2482.060 +/- 0.000
2025-11-17 07:31:42 INFO    |  step: 66138624, eval/episode_success_any: 0.551 +/- 0.000
2025-11-17 07:31:42 INFO    |  step: 66138624, eval/episode_reward_ctrl: 0.000 +/- 0.000
2025-11-17 07:31:42 INFO    |  step: 66138624, eval/episode_reward_dist: 0.000 +/- 0.000
2025-11-17 07:31:42 INFO    |  step: 66138624, eval/episode_reward_near: 0.000 +/- 0.000
2025-11-17 07:31:42 INFO    |  step: 66138624, eval/episode_reward_survive: 0.000 +/- 0.000
2025-11-17 07:31:42 INFO    |  step: 66138624, eval/episode_success_hard: 0.000 +/- 0.000
2025-11-17 07:32:01 INFO    |  actor input shape: (10000, 31)
2025-11-17 07:32:01 INFO    |  encoder input shape: (10000, 37)
2025-11-17 07:32:01 INFO    |  encoder input shape: (10000, 2)
2025-11-17 07:32:02 INFO    |  actor input shape: (10000, 31)
2025-11-17 07:32:02 INFO    |  encoder input shape: (10000, 37)
2025-11-17 07:32:02 INFO    |  encoder input shape: (10000, 2)
2025-11-17 07:32:02 INFO    |  actor input shape: (10000, 31)
2025-11-17 07:32:02 INFO    |  encoder input shape: (10000, 37)
2025-11-17 07:32:02 INFO    |  encoder input shape: (10000, 2)
2025-11-17 07:32:02 INFO    |  Plotted visualizations at env step 66535424.0
2025-11-17 07:32:04 INFO    |  step: 66535424
2025-11-17 07:32:04 INFO    |  step: 66535424, training/sps: 19831.505 +/- 0.000
2025-11-17 07:32:04 INFO    |  step: 66535424, training/actor_loss: 1.754 +/- 0.000
2025-11-17 07:32:04 INFO    |  step: 66535424, training/adaptive_mixing: 0.004 +/- 0.000
2025-11-17 07:32:04 INFO    |  step: 66535424, training/alpha_loss: -0.000 +/- 0.000
2025-11-17 07:32:04 INFO    |  step: 66535424, training/critic_loss: 1.748 +/- 0.000
2025-11-17 07:32:04 INFO    |  step: 66535424, training/entropy: -4.001 +/- 0.000
2025-11-17 07:32:04 INFO    |  step: 66535424, training/env_grad_mean_norm: 0.452 +/- 0.000
2025-11-17 07:32:04 INFO    |  step: 66535424, training/env_grad_trvar: 46.377 +/- 0.000
2025-11-17 07:32:04 INFO    |  step: 66535424, training/env_rb_bias_squared: 14.965 +/- 0.000
2025-11-17 07:32:04 INFO    |  step: 66535424, training/log_alpha: -4.623 +/- 0.000
2025-11-17 07:32:04 INFO    |  step: 66535424, training/num_env_samples: 250.842 +/- 0.000
2025-11-17 07:32:04 INFO    |  step: 66535424, training/num_rb_samples: 5.158 +/- 0.000
2025-11-17 07:32:04 INFO    |  step: 66535424, training/rb_grad_mean_norm: 3.335 +/- 0.000
2025-11-17 07:32:04 INFO    |  step: 66535424, training/rb_grad_trvar: 43.295 +/- 0.000
2025-11-17 07:32:04 INFO    |  step: 66535424, eval/episode_reward: 302.434 +/- 0.000
2025-11-17 07:32:04 INFO    |  step: 66535424, eval/episode_success: 302.434 +/- 0.000
2025-11-17 07:32:04 INFO    |  step: 66535424, eval/episode_success_easy: 563.559 +/- 0.000
2025-11-17 07:32:04 INFO    |  step: 66535424, eval/episode_dist: 2733.956 +/- 0.000
2025-11-17 07:32:04 INFO    |  step: 66535424, eval/episode_success_any: 0.605 +/- 0.000
2025-11-17 07:32:04 INFO    |  step: 66535424, eval/episode_reward_ctrl: 0.000 +/- 0.000
2025-11-17 07:32:04 INFO    |  step: 66535424, eval/episode_reward_dist: 0.000 +/- 0.000
2025-11-17 07:32:04 INFO    |  step: 66535424, eval/episode_reward_near: 0.000 +/- 0.000
2025-11-17 07:32:04 INFO    |  step: 66535424, eval/episode_reward_survive: 0.000 +/- 0.000
2025-11-17 07:32:04 INFO    |  step: 66535424, eval/episode_success_hard: 0.000 +/- 0.000
2025-11-17 07:32:23 INFO    |  actor input shape: (10000, 31)
2025-11-17 07:32:23 INFO    |  encoder input shape: (10000, 37)
2025-11-17 07:32:23 INFO    |  encoder input shape: (10000, 2)
2025-11-17 07:32:24 INFO    |  actor input shape: (10000, 31)
2025-11-17 07:32:24 INFO    |  encoder input shape: (10000, 37)
2025-11-17 07:32:24 INFO    |  encoder input shape: (10000, 2)
2025-11-17 07:32:24 INFO    |  actor input shape: (10000, 31)
2025-11-17 07:32:24 INFO    |  encoder input shape: (10000, 37)
2025-11-17 07:32:24 INFO    |  encoder input shape: (10000, 2)
2025-11-17 07:32:24 INFO    |  Plotted visualizations at env step 66932224.0
2025-11-17 07:32:26 INFO    |  step: 66932224
2025-11-17 07:32:26 INFO    |  step: 66932224, training/sps: 19781.527 +/- 0.000
2025-11-17 07:32:26 INFO    |  step: 66932224, training/actor_loss: 1.753 +/- 0.000
2025-11-17 07:32:26 INFO    |  step: 66932224, training/adaptive_mixing: 0.005 +/- 0.000
2025-11-17 07:32:26 INFO    |  step: 66932224, training/alpha_loss: -0.000 +/- 0.000
2025-11-17 07:32:26 INFO    |  step: 66932224, training/critic_loss: 1.744 +/- 0.000
2025-11-17 07:32:26 INFO    |  step: 66932224, training/entropy: -4.001 +/- 0.000
2025-11-17 07:32:26 INFO    |  step: 66932224, training/env_grad_mean_norm: 0.452 +/- 0.000
2025-11-17 07:32:26 INFO    |  step: 66932224, training/env_grad_trvar: 46.302 +/- 0.000
2025-11-17 07:32:26 INFO    |  step: 66932224, training/env_rb_bias_squared: 15.503 +/- 0.000
2025-11-17 07:32:26 INFO    |  step: 66932224, training/log_alpha: -4.623 +/- 0.000
2025-11-17 07:32:26 INFO    |  step: 66932224, training/num_env_samples: 251.178 +/- 0.000
2025-11-17 07:32:26 INFO    |  step: 66932224, training/num_rb_samples: 4.822 +/- 0.000
2025-11-17 07:32:26 INFO    |  step: 66932224, training/rb_grad_mean_norm: 3.385 +/- 0.000
2025-11-17 07:32:26 INFO    |  step: 66932224, training/rb_grad_trvar: 41.258 +/- 0.000
2025-11-17 07:32:26 INFO    |  step: 66932224, eval/episode_reward: 279.520 +/- 0.000
2025-11-17 07:32:26 INFO    |  step: 66932224, eval/episode_success: 279.520 +/- 0.000
2025-11-17 07:32:26 INFO    |  step: 66932224, eval/episode_success_easy: 516.258 +/- 0.000
2025-11-17 07:32:26 INFO    |  step: 66932224, eval/episode_dist: 2997.338 +/- 0.000
2025-11-17 07:32:26 INFO    |  step: 66932224, eval/episode_success_any: 0.574 +/- 0.000
2025-11-17 07:32:26 INFO    |  step: 66932224, eval/episode_reward_ctrl: 0.000 +/- 0.000
2025-11-17 07:32:26 INFO    |  step: 66932224, eval/episode_reward_dist: 0.000 +/- 0.000
2025-11-17 07:32:26 INFO    |  step: 66932224, eval/episode_reward_near: 0.000 +/- 0.000
2025-11-17 07:32:26 INFO    |  step: 66932224, eval/episode_reward_survive: 0.000 +/- 0.000
2025-11-17 07:32:26 INFO    |  step: 66932224, eval/episode_success_hard: 0.000 +/- 0.000
2025-11-17 07:32:45 INFO    |  actor input shape: (10000, 31)
2025-11-17 07:32:45 INFO    |  encoder input shape: (10000, 37)
2025-11-17 07:32:45 INFO    |  encoder input shape: (10000, 2)
2025-11-17 07:32:45 INFO    |  actor input shape: (10000, 31)
2025-11-17 07:32:45 INFO    |  encoder input shape: (10000, 37)
2025-11-17 07:32:45 INFO    |  encoder input shape: (10000, 2)
2025-11-17 07:32:46 INFO    |  actor input shape: (10000, 31)
2025-11-17 07:32:46 INFO    |  encoder input shape: (10000, 37)
2025-11-17 07:32:46 INFO    |  encoder input shape: (10000, 2)
2025-11-17 07:32:46 INFO    |  Plotted visualizations at env step 67329024.0
2025-11-17 07:32:48 INFO    |  step: 67329024
2025-11-17 07:32:48 INFO    |  step: 67329024, training/sps: 19843.422 +/- 0.000
2025-11-17 07:32:48 INFO    |  step: 67329024, training/actor_loss: 1.752 +/- 0.000
2025-11-17 07:32:48 INFO    |  step: 67329024, training/adaptive_mixing: 0.023 +/- 0.000
2025-11-17 07:32:48 INFO    |  step: 67329024, training/alpha_loss: -0.000 +/- 0.000
2025-11-17 07:32:48 INFO    |  step: 67329024, training/critic_loss: 1.745 +/- 0.000
2025-11-17 07:32:48 INFO    |  step: 67329024, training/entropy: -4.000 +/- 0.000
2025-11-17 07:32:48 INFO    |  step: 67329024, training/env_grad_mean_norm: 0.455 +/- 0.000
2025-11-17 07:32:48 INFO    |  step: 67329024, training/env_grad_trvar: 47.056 +/- 0.000
2025-11-17 07:32:48 INFO    |  step: 67329024, training/env_rb_bias_squared: 22.302 +/- 0.000
2025-11-17 07:32:48 INFO    |  step: 67329024, training/log_alpha: -4.616 +/- 0.000
2025-11-17 07:32:48 INFO    |  step: 67329024, training/num_env_samples: 251.861 +/- 0.000
2025-11-17 07:32:48 INFO    |  step: 67329024, training/num_rb_samples: 4.139 +/- 0.000
2025-11-17 07:32:48 INFO    |  step: 67329024, training/rb_grad_mean_norm: 3.697 +/- 0.000
2025-11-17 07:32:48 INFO    |  step: 67329024, training/rb_grad_trvar: 49.823 +/- 0.000
2025-11-17 07:32:48 INFO    |  step: 67329024, eval/episode_reward: 328.492 +/- 0.000
2025-11-17 07:32:48 INFO    |  step: 67329024, eval/episode_success: 328.492 +/- 0.000
2025-11-17 07:32:48 INFO    |  step: 67329024, eval/episode_success_easy: 536.781 +/- 0.000
2025-11-17 07:32:48 INFO    |  step: 67329024, eval/episode_dist: 2299.677 +/- 0.000
2025-11-17 07:32:48 INFO    |  step: 67329024, eval/episode_success_any: 0.621 +/- 0.000
2025-11-17 07:32:48 INFO    |  step: 67329024, eval/episode_reward_ctrl: 0.000 +/- 0.000
2025-11-17 07:32:48 INFO    |  step: 67329024, eval/episode_reward_dist: 0.000 +/- 0.000
2025-11-17 07:32:48 INFO    |  step: 67329024, eval/episode_reward_near: 0.000 +/- 0.000
2025-11-17 07:32:48 INFO    |  step: 67329024, eval/episode_reward_survive: 0.000 +/- 0.000
2025-11-17 07:32:48 INFO    |  step: 67329024, eval/episode_success_hard: 0.000 +/- 0.000
2025-11-17 07:33:07 INFO    |  actor input shape: (10000, 31)
2025-11-17 07:33:07 INFO    |  encoder input shape: (10000, 37)
2025-11-17 07:33:07 INFO    |  encoder input shape: (10000, 2)
2025-11-17 07:33:07 INFO    |  actor input shape: (10000, 31)
2025-11-17 07:33:07 INFO    |  encoder input shape: (10000, 37)
2025-11-17 07:33:07 INFO    |  encoder input shape: (10000, 2)
2025-11-17 07:33:08 INFO    |  actor input shape: (10000, 31)
2025-11-17 07:33:08 INFO    |  encoder input shape: (10000, 37)
2025-11-17 07:33:08 INFO    |  encoder input shape: (10000, 2)
2025-11-17 07:33:08 INFO    |  Plotted visualizations at env step 67725824.0
2025-11-17 07:33:10 INFO    |  step: 67725824
2025-11-17 07:33:10 INFO    |  step: 67725824, training/sps: 19810.304 +/- 0.000
2025-11-17 07:33:10 INFO    |  step: 67725824, training/actor_loss: 1.758 +/- 0.000
2025-11-17 07:33:10 INFO    |  step: 67725824, training/adaptive_mixing: 0.022 +/- 0.000
2025-11-17 07:33:10 INFO    |  step: 67725824, training/alpha_loss: 0.000 +/- 0.000
2025-11-17 07:33:10 INFO    |  step: 67725824, training/critic_loss: 1.755 +/- 0.000
2025-11-17 07:33:10 INFO    |  step: 67725824, training/entropy: -3.998 +/- 0.000
2025-11-17 07:33:10 INFO    |  step: 67725824, training/env_grad_mean_norm: 0.452 +/- 0.000
2025-11-17 07:33:10 INFO    |  step: 67725824, training/env_grad_trvar: 46.468 +/- 0.000
2025-11-17 07:33:10 INFO    |  step: 67725824, training/env_rb_bias_squared: 15.500 +/- 0.000
2025-11-17 07:33:10 INFO    |  step: 67725824, training/log_alpha: -4.613 +/- 0.000
2025-11-17 07:33:10 INFO    |  step: 67725824, training/num_env_samples: 251.038 +/- 0.000
2025-11-17 07:33:10 INFO    |  step: 67725824, training/num_rb_samples: 4.962 +/- 0.000
2025-11-17 07:33:10 INFO    |  step: 67725824, training/rb_grad_mean_norm: 3.390 +/- 0.000
2025-11-17 07:33:10 INFO    |  step: 67725824, training/rb_grad_trvar: 41.944 +/- 0.000
2025-11-17 07:33:10 INFO    |  step: 67725824, eval/episode_reward: 295.789 +/- 0.000
2025-11-17 07:33:10 INFO    |  step: 67725824, eval/episode_success: 295.789 +/- 0.000
2025-11-17 07:33:10 INFO    |  step: 67725824, eval/episode_success_easy: 543.844 +/- 0.000
2025-11-17 07:33:10 INFO    |  step: 67725824, eval/episode_dist: 2184.667 +/- 0.000
2025-11-17 07:33:10 INFO    |  step: 67725824, eval/episode_success_any: 0.617 +/- 0.000
2025-11-17 07:33:10 INFO    |  step: 67725824, eval/episode_reward_ctrl: 0.000 +/- 0.000
2025-11-17 07:33:10 INFO    |  step: 67725824, eval/episode_reward_dist: 0.000 +/- 0.000
2025-11-17 07:33:10 INFO    |  step: 67725824, eval/episode_reward_near: 0.000 +/- 0.000
2025-11-17 07:33:10 INFO    |  step: 67725824, eval/episode_reward_survive: 0.000 +/- 0.000
2025-11-17 07:33:10 INFO    |  step: 67725824, eval/episode_success_hard: 0.000 +/- 0.000
2025-11-17 07:33:29 INFO    |  actor input shape: (10000, 31)
2025-11-17 07:33:29 INFO    |  encoder input shape: (10000, 37)
2025-11-17 07:33:29 INFO    |  encoder input shape: (10000, 2)
2025-11-17 07:33:29 INFO    |  actor input shape: (10000, 31)
2025-11-17 07:33:29 INFO    |  encoder input shape: (10000, 37)
2025-11-17 07:33:29 INFO    |  encoder input shape: (10000, 2)
2025-11-17 07:33:29 INFO    |  actor input shape: (10000, 31)
2025-11-17 07:33:29 INFO    |  encoder input shape: (10000, 37)
2025-11-17 07:33:29 INFO    |  encoder input shape: (10000, 2)
2025-11-17 07:33:30 INFO    |  Plotted visualizations at env step 68122624.0
2025-11-17 07:33:31 INFO    |  step: 68122624
2025-11-17 07:33:33 INFO    |  actor input shape: (1, 31)
2025-11-17 07:33:51 INFO    |  step: 68122624, training/sps: 19872.339 +/- 0.000
2025-11-17 07:33:51 INFO    |  step: 68122624, training/actor_loss: 1.757 +/- 0.000
2025-11-17 07:33:51 INFO    |  step: 68122624, training/adaptive_mixing: 0.006 +/- 0.000
2025-11-17 07:33:51 INFO    |  step: 68122624, training/alpha_loss: -0.000 +/- 0.000
2025-11-17 07:33:51 INFO    |  step: 68122624, training/critic_loss: 1.754 +/- 0.000
2025-11-17 07:33:51 INFO    |  step: 68122624, training/entropy: -4.003 +/- 0.000
2025-11-17 07:33:51 INFO    |  step: 68122624, training/env_grad_mean_norm: 0.451 +/- 0.000
2025-11-17 07:33:51 INFO    |  step: 68122624, training/env_grad_trvar: 46.367 +/- 0.000
2025-11-17 07:33:51 INFO    |  step: 68122624, training/env_rb_bias_squared: 19.064 +/- 0.000
2025-11-17 07:33:51 INFO    |  step: 68122624, training/log_alpha: -4.613 +/- 0.000
2025-11-17 07:33:51 INFO    |  step: 68122624, training/num_env_samples: 252.042 +/- 0.000
2025-11-17 07:33:51 INFO    |  step: 68122624, training/num_rb_samples: 3.958 +/- 0.000
2025-11-17 07:33:51 INFO    |  step: 68122624, training/rb_grad_mean_norm: 3.634 +/- 0.000
2025-11-17 07:33:51 INFO    |  step: 68122624, training/rb_grad_trvar: 35.879 +/- 0.000
2025-11-17 07:33:51 INFO    |  step: 68122624, eval/episode_reward: 302.777 +/- 0.000
2025-11-17 07:33:51 INFO    |  step: 68122624, eval/episode_success: 302.777 +/- 0.000
2025-11-17 07:33:51 INFO    |  step: 68122624, eval/episode_success_easy: 552.984 +/- 0.000
2025-11-17 07:33:51 INFO    |  step: 68122624, eval/episode_dist: 2722.506 +/- 0.000
2025-11-17 07:33:51 INFO    |  step: 68122624, eval/episode_success_any: 0.613 +/- 0.000
2025-11-17 07:33:51 INFO    |  step: 68122624, eval/episode_reward_ctrl: 0.000 +/- 0.000
2025-11-17 07:33:51 INFO    |  step: 68122624, eval/episode_reward_dist: 0.000 +/- 0.000
2025-11-17 07:33:51 INFO    |  step: 68122624, eval/episode_reward_near: 0.000 +/- 0.000
2025-11-17 07:33:51 INFO    |  step: 68122624, eval/episode_reward_survive: 0.000 +/- 0.000
2025-11-17 07:33:51 INFO    |  step: 68122624, eval/episode_success_hard: 0.000 +/- 0.000
2025-11-17 07:34:10 INFO    |  actor input shape: (10000, 31)
2025-11-17 07:34:10 INFO    |  encoder input shape: (10000, 37)
2025-11-17 07:34:10 INFO    |  encoder input shape: (10000, 2)
2025-11-17 07:34:10 INFO    |  actor input shape: (10000, 31)
2025-11-17 07:34:10 INFO    |  encoder input shape: (10000, 37)
2025-11-17 07:34:10 INFO    |  encoder input shape: (10000, 2)
2025-11-17 07:34:10 INFO    |  actor input shape: (10000, 31)
2025-11-17 07:34:10 INFO    |  encoder input shape: (10000, 37)
2025-11-17 07:34:10 INFO    |  encoder input shape: (10000, 2)
2025-11-17 07:34:11 INFO    |  Plotted visualizations at env step 68519424.0
2025-11-17 07:34:12 INFO    |  step: 68519424
2025-11-17 07:34:12 INFO    |  step: 68519424, training/sps: 20116.018 +/- 0.000
2025-11-17 07:34:12 INFO    |  step: 68519424, training/actor_loss: 1.750 +/- 0.000
2025-11-17 07:34:12 INFO    |  step: 68519424, training/adaptive_mixing: 0.025 +/- 0.000
2025-11-17 07:34:12 INFO    |  step: 68519424, training/alpha_loss: 0.000 +/- 0.000
2025-11-17 07:34:12 INFO    |  step: 68519424, training/critic_loss: 1.746 +/- 0.000
2025-11-17 07:34:12 INFO    |  step: 68519424, training/entropy: -4.000 +/- 0.000
2025-11-17 07:34:12 INFO    |  step: 68519424, training/env_grad_mean_norm: 0.455 +/- 0.000
2025-11-17 07:34:12 INFO    |  step: 68519424, training/env_grad_trvar: 47.244 +/- 0.000
2025-11-17 07:34:12 INFO    |  step: 68519424, training/env_rb_bias_squared: 23.493 +/- 0.000
2025-11-17 07:34:12 INFO    |  step: 68519424, training/log_alpha: -4.595 +/- 0.000
2025-11-17 07:34:12 INFO    |  step: 68519424, training/num_env_samples: 252.961 +/- 0.000
2025-11-17 07:34:12 INFO    |  step: 68519424, training/num_rb_samples: 3.039 +/- 0.000
2025-11-17 07:34:12 INFO    |  step: 68519424, training/rb_grad_mean_norm: 3.928 +/- 0.000
2025-11-17 07:34:12 INFO    |  step: 68519424, training/rb_grad_trvar: 30.674 +/- 0.000
2025-11-17 07:34:12 INFO    |  step: 68519424, eval/episode_reward: 295.707 +/- 0.000
2025-11-17 07:34:12 INFO    |  step: 68519424, eval/episode_success: 295.707 +/- 0.000
2025-11-17 07:34:12 INFO    |  step: 68519424, eval/episode_success_easy: 535.863 +/- 0.000
2025-11-17 07:34:12 INFO    |  step: 68519424, eval/episode_dist: 2434.641 +/- 0.000
2025-11-17 07:34:12 INFO    |  step: 68519424, eval/episode_success_any: 0.590 +/- 0.000
2025-11-17 07:34:12 INFO    |  step: 68519424, eval/episode_reward_ctrl: 0.000 +/- 0.000
2025-11-17 07:34:12 INFO    |  step: 68519424, eval/episode_reward_dist: 0.000 +/- 0.000
2025-11-17 07:34:12 INFO    |  step: 68519424, eval/episode_reward_near: 0.000 +/- 0.000
2025-11-17 07:34:12 INFO    |  step: 68519424, eval/episode_reward_survive: 0.000 +/- 0.000
2025-11-17 07:34:12 INFO    |  step: 68519424, eval/episode_success_hard: 0.000 +/- 0.000
2025-11-17 07:34:31 INFO    |  actor input shape: (10000, 31)
2025-11-17 07:34:31 INFO    |  encoder input shape: (10000, 37)
2025-11-17 07:34:31 INFO    |  encoder input shape: (10000, 2)
2025-11-17 07:34:32 INFO    |  actor input shape: (10000, 31)
2025-11-17 07:34:32 INFO    |  encoder input shape: (10000, 37)
2025-11-17 07:34:32 INFO    |  encoder input shape: (10000, 2)
2025-11-17 07:34:32 INFO    |  actor input shape: (10000, 31)
2025-11-17 07:34:32 INFO    |  encoder input shape: (10000, 37)
2025-11-17 07:34:32 INFO    |  encoder input shape: (10000, 2)
2025-11-17 07:34:32 INFO    |  Plotted visualizations at env step 68916224.0
2025-11-17 07:34:34 INFO    |  step: 68916224
2025-11-17 07:34:34 INFO    |  step: 68916224, training/sps: 20027.104 +/- 0.000
2025-11-17 07:34:34 INFO    |  step: 68916224, training/actor_loss: 1.751 +/- 0.000
2025-11-17 07:34:34 INFO    |  step: 68916224, training/adaptive_mixing: 0.025 +/- 0.000
2025-11-17 07:34:34 INFO    |  step: 68916224, training/alpha_loss: 0.000 +/- 0.000
2025-11-17 07:34:34 INFO    |  step: 68916224, training/critic_loss: 1.756 +/- 0.000
2025-11-17 07:34:34 INFO    |  step: 68916224, training/entropy: -3.999 +/- 0.000
2025-11-17 07:34:34 INFO    |  step: 68916224, training/env_grad_mean_norm: 0.461 +/- 0.000
2025-11-17 07:34:34 INFO    |  step: 68916224, training/env_grad_trvar: 48.408 +/- 0.000
2025-11-17 07:34:34 INFO    |  step: 68916224, training/env_rb_bias_squared: 21.679 +/- 0.000
2025-11-17 07:34:34 INFO    |  step: 68916224, training/log_alpha: -4.590 +/- 0.000
2025-11-17 07:34:34 INFO    |  step: 68916224, training/num_env_samples: 252.439 +/- 0.000
2025-11-17 07:34:34 INFO    |  step: 68916224, training/num_rb_samples: 3.561 +/- 0.000
2025-11-17 07:34:34 INFO    |  step: 68916224, training/rb_grad_mean_norm: 3.843 +/- 0.000
2025-11-17 07:34:34 INFO    |  step: 68916224, training/rb_grad_trvar: 35.690 +/- 0.000
2025-11-17 07:34:34 INFO    |  step: 68916224, eval/episode_reward: 260.844 +/- 0.000
2025-11-17 07:34:34 INFO    |  step: 68916224, eval/episode_success: 260.844 +/- 0.000
2025-11-17 07:34:34 INFO    |  step: 68916224, eval/episode_success_easy: 507.910 +/- 0.000
2025-11-17 07:34:34 INFO    |  step: 68916224, eval/episode_dist: 2415.055 +/- 0.000
2025-11-17 07:34:34 INFO    |  step: 68916224, eval/episode_success_any: 0.574 +/- 0.000
2025-11-17 07:34:34 INFO    |  step: 68916224, eval/episode_reward_ctrl: 0.000 +/- 0.000
2025-11-17 07:34:34 INFO    |  step: 68916224, eval/episode_reward_dist: 0.000 +/- 0.000
2025-11-17 07:34:34 INFO    |  step: 68916224, eval/episode_reward_near: 0.000 +/- 0.000
2025-11-17 07:34:34 INFO    |  step: 68916224, eval/episode_reward_survive: 0.000 +/- 0.000
2025-11-17 07:34:34 INFO    |  step: 68916224, eval/episode_success_hard: 0.000 +/- 0.000
2025-11-17 07:34:53 INFO    |  actor input shape: (10000, 31)
2025-11-17 07:34:53 INFO    |  encoder input shape: (10000, 37)
2025-11-17 07:34:53 INFO    |  encoder input shape: (10000, 2)
2025-11-17 07:34:53 INFO    |  actor input shape: (10000, 31)
2025-11-17 07:34:53 INFO    |  encoder input shape: (10000, 37)
2025-11-17 07:34:53 INFO    |  encoder input shape: (10000, 2)
2025-11-17 07:34:54 INFO    |  actor input shape: (10000, 31)
2025-11-17 07:34:54 INFO    |  encoder input shape: (10000, 37)
2025-11-17 07:34:54 INFO    |  encoder input shape: (10000, 2)
2025-11-17 07:34:54 INFO    |  Plotted visualizations at env step 69313024.0
2025-11-17 07:34:56 INFO    |  step: 69313024
2025-11-17 07:34:56 INFO    |  step: 69313024, training/sps: 19970.261 +/- 0.000
2025-11-17 07:34:56 INFO    |  step: 69313024, training/actor_loss: 1.749 +/- 0.000
2025-11-17 07:34:56 INFO    |  step: 69313024, training/adaptive_mixing: 0.004 +/- 0.000
2025-11-17 07:34:56 INFO    |  step: 69313024, training/alpha_loss: 0.000 +/- 0.000
2025-11-17 07:34:56 INFO    |  step: 69313024, training/critic_loss: 1.755 +/- 0.000
2025-11-17 07:34:56 INFO    |  step: 69313024, training/entropy: -3.998 +/- 0.000
2025-11-17 07:34:56 INFO    |  step: 69313024, training/env_grad_mean_norm: 0.461 +/- 0.000
2025-11-17 07:34:56 INFO    |  step: 69313024, training/env_grad_trvar: 48.278 +/- 0.000
2025-11-17 07:34:56 INFO    |  step: 69313024, training/env_rb_bias_squared: 17.869 +/- 0.000
2025-11-17 07:34:56 INFO    |  step: 69313024, training/log_alpha: -4.593 +/- 0.000
2025-11-17 07:34:56 INFO    |  step: 69313024, training/num_env_samples: 251.770 +/- 0.000
2025-11-17 07:34:56 INFO    |  step: 69313024, training/num_rb_samples: 4.230 +/- 0.000
2025-11-17 07:34:56 INFO    |  step: 69313024, training/rb_grad_mean_norm: 3.600 +/- 0.000
2025-11-17 07:34:56 INFO    |  step: 69313024, training/rb_grad_trvar: 39.187 +/- 0.000
2025-11-17 07:34:56 INFO    |  step: 69313024, eval/episode_reward: 243.344 +/- 0.000
2025-11-17 07:34:56 INFO    |  step: 69313024, eval/episode_success: 243.344 +/- 0.000
2025-11-17 07:34:56 INFO    |  step: 69313024, eval/episode_success_easy: 459.645 +/- 0.000
2025-11-17 07:34:56 INFO    |  step: 69313024, eval/episode_dist: 2882.742 +/- 0.000
2025-11-17 07:34:56 INFO    |  step: 69313024, eval/episode_success_any: 0.523 +/- 0.000
2025-11-17 07:34:56 INFO    |  step: 69313024, eval/episode_reward_ctrl: 0.000 +/- 0.000
2025-11-17 07:34:56 INFO    |  step: 69313024, eval/episode_reward_dist: 0.000 +/- 0.000
2025-11-17 07:34:56 INFO    |  step: 69313024, eval/episode_reward_near: 0.000 +/- 0.000
2025-11-17 07:34:56 INFO    |  step: 69313024, eval/episode_reward_survive: 0.000 +/- 0.000
2025-11-17 07:34:56 INFO    |  step: 69313024, eval/episode_success_hard: 0.000 +/- 0.000
2025-11-17 07:35:15 INFO    |  actor input shape: (10000, 31)
2025-11-17 07:35:15 INFO    |  encoder input shape: (10000, 37)
2025-11-17 07:35:15 INFO    |  encoder input shape: (10000, 2)
2025-11-17 07:35:15 INFO    |  actor input shape: (10000, 31)
2025-11-17 07:35:15 INFO    |  encoder input shape: (10000, 37)
2025-11-17 07:35:15 INFO    |  encoder input shape: (10000, 2)
2025-11-17 07:35:15 INFO    |  actor input shape: (10000, 31)
2025-11-17 07:35:15 INFO    |  encoder input shape: (10000, 37)
2025-11-17 07:35:15 INFO    |  encoder input shape: (10000, 2)
2025-11-17 07:35:16 INFO    |  Plotted visualizations at env step 69709824.0
2025-11-17 07:35:17 INFO    |  step: 69709824
2025-11-17 07:35:17 INFO    |  step: 69709824, training/sps: 19933.562 +/- 0.000
2025-11-17 07:35:17 INFO    |  step: 69709824, training/actor_loss: 1.743 +/- 0.000
2025-11-17 07:35:17 INFO    |  step: 69709824, training/adaptive_mixing: 0.005 +/- 0.000
2025-11-17 07:35:17 INFO    |  step: 69709824, training/alpha_loss: -0.000 +/- 0.000
2025-11-17 07:35:17 INFO    |  step: 69709824, training/critic_loss: 1.746 +/- 0.000
2025-11-17 07:35:17 INFO    |  step: 69709824, training/entropy: -4.003 +/- 0.000
2025-11-17 07:35:17 INFO    |  step: 69709824, training/env_grad_mean_norm: 0.460 +/- 0.000
2025-11-17 07:35:17 INFO    |  step: 69709824, training/env_grad_trvar: 47.993 +/- 0.000
2025-11-17 07:35:17 INFO    |  step: 69709824, training/env_rb_bias_squared: 17.742 +/- 0.000
2025-11-17 07:35:17 INFO    |  step: 69709824, training/log_alpha: -4.587 +/- 0.000
2025-11-17 07:35:17 INFO    |  step: 69709824, training/num_env_samples: 251.653 +/- 0.000
2025-11-17 07:35:17 INFO    |  step: 69709824, training/num_rb_samples: 4.347 +/- 0.000
2025-11-17 07:35:17 INFO    |  step: 69709824, training/rb_grad_mean_norm: 3.591 +/- 0.000
2025-11-17 07:35:17 INFO    |  step: 69709824, training/rb_grad_trvar: 40.245 +/- 0.000
2025-11-17 07:35:17 INFO    |  step: 69709824, eval/episode_reward: 332.520 +/- 0.000
2025-11-17 07:35:17 INFO    |  step: 69709824, eval/episode_success: 332.520 +/- 0.000
2025-11-17 07:35:17 INFO    |  step: 69709824, eval/episode_success_easy: 559.820 +/- 0.000
2025-11-17 07:35:17 INFO    |  step: 69709824, eval/episode_dist: 2323.101 +/- 0.000
2025-11-17 07:35:17 INFO    |  step: 69709824, eval/episode_success_any: 0.621 +/- 0.000
2025-11-17 07:35:17 INFO    |  step: 69709824, eval/episode_reward_ctrl: 0.000 +/- 0.000
2025-11-17 07:35:17 INFO    |  step: 69709824, eval/episode_reward_dist: 0.000 +/- 0.000
2025-11-17 07:35:17 INFO    |  step: 69709824, eval/episode_reward_near: 0.000 +/- 0.000
2025-11-17 07:35:17 INFO    |  step: 69709824, eval/episode_reward_survive: 0.000 +/- 0.000
2025-11-17 07:35:17 INFO    |  step: 69709824, eval/episode_success_hard: 0.000 +/- 0.000
2025-11-17 07:35:36 INFO    |  actor input shape: (10000, 31)
2025-11-17 07:35:36 INFO    |  encoder input shape: (10000, 37)
2025-11-17 07:35:37 INFO    |  encoder input shape: (10000, 2)
2025-11-17 07:35:37 INFO    |  actor input shape: (10000, 31)
2025-11-17 07:35:37 INFO    |  encoder input shape: (10000, 37)
2025-11-17 07:35:37 INFO    |  encoder input shape: (10000, 2)
2025-11-17 07:35:37 INFO    |  actor input shape: (10000, 31)
2025-11-17 07:35:37 INFO    |  encoder input shape: (10000, 37)
2025-11-17 07:35:37 INFO    |  encoder input shape: (10000, 2)
2025-11-17 07:35:37 INFO    |  Plotted visualizations at env step 70106624.0
2025-11-17 07:35:39 INFO    |  step: 70106624
2025-11-17 07:35:41 INFO    |  actor input shape: (1, 31)
2025-11-17 07:35:57 INFO    |  step: 70106624, training/sps: 19926.849 +/- 0.000
2025-11-17 07:35:57 INFO    |  step: 70106624, training/actor_loss: 1.736 +/- 0.000
2025-11-17 07:35:57 INFO    |  step: 70106624, training/adaptive_mixing: 0.023 +/- 0.000
2025-11-17 07:35:57 INFO    |  step: 70106624, training/alpha_loss: 0.000 +/- 0.000
2025-11-17 07:35:57 INFO    |  step: 70106624, training/critic_loss: 1.743 +/- 0.000
2025-11-17 07:35:57 INFO    |  step: 70106624, training/entropy: -3.997 +/- 0.000
2025-11-17 07:35:57 INFO    |  step: 70106624, training/env_grad_mean_norm: 0.465 +/- 0.000
2025-11-17 07:35:57 INFO    |  step: 70106624, training/env_grad_trvar: 49.133 +/- 0.000
2025-11-17 07:35:57 INFO    |  step: 70106624, training/env_rb_bias_squared: 21.523 +/- 0.000
2025-11-17 07:35:57 INFO    |  step: 70106624, training/log_alpha: -4.584 +/- 0.000
2025-11-17 07:35:57 INFO    |  step: 70106624, training/num_env_samples: 252.304 +/- 0.000
2025-11-17 07:35:57 INFO    |  step: 70106624, training/num_rb_samples: 3.696 +/- 0.000
2025-11-17 07:35:57 INFO    |  step: 70106624, training/rb_grad_mean_norm: 3.844 +/- 0.000
2025-11-17 07:35:57 INFO    |  step: 70106624, training/rb_grad_trvar: 36.835 +/- 0.000
2025-11-17 07:35:57 INFO    |  step: 70106624, eval/episode_reward: 250.230 +/- 0.000
2025-11-17 07:35:57 INFO    |  step: 70106624, eval/episode_success: 250.230 +/- 0.000
2025-11-17 07:35:57 INFO    |  step: 70106624, eval/episode_success_easy: 453.102 +/- 0.000
2025-11-17 07:35:57 INFO    |  step: 70106624, eval/episode_dist: 3274.714 +/- 0.000
2025-11-17 07:35:57 INFO    |  step: 70106624, eval/episode_success_any: 0.535 +/- 0.000
2025-11-17 07:35:57 INFO    |  step: 70106624, eval/episode_reward_ctrl: 0.000 +/- 0.000
2025-11-17 07:35:57 INFO    |  step: 70106624, eval/episode_reward_dist: 0.000 +/- 0.000
2025-11-17 07:35:57 INFO    |  step: 70106624, eval/episode_reward_near: 0.000 +/- 0.000
2025-11-17 07:35:57 INFO    |  step: 70106624, eval/episode_reward_survive: 0.000 +/- 0.000
2025-11-17 07:35:57 INFO    |  step: 70106624, eval/episode_success_hard: 0.000 +/- 0.000
2025-11-17 07:36:16 INFO    |  actor input shape: (10000, 31)
2025-11-17 07:36:16 INFO    |  encoder input shape: (10000, 37)
2025-11-17 07:36:16 INFO    |  encoder input shape: (10000, 2)
2025-11-17 07:36:17 INFO    |  actor input shape: (10000, 31)
2025-11-17 07:36:17 INFO    |  encoder input shape: (10000, 37)
2025-11-17 07:36:17 INFO    |  encoder input shape: (10000, 2)
2025-11-17 07:36:17 INFO    |  actor input shape: (10000, 31)
2025-11-17 07:36:17 INFO    |  encoder input shape: (10000, 37)
2025-11-17 07:36:17 INFO    |  encoder input shape: (10000, 2)
2025-11-17 07:36:17 INFO    |  Plotted visualizations at env step 70503424.0
2025-11-17 07:36:19 INFO    |  step: 70503424
2025-11-17 07:36:19 INFO    |  step: 70503424, training/sps: 20022.657 +/- 0.000
2025-11-17 07:36:19 INFO    |  step: 70503424, training/actor_loss: 1.730 +/- 0.000
2025-11-17 07:36:19 INFO    |  step: 70503424, training/adaptive_mixing: 0.004 +/- 0.000
2025-11-17 07:36:19 INFO    |  step: 70503424, training/alpha_loss: -0.000 +/- 0.000
2025-11-17 07:36:19 INFO    |  step: 70503424, training/critic_loss: 1.738 +/- 0.000
2025-11-17 07:36:19 INFO    |  step: 70503424, training/entropy: -4.003 +/- 0.000
2025-11-17 07:36:19 INFO    |  step: 70503424, training/env_grad_mean_norm: 0.462 +/- 0.000
2025-11-17 07:36:19 INFO    |  step: 70503424, training/env_grad_trvar: 48.459 +/- 0.000
2025-11-17 07:36:19 INFO    |  step: 70503424, training/env_rb_bias_squared: 23.313 +/- 0.000
2025-11-17 07:36:19 INFO    |  step: 70503424, training/log_alpha: -4.596 +/- 0.000
2025-11-17 07:36:19 INFO    |  step: 70503424, training/num_env_samples: 252.686 +/- 0.000
2025-11-17 07:36:19 INFO    |  step: 70503424, training/num_rb_samples: 3.314 +/- 0.000
2025-11-17 07:36:19 INFO    |  step: 70503424, training/rb_grad_mean_norm: 3.969 +/- 0.000
2025-11-17 07:36:19 INFO    |  step: 70503424, training/rb_grad_trvar: 34.321 +/- 0.000
2025-11-17 07:36:19 INFO    |  step: 70503424, eval/episode_reward: 265.230 +/- 0.000
2025-11-17 07:36:19 INFO    |  step: 70503424, eval/episode_success: 265.230 +/- 0.000
2025-11-17 07:36:19 INFO    |  step: 70503424, eval/episode_success_easy: 498.961 +/- 0.000
2025-11-17 07:36:19 INFO    |  step: 70503424, eval/episode_dist: 2650.599 +/- 0.000
2025-11-17 07:36:19 INFO    |  step: 70503424, eval/episode_success_any: 0.523 +/- 0.000
2025-11-17 07:36:19 INFO    |  step: 70503424, eval/episode_reward_ctrl: 0.000 +/- 0.000
2025-11-17 07:36:19 INFO    |  step: 70503424, eval/episode_reward_dist: 0.000 +/- 0.000
2025-11-17 07:36:19 INFO    |  step: 70503424, eval/episode_reward_near: 0.000 +/- 0.000
2025-11-17 07:36:19 INFO    |  step: 70503424, eval/episode_reward_survive: 0.000 +/- 0.000
2025-11-17 07:36:19 INFO    |  step: 70503424, eval/episode_success_hard: 0.000 +/- 0.000
2025-11-17 07:36:38 INFO    |  actor input shape: (10000, 31)
2025-11-17 07:36:38 INFO    |  encoder input shape: (10000, 37)
2025-11-17 07:36:38 INFO    |  encoder input shape: (10000, 2)
2025-11-17 07:36:38 INFO    |  actor input shape: (10000, 31)
2025-11-17 07:36:38 INFO    |  encoder input shape: (10000, 37)
2025-11-17 07:36:38 INFO    |  encoder input shape: (10000, 2)
2025-11-17 07:36:39 INFO    |  actor input shape: (10000, 31)
2025-11-17 07:36:39 INFO    |  encoder input shape: (10000, 37)
2025-11-17 07:36:39 INFO    |  encoder input shape: (10000, 2)
2025-11-17 07:36:39 INFO    |  Plotted visualizations at env step 70900224.0
2025-11-17 07:36:41 INFO    |  step: 70900224
2025-11-17 07:36:41 INFO    |  step: 70900224, training/sps: 20062.829 +/- 0.000
2025-11-17 07:36:41 INFO    |  step: 70900224, training/actor_loss: 1.733 +/- 0.000
2025-11-17 07:36:41 INFO    |  step: 70900224, training/adaptive_mixing: 0.024 +/- 0.000
2025-11-17 07:36:41 INFO    |  step: 70900224, training/alpha_loss: 0.000 +/- 0.000
2025-11-17 07:36:41 INFO    |  step: 70900224, training/critic_loss: 1.736 +/- 0.000
2025-11-17 07:36:41 INFO    |  step: 70900224, training/entropy: -3.999 +/- 0.000
2025-11-17 07:36:41 INFO    |  step: 70900224, training/env_grad_mean_norm: 0.456 +/- 0.000
2025-11-17 07:36:41 INFO    |  step: 70900224, training/env_grad_trvar: 47.136 +/- 0.000
2025-11-17 07:36:41 INFO    |  step: 70900224, training/env_rb_bias_squared: 21.027 +/- 0.000
2025-11-17 07:36:41 INFO    |  step: 70900224, training/log_alpha: -4.602 +/- 0.000
2025-11-17 07:36:41 INFO    |  step: 70900224, training/num_env_samples: 252.645 +/- 0.000
2025-11-17 07:36:41 INFO    |  step: 70900224, training/num_rb_samples: 3.355 +/- 0.000
2025-11-17 07:36:41 INFO    |  step: 70900224, training/rb_grad_mean_norm: 3.799 +/- 0.000
2025-11-17 07:36:41 INFO    |  step: 70900224, training/rb_grad_trvar: 32.360 +/- 0.000
2025-11-17 07:36:41 INFO    |  step: 70900224, eval/episode_reward: 248.277 +/- 0.000
2025-11-17 07:36:41 INFO    |  step: 70900224, eval/episode_success: 248.277 +/- 0.000
2025-11-17 07:36:41 INFO    |  step: 70900224, eval/episode_success_easy: 488.059 +/- 0.000
2025-11-17 07:36:41 INFO    |  step: 70900224, eval/episode_dist: 2432.393 +/- 0.000
2025-11-17 07:36:41 INFO    |  step: 70900224, eval/episode_success_any: 0.539 +/- 0.000
2025-11-17 07:36:41 INFO    |  step: 70900224, eval/episode_reward_ctrl: 0.000 +/- 0.000
2025-11-17 07:36:41 INFO    |  step: 70900224, eval/episode_reward_dist: 0.000 +/- 0.000
2025-11-17 07:36:41 INFO    |  step: 70900224, eval/episode_reward_near: 0.000 +/- 0.000
2025-11-17 07:36:41 INFO    |  step: 70900224, eval/episode_reward_survive: 0.000 +/- 0.000
2025-11-17 07:36:41 INFO    |  step: 70900224, eval/episode_success_hard: 0.000 +/- 0.000
2025-11-17 07:37:00 INFO    |  actor input shape: (10000, 31)
2025-11-17 07:37:00 INFO    |  encoder input shape: (10000, 37)
2025-11-17 07:37:00 INFO    |  encoder input shape: (10000, 2)
2025-11-17 07:37:00 INFO    |  actor input shape: (10000, 31)
2025-11-17 07:37:00 INFO    |  encoder input shape: (10000, 37)
2025-11-17 07:37:00 INFO    |  encoder input shape: (10000, 2)
2025-11-17 07:37:00 INFO    |  actor input shape: (10000, 31)
2025-11-17 07:37:00 INFO    |  encoder input shape: (10000, 37)
2025-11-17 07:37:00 INFO    |  encoder input shape: (10000, 2)
2025-11-17 07:37:00 INFO    |  Plotted visualizations at env step 71297024.0
2025-11-17 07:37:02 INFO    |  step: 71297024
2025-11-17 07:37:02 INFO    |  step: 71297024, training/sps: 20032.945 +/- 0.000
2025-11-17 07:37:02 INFO    |  step: 71297024, training/actor_loss: 1.734 +/- 0.000
2025-11-17 07:37:02 INFO    |  step: 71297024, training/adaptive_mixing: 0.006 +/- 0.000
2025-11-17 07:37:02 INFO    |  step: 71297024, training/alpha_loss: -0.000 +/- 0.000
2025-11-17 07:37:02 INFO    |  step: 71297024, training/critic_loss: 1.732 +/- 0.000
2025-11-17 07:37:02 INFO    |  step: 71297024, training/entropy: -4.002 +/- 0.000
2025-11-17 07:37:02 INFO    |  step: 71297024, training/env_grad_mean_norm: 0.456 +/- 0.000
2025-11-17 07:37:02 INFO    |  step: 71297024, training/env_grad_trvar: 47.007 +/- 0.000
2025-11-17 07:37:02 INFO    |  step: 71297024, training/env_rb_bias_squared: 20.526 +/- 0.000
2025-11-17 07:37:02 INFO    |  step: 71297024, training/log_alpha: -4.603 +/- 0.000
2025-11-17 07:37:02 INFO    |  step: 71297024, training/num_env_samples: 252.420 +/- 0.000
2025-11-17 07:37:02 INFO    |  step: 71297024, training/num_rb_samples: 3.580 +/- 0.000
2025-11-17 07:37:02 INFO    |  step: 71297024, training/rb_grad_mean_norm: 3.788 +/- 0.000
2025-11-17 07:37:02 INFO    |  step: 71297024, training/rb_grad_trvar: 34.767 +/- 0.000
2025-11-17 07:37:02 INFO    |  step: 71297024, eval/episode_reward: 289.996 +/- 0.000
2025-11-17 07:37:02 INFO    |  step: 71297024, eval/episode_success: 289.996 +/- 0.000
2025-11-17 07:37:02 INFO    |  step: 71297024, eval/episode_success_easy: 521.691 +/- 0.000
2025-11-17 07:37:02 INFO    |  step: 71297024, eval/episode_dist: 2459.691 +/- 0.000
2025-11-17 07:37:02 INFO    |  step: 71297024, eval/episode_success_any: 0.582 +/- 0.000
2025-11-17 07:37:02 INFO    |  step: 71297024, eval/episode_reward_ctrl: 0.000 +/- 0.000
2025-11-17 07:37:02 INFO    |  step: 71297024, eval/episode_reward_dist: 0.000 +/- 0.000
2025-11-17 07:37:02 INFO    |  step: 71297024, eval/episode_reward_near: 0.000 +/- 0.000
2025-11-17 07:37:02 INFO    |  step: 71297024, eval/episode_reward_survive: 0.000 +/- 0.000
2025-11-17 07:37:02 INFO    |  step: 71297024, eval/episode_success_hard: 0.000 +/- 0.000
2025-11-17 07:37:21 INFO    |  actor input shape: (10000, 31)
2025-11-17 07:37:21 INFO    |  encoder input shape: (10000, 37)
2025-11-17 07:37:21 INFO    |  encoder input shape: (10000, 2)
2025-11-17 07:37:22 INFO    |  actor input shape: (10000, 31)
2025-11-17 07:37:22 INFO    |  encoder input shape: (10000, 37)
2025-11-17 07:37:22 INFO    |  encoder input shape: (10000, 2)
2025-11-17 07:37:22 INFO    |  actor input shape: (10000, 31)
2025-11-17 07:37:22 INFO    |  encoder input shape: (10000, 37)
2025-11-17 07:37:22 INFO    |  encoder input shape: (10000, 2)
2025-11-17 07:37:22 INFO    |  Plotted visualizations at env step 71693824.0
2025-11-17 07:37:24 INFO    |  step: 71693824
2025-11-17 07:37:24 INFO    |  step: 71693824, training/sps: 20041.529 +/- 0.000
2025-11-17 07:37:24 INFO    |  step: 71693824, training/actor_loss: 1.731 +/- 0.000
2025-11-17 07:37:24 INFO    |  step: 71693824, training/adaptive_mixing: 0.004 +/- 0.000
2025-11-17 07:37:24 INFO    |  step: 71693824, training/alpha_loss: 0.000 +/- 0.000
2025-11-17 07:37:24 INFO    |  step: 71693824, training/critic_loss: 1.734 +/- 0.000
2025-11-17 07:37:24 INFO    |  step: 71693824, training/entropy: -3.999 +/- 0.000
2025-11-17 07:37:24 INFO    |  step: 71693824, training/env_grad_mean_norm: 0.458 +/- 0.000
2025-11-17 07:37:24 INFO    |  step: 71693824, training/env_grad_trvar: 47.860 +/- 0.000
2025-11-17 07:37:24 INFO    |  step: 71693824, training/env_rb_bias_squared: 25.493 +/- 0.000
2025-11-17 07:37:24 INFO    |  step: 71693824, training/log_alpha: -4.595 +/- 0.000
2025-11-17 07:37:24 INFO    |  step: 71693824, training/num_env_samples: 253.131 +/- 0.000
2025-11-17 07:37:24 INFO    |  step: 71693824, training/num_rb_samples: 2.869 +/- 0.000
2025-11-17 07:37:24 INFO    |  step: 71693824, training/rb_grad_mean_norm: 4.052 +/- 0.000
2025-11-17 07:37:24 INFO    |  step: 71693824, training/rb_grad_trvar: 30.601 +/- 0.000
2025-11-17 07:37:24 INFO    |  step: 71693824, eval/episode_reward: 293.730 +/- 0.000
2025-11-17 07:37:24 INFO    |  step: 71693824, eval/episode_success: 293.730 +/- 0.000
2025-11-17 07:37:24 INFO    |  step: 71693824, eval/episode_success_easy: 533.484 +/- 0.000
2025-11-17 07:37:24 INFO    |  step: 71693824, eval/episode_dist: 2538.124 +/- 0.000
2025-11-17 07:37:24 INFO    |  step: 71693824, eval/episode_success_any: 0.594 +/- 0.000
2025-11-17 07:37:24 INFO    |  step: 71693824, eval/episode_reward_ctrl: 0.000 +/- 0.000
2025-11-17 07:37:24 INFO    |  step: 71693824, eval/episode_reward_dist: 0.000 +/- 0.000
2025-11-17 07:37:24 INFO    |  step: 71693824, eval/episode_reward_near: 0.000 +/- 0.000
2025-11-17 07:37:24 INFO    |  step: 71693824, eval/episode_reward_survive: 0.000 +/- 0.000
2025-11-17 07:37:24 INFO    |  step: 71693824, eval/episode_success_hard: 0.000 +/- 0.000
2025-11-17 07:37:43 INFO    |  actor input shape: (10000, 31)
2025-11-17 07:37:43 INFO    |  encoder input shape: (10000, 37)
2025-11-17 07:37:43 INFO    |  encoder input shape: (10000, 2)
2025-11-17 07:37:43 INFO    |  actor input shape: (10000, 31)
2025-11-17 07:37:43 INFO    |  encoder input shape: (10000, 37)
2025-11-17 07:37:43 INFO    |  encoder input shape: (10000, 2)
2025-11-17 07:37:44 INFO    |  actor input shape: (10000, 31)
2025-11-17 07:37:44 INFO    |  encoder input shape: (10000, 37)
2025-11-17 07:37:44 INFO    |  encoder input shape: (10000, 2)
2025-11-17 07:37:44 INFO    |  Plotted visualizations at env step 72090624.0
2025-11-17 07:37:46 INFO    |  step: 72090624
2025-11-17 07:37:49 INFO    |  actor input shape: (1, 31)
2025-11-17 07:38:06 INFO    |  step: 72090624, training/sps: 19891.622 +/- 0.000
2025-11-17 07:38:06 INFO    |  step: 72090624, training/actor_loss: 1.737 +/- 0.000
2025-11-17 07:38:06 INFO    |  step: 72090624, training/adaptive_mixing: 0.044 +/- 0.000
2025-11-17 07:38:06 INFO    |  step: 72090624, training/alpha_loss: 0.000 +/- 0.000
2025-11-17 07:38:06 INFO    |  step: 72090624, training/critic_loss: 1.739 +/- 0.000
2025-11-17 07:38:06 INFO    |  step: 72090624, training/entropy: -3.999 +/- 0.000
2025-11-17 07:38:06 INFO    |  step: 72090624, training/env_grad_mean_norm: 0.460 +/- 0.000
2025-11-17 07:38:06 INFO    |  step: 72090624, training/env_grad_trvar: 48.215 +/- 0.000
2025-11-17 07:38:06 INFO    |  step: 72090624, training/env_rb_bias_squared: 24.153 +/- 0.000
2025-11-17 07:38:06 INFO    |  step: 72090624, training/log_alpha: -4.591 +/- 0.000
2025-11-17 07:38:06 INFO    |  step: 72090624, training/num_env_samples: 253.037 +/- 0.000
2025-11-17 07:38:06 INFO    |  step: 72090624, training/num_rb_samples: 2.963 +/- 0.000
2025-11-17 07:38:06 INFO    |  step: 72090624, training/rb_grad_mean_norm: 3.948 +/- 0.000
2025-11-17 07:38:06 INFO    |  step: 72090624, training/rb_grad_trvar: 29.657 +/- 0.000
2025-11-17 07:38:06 INFO    |  step: 72090624, eval/episode_reward: 337.445 +/- 0.000
2025-11-17 07:38:06 INFO    |  step: 72090624, eval/episode_success: 337.445 +/- 0.000
2025-11-17 07:38:06 INFO    |  step: 72090624, eval/episode_success_easy: 563.395 +/- 0.000
2025-11-17 07:38:06 INFO    |  step: 72090624, eval/episode_dist: 2579.067 +/- 0.000
2025-11-17 07:38:06 INFO    |  step: 72090624, eval/episode_success_any: 0.598 +/- 0.000
2025-11-17 07:38:06 INFO    |  step: 72090624, eval/episode_reward_ctrl: 0.000 +/- 0.000
2025-11-17 07:38:06 INFO    |  step: 72090624, eval/episode_reward_dist: 0.000 +/- 0.000
2025-11-17 07:38:06 INFO    |  step: 72090624, eval/episode_reward_near: 0.000 +/- 0.000
2025-11-17 07:38:06 INFO    |  step: 72090624, eval/episode_reward_survive: 0.000 +/- 0.000
2025-11-17 07:38:06 INFO    |  step: 72090624, eval/episode_success_hard: 0.000 +/- 0.000
2025-11-17 07:38:25 INFO    |  actor input shape: (10000, 31)
2025-11-17 07:38:25 INFO    |  encoder input shape: (10000, 37)
2025-11-17 07:38:25 INFO    |  encoder input shape: (10000, 2)
2025-11-17 07:38:25 INFO    |  actor input shape: (10000, 31)
2025-11-17 07:38:25 INFO    |  encoder input shape: (10000, 37)
2025-11-17 07:38:25 INFO    |  encoder input shape: (10000, 2)
2025-11-17 07:38:26 INFO    |  actor input shape: (10000, 31)
2025-11-17 07:38:26 INFO    |  encoder input shape: (10000, 37)
2025-11-17 07:38:26 INFO    |  encoder input shape: (10000, 2)
2025-11-17 07:38:26 INFO    |  Plotted visualizations at env step 72487424.0
2025-11-17 07:38:28 INFO    |  step: 72487424
2025-11-17 07:38:28 INFO    |  step: 72487424, training/sps: 19864.283 +/- 0.000
2025-11-17 07:38:28 INFO    |  step: 72487424, training/actor_loss: 1.748 +/- 0.000
2025-11-17 07:38:28 INFO    |  step: 72487424, training/adaptive_mixing: 0.041 +/- 0.000
2025-11-17 07:38:28 INFO    |  step: 72487424, training/alpha_loss: 0.000 +/- 0.000
2025-11-17 07:38:28 INFO    |  step: 72487424, training/critic_loss: 1.746 +/- 0.000
2025-11-17 07:38:28 INFO    |  step: 72487424, training/entropy: -3.999 +/- 0.000
2025-11-17 07:38:28 INFO    |  step: 72487424, training/env_grad_mean_norm: 0.456 +/- 0.000
2025-11-17 07:38:28 INFO    |  step: 72487424, training/env_grad_trvar: 47.271 +/- 0.000
2025-11-17 07:38:28 INFO    |  step: 72487424, training/env_rb_bias_squared: 16.417 +/- 0.000
2025-11-17 07:38:28 INFO    |  step: 72487424, training/log_alpha: -4.587 +/- 0.000
2025-11-17 07:38:28 INFO    |  step: 72487424, training/num_env_samples: 251.467 +/- 0.000
2025-11-17 07:38:28 INFO    |  step: 72487424, training/num_rb_samples: 4.533 +/- 0.000
2025-11-17 07:38:28 INFO    |  step: 72487424, training/rb_grad_mean_norm: 3.465 +/- 0.000
2025-11-17 07:38:28 INFO    |  step: 72487424, training/rb_grad_trvar: 39.633 +/- 0.000
2025-11-17 07:38:28 INFO    |  step: 72487424, eval/episode_reward: 350.965 +/- 0.000
2025-11-17 07:38:28 INFO    |  step: 72487424, eval/episode_success: 350.965 +/- 0.000
2025-11-17 07:38:28 INFO    |  step: 72487424, eval/episode_success_easy: 567.027 +/- 0.000
2025-11-17 07:38:28 INFO    |  step: 72487424, eval/episode_dist: 1969.669 +/- 0.000
2025-11-17 07:38:28 INFO    |  step: 72487424, eval/episode_success_any: 0.641 +/- 0.000
2025-11-17 07:38:28 INFO    |  step: 72487424, eval/episode_reward_ctrl: 0.000 +/- 0.000
2025-11-17 07:38:28 INFO    |  step: 72487424, eval/episode_reward_dist: 0.000 +/- 0.000
2025-11-17 07:38:28 INFO    |  step: 72487424, eval/episode_reward_near: 0.000 +/- 0.000
2025-11-17 07:38:28 INFO    |  step: 72487424, eval/episode_reward_survive: 0.000 +/- 0.000
2025-11-17 07:38:28 INFO    |  step: 72487424, eval/episode_success_hard: 0.000 +/- 0.000
2025-11-17 07:38:47 INFO    |  actor input shape: (10000, 31)
2025-11-17 07:38:47 INFO    |  encoder input shape: (10000, 37)
2025-11-17 07:38:47 INFO    |  encoder input shape: (10000, 2)
2025-11-17 07:38:47 INFO    |  actor input shape: (10000, 31)
2025-11-17 07:38:47 INFO    |  encoder input shape: (10000, 37)
2025-11-17 07:38:47 INFO    |  encoder input shape: (10000, 2)
2025-11-17 07:38:47 INFO    |  actor input shape: (10000, 31)
2025-11-17 07:38:47 INFO    |  encoder input shape: (10000, 37)
2025-11-17 07:38:47 INFO    |  encoder input shape: (10000, 2)
2025-11-17 07:38:48 INFO    |  Plotted visualizations at env step 72884224.0
2025-11-17 07:38:49 INFO    |  step: 72884224
2025-11-17 07:38:49 INFO    |  step: 72884224, training/sps: 20032.694 +/- 0.000
2025-11-17 07:38:49 INFO    |  step: 72884224, training/actor_loss: 1.755 +/- 0.000
2025-11-17 07:38:49 INFO    |  step: 72884224, training/adaptive_mixing: 0.004 +/- 0.000
2025-11-17 07:38:49 INFO    |  step: 72884224, training/alpha_loss: -0.000 +/- 0.000
2025-11-17 07:38:49 INFO    |  step: 72884224, training/critic_loss: 1.752 +/- 0.000
2025-11-17 07:38:49 INFO    |  step: 72884224, training/entropy: -4.002 +/- 0.000
2025-11-17 07:38:49 INFO    |  step: 72884224, training/env_grad_mean_norm: 0.457 +/- 0.000
2025-11-17 07:38:49 INFO    |  step: 72884224, training/env_grad_trvar: 47.490 +/- 0.000
2025-11-17 07:38:49 INFO    |  step: 72884224, training/env_rb_bias_squared: 14.255 +/- 0.000
2025-11-17 07:38:49 INFO    |  step: 72884224, training/log_alpha: -4.594 +/- 0.000
2025-11-17 07:38:49 INFO    |  step: 72884224, training/num_env_samples: 250.843 +/- 0.000
2025-11-17 07:38:49 INFO    |  step: 72884224, training/num_rb_samples: 5.157 +/- 0.000
2025-11-17 07:38:49 INFO    |  step: 72884224, training/rb_grad_mean_norm: 3.303 +/- 0.000
2025-11-17 07:38:49 INFO    |  step: 72884224, training/rb_grad_trvar: 42.932 +/- 0.000
2025-11-17 07:38:49 INFO    |  step: 72884224, eval/episode_reward: 278.531 +/- 0.000
2025-11-17 07:38:49 INFO    |  step: 72884224, eval/episode_success: 278.531 +/- 0.000
2025-11-17 07:38:49 INFO    |  step: 72884224, eval/episode_success_easy: 513.258 +/- 0.000
2025-11-17 07:38:49 INFO    |  step: 72884224, eval/episode_dist: 2845.114 +/- 0.000
2025-11-17 07:38:49 INFO    |  step: 72884224, eval/episode_success_any: 0.559 +/- 0.000
2025-11-17 07:38:49 INFO    |  step: 72884224, eval/episode_reward_ctrl: 0.000 +/- 0.000
2025-11-17 07:38:49 INFO    |  step: 72884224, eval/episode_reward_dist: 0.000 +/- 0.000
2025-11-17 07:38:49 INFO    |  step: 72884224, eval/episode_reward_near: 0.000 +/- 0.000
2025-11-17 07:38:49 INFO    |  step: 72884224, eval/episode_reward_survive: 0.000 +/- 0.000
2025-11-17 07:38:49 INFO    |  step: 72884224, eval/episode_success_hard: 0.000 +/- 0.000
2025-11-17 07:39:08 INFO    |  actor input shape: (10000, 31)
2025-11-17 07:39:08 INFO    |  encoder input shape: (10000, 37)
2025-11-17 07:39:08 INFO    |  encoder input shape: (10000, 2)
2025-11-17 07:39:09 INFO    |  actor input shape: (10000, 31)
2025-11-17 07:39:09 INFO    |  encoder input shape: (10000, 37)
2025-11-17 07:39:09 INFO    |  encoder input shape: (10000, 2)
2025-11-17 07:39:09 INFO    |  actor input shape: (10000, 31)
2025-11-17 07:39:09 INFO    |  encoder input shape: (10000, 37)
2025-11-17 07:39:09 INFO    |  encoder input shape: (10000, 2)
2025-11-17 07:39:09 INFO    |  Plotted visualizations at env step 73281024.0
2025-11-17 07:39:11 INFO    |  step: 73281024
2025-11-17 07:39:11 INFO    |  step: 73281024, training/sps: 19908.153 +/- 0.000
2025-11-17 07:39:11 INFO    |  step: 73281024, training/actor_loss: 1.751 +/- 0.000
2025-11-17 07:39:11 INFO    |  step: 73281024, training/adaptive_mixing: 0.005 +/- 0.000
2025-11-17 07:39:11 INFO    |  step: 73281024, training/alpha_loss: -0.000 +/- 0.000
2025-11-17 07:39:11 INFO    |  step: 73281024, training/critic_loss: 1.746 +/- 0.000
2025-11-17 07:39:11 INFO    |  step: 73281024, training/entropy: -4.001 +/- 0.000
2025-11-17 07:39:11 INFO    |  step: 73281024, training/env_grad_mean_norm: 0.460 +/- 0.000
2025-11-17 07:39:11 INFO    |  step: 73281024, training/env_grad_trvar: 48.293 +/- 0.000
2025-11-17 07:39:11 INFO    |  step: 73281024, training/env_rb_bias_squared: 16.683 +/- 0.000
2025-11-17 07:39:11 INFO    |  step: 73281024, training/log_alpha: -4.583 +/- 0.000
2025-11-17 07:39:11 INFO    |  step: 73281024, training/num_env_samples: 251.213 +/- 0.000
2025-11-17 07:39:11 INFO    |  step: 73281024, training/num_rb_samples: 4.787 +/- 0.000
2025-11-17 07:39:11 INFO    |  step: 73281024, training/rb_grad_mean_norm: 3.487 +/- 0.000
2025-11-17 07:39:11 INFO    |  step: 73281024, training/rb_grad_trvar: 43.046 +/- 0.000
2025-11-17 07:39:11 INFO    |  step: 73281024, eval/episode_reward: 286.957 +/- 0.000
2025-11-17 07:39:11 INFO    |  step: 73281024, eval/episode_success: 286.957 +/- 0.000
2025-11-17 07:39:11 INFO    |  step: 73281024, eval/episode_success_easy: 527.953 +/- 0.000
2025-11-17 07:39:11 INFO    |  step: 73281024, eval/episode_dist: 2885.684 +/- 0.000
2025-11-17 07:39:11 INFO    |  step: 73281024, eval/episode_success_any: 0.590 +/- 0.000
2025-11-17 07:39:11 INFO    |  step: 73281024, eval/episode_reward_ctrl: 0.000 +/- 0.000
2025-11-17 07:39:11 INFO    |  step: 73281024, eval/episode_reward_dist: 0.000 +/- 0.000
2025-11-17 07:39:11 INFO    |  step: 73281024, eval/episode_reward_near: 0.000 +/- 0.000
2025-11-17 07:39:11 INFO    |  step: 73281024, eval/episode_reward_survive: 0.000 +/- 0.000
2025-11-17 07:39:11 INFO    |  step: 73281024, eval/episode_success_hard: 0.000 +/- 0.000
2025-11-17 07:39:30 INFO    |  actor input shape: (10000, 31)
2025-11-17 07:39:30 INFO    |  encoder input shape: (10000, 37)
2025-11-17 07:39:30 INFO    |  encoder input shape: (10000, 2)
2025-11-17 07:39:30 INFO    |  actor input shape: (10000, 31)
2025-11-17 07:39:30 INFO    |  encoder input shape: (10000, 37)
2025-11-17 07:39:30 INFO    |  encoder input shape: (10000, 2)
2025-11-17 07:39:31 INFO    |  actor input shape: (10000, 31)
2025-11-17 07:39:31 INFO    |  encoder input shape: (10000, 37)
2025-11-17 07:39:31 INFO    |  encoder input shape: (10000, 2)
2025-11-17 07:39:31 INFO    |  Plotted visualizations at env step 73677824.0
2025-11-17 07:39:33 INFO    |  step: 73677824
2025-11-17 07:39:33 INFO    |  step: 73677824, training/sps: 19921.059 +/- 0.000
2025-11-17 07:39:33 INFO    |  step: 73677824, training/actor_loss: 1.748 +/- 0.000
2025-11-17 07:39:33 INFO    |  step: 73677824, training/adaptive_mixing: 0.002 +/- 0.000
2025-11-17 07:39:33 INFO    |  step: 73677824, training/alpha_loss: 0.000 +/- 0.000
2025-11-17 07:39:33 INFO    |  step: 73677824, training/critic_loss: 1.749 +/- 0.000
2025-11-17 07:39:33 INFO    |  step: 73677824, training/entropy: -3.999 +/- 0.000
2025-11-17 07:39:33 INFO    |  step: 73677824, training/env_grad_mean_norm: 0.464 +/- 0.000
2025-11-17 07:39:33 INFO    |  step: 73677824, training/env_grad_trvar: 49.162 +/- 0.000
2025-11-17 07:39:33 INFO    |  step: 73677824, training/env_rb_bias_squared: 17.715 +/- 0.000
2025-11-17 07:39:33 INFO    |  step: 73677824, training/log_alpha: -4.577 +/- 0.000
2025-11-17 07:39:33 INFO    |  step: 73677824, training/num_env_samples: 251.653 +/- 0.000
2025-11-17 07:39:33 INFO    |  step: 73677824, training/num_rb_samples: 4.347 +/- 0.000
2025-11-17 07:39:33 INFO    |  step: 73677824, training/rb_grad_mean_norm: 3.602 +/- 0.000
2025-11-17 07:39:33 INFO    |  step: 73677824, training/rb_grad_trvar: 40.528 +/- 0.000
2025-11-17 07:39:33 INFO    |  step: 73677824, eval/episode_reward: 309.637 +/- 0.000
2025-11-17 07:39:33 INFO    |  step: 73677824, eval/episode_success: 309.637 +/- 0.000
2025-11-17 07:39:33 INFO    |  step: 73677824, eval/episode_success_easy: 573.180 +/- 0.000
2025-11-17 07:39:33 INFO    |  step: 73677824, eval/episode_dist: 2219.596 +/- 0.000
2025-11-17 07:39:33 INFO    |  step: 73677824, eval/episode_success_any: 0.594 +/- 0.000
2025-11-17 07:39:33 INFO    |  step: 73677824, eval/episode_reward_ctrl: 0.000 +/- 0.000
2025-11-17 07:39:33 INFO    |  step: 73677824, eval/episode_reward_dist: 0.000 +/- 0.000
2025-11-17 07:39:33 INFO    |  step: 73677824, eval/episode_reward_near: 0.000 +/- 0.000
2025-11-17 07:39:33 INFO    |  step: 73677824, eval/episode_reward_survive: 0.000 +/- 0.000
2025-11-17 07:39:33 INFO    |  step: 73677824, eval/episode_success_hard: 0.000 +/- 0.000
2025-11-17 07:39:52 INFO    |  actor input shape: (10000, 31)
2025-11-17 07:39:52 INFO    |  encoder input shape: (10000, 37)
2025-11-17 07:39:52 INFO    |  encoder input shape: (10000, 2)
2025-11-17 07:39:52 INFO    |  actor input shape: (10000, 31)
2025-11-17 07:39:52 INFO    |  encoder input shape: (10000, 37)
2025-11-17 07:39:52 INFO    |  encoder input shape: (10000, 2)
2025-11-17 07:39:52 INFO    |  actor input shape: (10000, 31)
2025-11-17 07:39:52 INFO    |  encoder input shape: (10000, 37)
2025-11-17 07:39:52 INFO    |  encoder input shape: (10000, 2)
2025-11-17 07:39:53 INFO    |  Plotted visualizations at env step 74074624.0
2025-11-17 07:39:55 INFO    |  step: 74074624
2025-11-17 07:39:56 INFO    |  actor input shape: (1, 31)
2025-11-17 07:40:14 INFO    |  step: 74074624, training/sps: 19942.861 +/- 0.000
2025-11-17 07:40:14 INFO    |  step: 74074624, training/actor_loss: 1.744 +/- 0.000
2025-11-17 07:40:14 INFO    |  step: 74074624, training/adaptive_mixing: 0.003 +/- 0.000
2025-11-17 07:40:14 INFO    |  step: 74074624, training/alpha_loss: 0.000 +/- 0.000
2025-11-17 07:40:14 INFO    |  step: 74074624, training/critic_loss: 1.741 +/- 0.000
2025-11-17 07:40:14 INFO    |  step: 74074624, training/entropy: -3.999 +/- 0.000
2025-11-17 07:40:14 INFO    |  step: 74074624, training/env_grad_mean_norm: 0.464 +/- 0.000
2025-11-17 07:40:14 INFO    |  step: 74074624, training/env_grad_trvar: 49.051 +/- 0.000
2025-11-17 07:40:14 INFO    |  step: 74074624, training/env_rb_bias_squared: 18.634 +/- 0.000
2025-11-17 07:40:14 INFO    |  step: 74074624, training/log_alpha: -4.568 +/- 0.000
2025-11-17 07:40:14 INFO    |  step: 74074624, training/num_env_samples: 251.666 +/- 0.000
2025-11-17 07:40:14 INFO    |  step: 74074624, training/num_rb_samples: 4.334 +/- 0.000
2025-11-17 07:40:14 INFO    |  step: 74074624, training/rb_grad_mean_norm: 3.650 +/- 0.000
2025-11-17 07:40:14 INFO    |  step: 74074624, training/rb_grad_trvar: 42.111 +/- 0.000
2025-11-17 07:40:14 INFO    |  step: 74074624, eval/episode_reward: 262.652 +/- 0.000
2025-11-17 07:40:14 INFO    |  step: 74074624, eval/episode_success: 262.652 +/- 0.000
2025-11-17 07:40:14 INFO    |  step: 74074624, eval/episode_success_easy: 528.926 +/- 0.000
2025-11-17 07:40:14 INFO    |  step: 74074624, eval/episode_dist: 2777.540 +/- 0.000
2025-11-17 07:40:14 INFO    |  step: 74074624, eval/episode_success_any: 0.562 +/- 0.000
2025-11-17 07:40:14 INFO    |  step: 74074624, eval/episode_reward_ctrl: 0.000 +/- 0.000
2025-11-17 07:40:14 INFO    |  step: 74074624, eval/episode_reward_dist: 0.000 +/- 0.000
2025-11-17 07:40:14 INFO    |  step: 74074624, eval/episode_reward_near: 0.000 +/- 0.000
2025-11-17 07:40:14 INFO    |  step: 74074624, eval/episode_reward_survive: 0.000 +/- 0.000
2025-11-17 07:40:14 INFO    |  step: 74074624, eval/episode_success_hard: 0.000 +/- 0.000
2025-11-17 07:40:33 INFO    |  actor input shape: (10000, 31)
2025-11-17 07:40:33 INFO    |  encoder input shape: (10000, 37)
2025-11-17 07:40:33 INFO    |  encoder input shape: (10000, 2)
2025-11-17 07:40:33 INFO    |  actor input shape: (10000, 31)
2025-11-17 07:40:33 INFO    |  encoder input shape: (10000, 37)
2025-11-17 07:40:33 INFO    |  encoder input shape: (10000, 2)
2025-11-17 07:40:33 INFO    |  actor input shape: (10000, 31)
2025-11-17 07:40:33 INFO    |  encoder input shape: (10000, 37)
2025-11-17 07:40:33 INFO    |  encoder input shape: (10000, 2)
2025-11-17 07:40:34 INFO    |  Plotted visualizations at env step 74471424.0
2025-11-17 07:40:35 INFO    |  step: 74471424
2025-11-17 07:40:35 INFO    |  step: 74471424, training/sps: 19963.803 +/- 0.000
2025-11-17 07:40:35 INFO    |  step: 74471424, training/actor_loss: 1.740 +/- 0.000
2025-11-17 07:40:35 INFO    |  step: 74471424, training/adaptive_mixing: 0.010 +/- 0.000
2025-11-17 07:40:35 INFO    |  step: 74471424, training/alpha_loss: -0.000 +/- 0.000
2025-11-17 07:40:35 INFO    |  step: 74471424, training/critic_loss: 1.738 +/- 0.000
2025-11-17 07:40:35 INFO    |  step: 74471424, training/entropy: -4.003 +/- 0.000
2025-11-17 07:40:35 INFO    |  step: 74471424, training/env_grad_mean_norm: 0.467 +/- 0.000
2025-11-17 07:40:35 INFO    |  step: 74471424, training/env_grad_trvar: 49.758 +/- 0.000
2025-11-17 07:40:35 INFO    |  step: 74471424, training/env_rb_bias_squared: 20.251 +/- 0.000
2025-11-17 07:40:35 INFO    |  step: 74471424, training/log_alpha: -4.570 +/- 0.000
2025-11-17 07:40:35 INFO    |  step: 74471424, training/num_env_samples: 252.128 +/- 0.000
2025-11-17 07:40:35 INFO    |  step: 74471424, training/num_rb_samples: 3.872 +/- 0.000
2025-11-17 07:40:35 INFO    |  step: 74471424, training/rb_grad_mean_norm: 3.759 +/- 0.000
2025-11-17 07:40:35 INFO    |  step: 74471424, training/rb_grad_trvar: 38.683 +/- 0.000
2025-11-17 07:40:35 INFO    |  step: 74471424, eval/episode_reward: 295.684 +/- 0.000
2025-11-17 07:40:35 INFO    |  step: 74471424, eval/episode_success: 295.684 +/- 0.000
2025-11-17 07:40:35 INFO    |  step: 74471424, eval/episode_success_easy: 489.941 +/- 0.000
2025-11-17 07:40:35 INFO    |  step: 74471424, eval/episode_dist: 2852.512 +/- 0.000
2025-11-17 07:40:35 INFO    |  step: 74471424, eval/episode_success_any: 0.535 +/- 0.000
2025-11-17 07:40:35 INFO    |  step: 74471424, eval/episode_reward_ctrl: 0.000 +/- 0.000
2025-11-17 07:40:35 INFO    |  step: 74471424, eval/episode_reward_dist: 0.000 +/- 0.000
2025-11-17 07:40:35 INFO    |  step: 74471424, eval/episode_reward_near: 0.000 +/- 0.000
2025-11-17 07:40:35 INFO    |  step: 74471424, eval/episode_reward_survive: 0.000 +/- 0.000
2025-11-17 07:40:35 INFO    |  step: 74471424, eval/episode_success_hard: 0.000 +/- 0.000
2025-11-17 07:40:54 INFO    |  actor input shape: (10000, 31)
2025-11-17 07:40:54 INFO    |  encoder input shape: (10000, 37)
2025-11-17 07:40:54 INFO    |  encoder input shape: (10000, 2)
2025-11-17 07:40:55 INFO    |  actor input shape: (10000, 31)
2025-11-17 07:40:55 INFO    |  encoder input shape: (10000, 37)
2025-11-17 07:40:55 INFO    |  encoder input shape: (10000, 2)
2025-11-17 07:40:55 INFO    |  actor input shape: (10000, 31)
2025-11-17 07:40:55 INFO    |  encoder input shape: (10000, 37)
2025-11-17 07:40:55 INFO    |  encoder input shape: (10000, 2)
2025-11-17 07:40:55 INFO    |  Plotted visualizations at env step 74868224.0
2025-11-17 07:40:57 INFO    |  step: 74868224
2025-11-17 07:40:57 INFO    |  step: 74868224, training/sps: 19964.499 +/- 0.000
2025-11-17 07:40:57 INFO    |  step: 74868224, training/actor_loss: 1.733 +/- 0.000
2025-11-17 07:40:57 INFO    |  step: 74868224, training/adaptive_mixing: 0.025 +/- 0.000
2025-11-17 07:40:57 INFO    |  step: 74868224, training/alpha_loss: 0.000 +/- 0.000
2025-11-17 07:40:57 INFO    |  step: 74868224, training/critic_loss: 1.740 +/- 0.000
2025-11-17 07:40:57 INFO    |  step: 74868224, training/entropy: -3.999 +/- 0.000
2025-11-17 07:40:57 INFO    |  step: 74868224, training/env_grad_mean_norm: 0.467 +/- 0.000
2025-11-17 07:40:57 INFO    |  step: 74868224, training/env_grad_trvar: 49.897 +/- 0.000
2025-11-17 07:40:57 INFO    |  step: 74868224, training/env_rb_bias_squared: 27.876 +/- 0.000
2025-11-17 07:40:57 INFO    |  step: 74868224, training/log_alpha: -4.568 +/- 0.000
2025-11-17 07:40:57 INFO    |  step: 74868224, training/num_env_samples: 253.458 +/- 0.000
2025-11-17 07:40:57 INFO    |  step: 74868224, training/num_rb_samples: 2.542 +/- 0.000
2025-11-17 07:40:57 INFO    |  step: 74868224, training/rb_grad_mean_norm: 4.171 +/- 0.000
2025-11-17 07:40:57 INFO    |  step: 74868224, training/rb_grad_trvar: 28.753 +/- 0.000
2025-11-17 07:40:57 INFO    |  step: 74868224, eval/episode_reward: 351.480 +/- 0.000
2025-11-17 07:40:57 INFO    |  step: 74868224, eval/episode_success: 351.480 +/- 0.000
2025-11-17 07:40:57 INFO    |  step: 74868224, eval/episode_success_easy: 539.582 +/- 0.000
2025-11-17 07:40:57 INFO    |  step: 74868224, eval/episode_dist: 2768.536 +/- 0.000
2025-11-17 07:40:57 INFO    |  step: 74868224, eval/episode_success_any: 0.641 +/- 0.000
2025-11-17 07:40:57 INFO    |  step: 74868224, eval/episode_reward_ctrl: 0.000 +/- 0.000
2025-11-17 07:40:57 INFO    |  step: 74868224, eval/episode_reward_dist: 0.000 +/- 0.000
2025-11-17 07:40:57 INFO    |  step: 74868224, eval/episode_reward_near: 0.000 +/- 0.000
2025-11-17 07:40:57 INFO    |  step: 74868224, eval/episode_reward_survive: 0.000 +/- 0.000
2025-11-17 07:40:57 INFO    |  step: 74868224, eval/episode_success_hard: 0.000 +/- 0.000
2025-11-17 07:41:16 INFO    |  actor input shape: (10000, 31)
2025-11-17 07:41:16 INFO    |  encoder input shape: (10000, 37)
2025-11-17 07:41:16 INFO    |  encoder input shape: (10000, 2)
2025-11-17 07:41:16 INFO    |  actor input shape: (10000, 31)
2025-11-17 07:41:16 INFO    |  encoder input shape: (10000, 37)
2025-11-17 07:41:16 INFO    |  encoder input shape: (10000, 2)
2025-11-17 07:41:17 INFO    |  actor input shape: (10000, 31)
2025-11-17 07:41:17 INFO    |  encoder input shape: (10000, 37)
2025-11-17 07:41:17 INFO    |  encoder input shape: (10000, 2)
2025-11-17 07:41:17 INFO    |  Plotted visualizations at env step 75265024.0
2025-11-17 07:41:19 INFO    |  step: 75265024
2025-11-17 07:41:19 INFO    |  step: 75265024, training/sps: 20067.693 +/- 0.000
2025-11-17 07:41:19 INFO    |  step: 75265024, training/actor_loss: 1.735 +/- 0.000
2025-11-17 07:41:19 INFO    |  step: 75265024, training/adaptive_mixing: 0.057 +/- 0.000
2025-11-17 07:41:19 INFO    |  step: 75265024, training/alpha_loss: 0.000 +/- 0.000
2025-11-17 07:41:19 INFO    |  step: 75265024, training/critic_loss: 1.743 +/- 0.000
2025-11-17 07:41:19 INFO    |  step: 75265024, training/entropy: -3.998 +/- 0.000
2025-11-17 07:41:19 INFO    |  step: 75265024, training/env_grad_mean_norm: 0.468 +/- 0.000
2025-11-17 07:41:19 INFO    |  step: 75265024, training/env_grad_trvar: 49.976 +/- 0.000
2025-11-17 07:41:19 INFO    |  step: 75265024, training/env_rb_bias_squared: 24.200 +/- 0.000
2025-11-17 07:41:19 INFO    |  step: 75265024, training/log_alpha: -4.566 +/- 0.000
2025-11-17 07:41:19 INFO    |  step: 75265024, training/num_env_samples: 253.292 +/- 0.000
2025-11-17 07:41:19 INFO    |  step: 75265024, training/num_rb_samples: 2.708 +/- 0.000
2025-11-17 07:41:19 INFO    |  step: 75265024, training/rb_grad_mean_norm: 3.896 +/- 0.000
2025-11-17 07:41:19 INFO    |  step: 75265024, training/rb_grad_trvar: 26.046 +/- 0.000
2025-11-17 07:41:19 INFO    |  step: 75265024, eval/episode_reward: 243.992 +/- 0.000
2025-11-17 07:41:19 INFO    |  step: 75265024, eval/episode_success: 243.992 +/- 0.000
2025-11-17 07:41:19 INFO    |  step: 75265024, eval/episode_success_easy: 504.688 +/- 0.000
2025-11-17 07:41:19 INFO    |  step: 75265024, eval/episode_dist: 2705.963 +/- 0.000
2025-11-17 07:41:19 INFO    |  step: 75265024, eval/episode_success_any: 0.469 +/- 0.000
2025-11-17 07:41:19 INFO    |  step: 75265024, eval/episode_reward_ctrl: 0.000 +/- 0.000
2025-11-17 07:41:19 INFO    |  step: 75265024, eval/episode_reward_dist: 0.000 +/- 0.000
2025-11-17 07:41:19 INFO    |  step: 75265024, eval/episode_reward_near: 0.000 +/- 0.000
2025-11-17 07:41:19 INFO    |  step: 75265024, eval/episode_reward_survive: 0.000 +/- 0.000
2025-11-17 07:41:19 INFO    |  step: 75265024, eval/episode_success_hard: 0.000 +/- 0.000
2025-11-17 07:41:37 INFO    |  actor input shape: (10000, 31)
2025-11-17 07:41:37 INFO    |  encoder input shape: (10000, 37)
2025-11-17 07:41:37 INFO    |  encoder input shape: (10000, 2)
2025-11-17 07:41:38 INFO    |  actor input shape: (10000, 31)
2025-11-17 07:41:38 INFO    |  encoder input shape: (10000, 37)
2025-11-17 07:41:38 INFO    |  encoder input shape: (10000, 2)
2025-11-17 07:41:38 INFO    |  actor input shape: (10000, 31)
2025-11-17 07:41:38 INFO    |  encoder input shape: (10000, 37)
2025-11-17 07:41:38 INFO    |  encoder input shape: (10000, 2)
2025-11-17 07:41:38 INFO    |  Plotted visualizations at env step 75661824.0
2025-11-17 07:41:40 INFO    |  step: 75661824
2025-11-17 07:41:40 INFO    |  step: 75661824, training/sps: 20258.016 +/- 0.000
2025-11-17 07:41:40 INFO    |  step: 75661824, training/actor_loss: 1.741 +/- 0.000
2025-11-17 07:41:40 INFO    |  step: 75661824, training/adaptive_mixing: 0.022 +/- 0.000
2025-11-17 07:41:40 INFO    |  step: 75661824, training/alpha_loss: -0.000 +/- 0.000
2025-11-17 07:41:40 INFO    |  step: 75661824, training/critic_loss: 1.748 +/- 0.000
2025-11-17 07:41:40 INFO    |  step: 75661824, training/entropy: -4.001 +/- 0.000
2025-11-17 07:41:40 INFO    |  step: 75661824, training/env_grad_mean_norm: 0.464 +/- 0.000
2025-11-17 07:41:40 INFO    |  step: 75661824, training/env_grad_trvar: 48.944 +/- 0.000
2025-11-17 07:41:40 INFO    |  step: 75661824, training/env_rb_bias_squared: 16.116 +/- 0.000
2025-11-17 07:41:40 INFO    |  step: 75661824, training/log_alpha: -4.576 +/- 0.000
2025-11-17 07:41:40 INFO    |  step: 75661824, training/num_env_samples: 251.581 +/- 0.000
2025-11-17 07:41:40 INFO    |  step: 75661824, training/num_rb_samples: 4.419 +/- 0.000
2025-11-17 07:41:40 INFO    |  step: 75661824, training/rb_grad_mean_norm: 3.454 +/- 0.000
2025-11-17 07:41:40 INFO    |  step: 75661824, training/rb_grad_trvar: 38.061 +/- 0.000
2025-11-17 07:41:40 INFO    |  step: 75661824, eval/episode_reward: 293.684 +/- 0.000
2025-11-17 07:41:40 INFO    |  step: 75661824, eval/episode_success: 293.684 +/- 0.000
2025-11-17 07:41:40 INFO    |  step: 75661824, eval/episode_success_easy: 533.641 +/- 0.000
2025-11-17 07:41:40 INFO    |  step: 75661824, eval/episode_dist: 2725.029 +/- 0.000
2025-11-17 07:41:40 INFO    |  step: 75661824, eval/episode_success_any: 0.559 +/- 0.000
2025-11-17 07:41:40 INFO    |  step: 75661824, eval/episode_reward_ctrl: 0.000 +/- 0.000
2025-11-17 07:41:40 INFO    |  step: 75661824, eval/episode_reward_dist: 0.000 +/- 0.000
2025-11-17 07:41:40 INFO    |  step: 75661824, eval/episode_reward_near: 0.000 +/- 0.000
2025-11-17 07:41:40 INFO    |  step: 75661824, eval/episode_reward_survive: 0.000 +/- 0.000
2025-11-17 07:41:40 INFO    |  step: 75661824, eval/episode_success_hard: 0.000 +/- 0.000
2025-11-17 07:41:59 INFO    |  actor input shape: (10000, 31)
2025-11-17 07:41:59 INFO    |  encoder input shape: (10000, 37)
2025-11-17 07:41:59 INFO    |  encoder input shape: (10000, 2)
2025-11-17 07:41:59 INFO    |  actor input shape: (10000, 31)
2025-11-17 07:41:59 INFO    |  encoder input shape: (10000, 37)
2025-11-17 07:41:59 INFO    |  encoder input shape: (10000, 2)
2025-11-17 07:42:00 INFO    |  actor input shape: (10000, 31)
2025-11-17 07:42:00 INFO    |  encoder input shape: (10000, 37)
2025-11-17 07:42:00 INFO    |  encoder input shape: (10000, 2)
2025-11-17 07:42:00 INFO    |  Plotted visualizations at env step 76058624.0
2025-11-17 07:42:02 INFO    |  step: 76058624
2025-11-17 07:42:03 INFO    |  actor input shape: (1, 31)
2025-11-17 07:42:20 INFO    |  step: 76058624, training/sps: 20039.198 +/- 0.000
2025-11-17 07:42:20 INFO    |  step: 76058624, training/actor_loss: 1.748 +/- 0.000
2025-11-17 07:42:20 INFO    |  step: 76058624, training/adaptive_mixing: 0.006 +/- 0.000
2025-11-17 07:42:20 INFO    |  step: 76058624, training/alpha_loss: -0.000 +/- 0.000
2025-11-17 07:42:20 INFO    |  step: 76058624, training/critic_loss: 1.752 +/- 0.000
2025-11-17 07:42:20 INFO    |  step: 76058624, training/entropy: -4.001 +/- 0.000
2025-11-17 07:42:20 INFO    |  step: 76058624, training/env_grad_mean_norm: 0.469 +/- 0.000
2025-11-17 07:42:20 INFO    |  step: 76058624, training/env_grad_trvar: 50.081 +/- 0.000
2025-11-17 07:42:20 INFO    |  step: 76058624, training/env_rb_bias_squared: 14.601 +/- 0.000
2025-11-17 07:42:20 INFO    |  step: 76058624, training/log_alpha: -4.565 +/- 0.000
2025-11-17 07:42:20 INFO    |  step: 76058624, training/num_env_samples: 250.988 +/- 0.000
2025-11-17 07:42:20 INFO    |  step: 76058624, training/num_rb_samples: 5.012 +/- 0.000
2025-11-17 07:42:20 INFO    |  step: 76058624, training/rb_grad_mean_norm: 3.326 +/- 0.000
2025-11-17 07:42:20 INFO    |  step: 76058624, training/rb_grad_trvar: 41.394 +/- 0.000
2025-11-17 07:42:20 INFO    |  step: 76058624, eval/episode_reward: 304.512 +/- 0.000
2025-11-17 07:42:20 INFO    |  step: 76058624, eval/episode_success: 304.512 +/- 0.000
2025-11-17 07:42:20 INFO    |  step: 76058624, eval/episode_success_easy: 492.031 +/- 0.000
2025-11-17 07:42:20 INFO    |  step: 76058624, eval/episode_dist: 2702.931 +/- 0.000
2025-11-17 07:42:20 INFO    |  step: 76058624, eval/episode_success_any: 0.543 +/- 0.000
2025-11-17 07:42:20 INFO    |  step: 76058624, eval/episode_reward_ctrl: 0.000 +/- 0.000
2025-11-17 07:42:20 INFO    |  step: 76058624, eval/episode_reward_dist: 0.000 +/- 0.000
2025-11-17 07:42:20 INFO    |  step: 76058624, eval/episode_reward_near: 0.000 +/- 0.000
2025-11-17 07:42:20 INFO    |  step: 76058624, eval/episode_reward_survive: 0.000 +/- 0.000
2025-11-17 07:42:20 INFO    |  step: 76058624, eval/episode_success_hard: 0.000 +/- 0.000
2025-11-17 07:42:39 INFO    |  actor input shape: (10000, 31)
2025-11-17 07:42:39 INFO    |  encoder input shape: (10000, 37)
2025-11-17 07:42:39 INFO    |  encoder input shape: (10000, 2)
2025-11-17 07:42:39 INFO    |  actor input shape: (10000, 31)
2025-11-17 07:42:39 INFO    |  encoder input shape: (10000, 37)
2025-11-17 07:42:39 INFO    |  encoder input shape: (10000, 2)
2025-11-17 07:42:39 INFO    |  actor input shape: (10000, 31)
2025-11-17 07:42:39 INFO    |  encoder input shape: (10000, 37)
2025-11-17 07:42:39 INFO    |  encoder input shape: (10000, 2)
2025-11-17 07:42:40 INFO    |  Plotted visualizations at env step 76455424.0
2025-11-17 07:42:41 INFO    |  step: 76455424
2025-11-17 07:42:41 INFO    |  step: 76455424, training/sps: 19940.940 +/- 0.000
2025-11-17 07:42:41 INFO    |  step: 76455424, training/actor_loss: 1.747 +/- 0.000
2025-11-17 07:42:41 INFO    |  step: 76455424, training/adaptive_mixing: 0.004 +/- 0.000
2025-11-17 07:42:41 INFO    |  step: 76455424, training/alpha_loss: 0.000 +/- 0.000
2025-11-17 07:42:42 INFO    |  step: 76455424, training/critic_loss: 1.754 +/- 0.000
2025-11-17 07:42:42 INFO    |  step: 76455424, training/entropy: -4.000 +/- 0.000
2025-11-17 07:42:42 INFO    |  step: 76455424, training/env_grad_mean_norm: 0.471 +/- 0.000
2025-11-17 07:42:42 INFO    |  step: 76455424, training/env_grad_trvar: 50.563 +/- 0.000
2025-11-17 07:42:42 INFO    |  step: 76455424, training/env_rb_bias_squared: 14.206 +/- 0.000
2025-11-17 07:42:42 INFO    |  step: 76455424, training/log_alpha: -4.569 +/- 0.000
2025-11-17 07:42:42 INFO    |  step: 76455424, training/num_env_samples: 250.708 +/- 0.000
2025-11-17 07:42:42 INFO    |  step: 76455424, training/num_rb_samples: 5.292 +/- 0.000
2025-11-17 07:42:42 INFO    |  step: 76455424, training/rb_grad_mean_norm: 3.289 +/- 0.000
2025-11-17 07:42:42 INFO    |  step: 76455424, training/rb_grad_trvar: 43.738 +/- 0.000
2025-11-17 07:42:42 INFO    |  step: 76455424, eval/episode_reward: 341.645 +/- 0.000
2025-11-17 07:42:42 INFO    |  step: 76455424, eval/episode_success: 341.645 +/- 0.000
2025-11-17 07:42:42 INFO    |  step: 76455424, eval/episode_success_easy: 561.270 +/- 0.000
2025-11-17 07:42:42 INFO    |  step: 76455424, eval/episode_dist: 2597.219 +/- 0.000
2025-11-17 07:42:42 INFO    |  step: 76455424, eval/episode_success_any: 0.652 +/- 0.000
2025-11-17 07:42:42 INFO    |  step: 76455424, eval/episode_reward_ctrl: 0.000 +/- 0.000
2025-11-17 07:42:42 INFO    |  step: 76455424, eval/episode_reward_dist: 0.000 +/- 0.000
2025-11-17 07:42:42 INFO    |  step: 76455424, eval/episode_reward_near: 0.000 +/- 0.000
2025-11-17 07:42:42 INFO    |  step: 76455424, eval/episode_reward_survive: 0.000 +/- 0.000
2025-11-17 07:42:42 INFO    |  step: 76455424, eval/episode_success_hard: 0.000 +/- 0.000
2025-11-17 07:43:01 INFO    |  actor input shape: (10000, 31)
2025-11-17 07:43:01 INFO    |  encoder input shape: (10000, 37)
2025-11-17 07:43:01 INFO    |  encoder input shape: (10000, 2)
2025-11-17 07:43:01 INFO    |  actor input shape: (10000, 31)
2025-11-17 07:43:01 INFO    |  encoder input shape: (10000, 37)
2025-11-17 07:43:01 INFO    |  encoder input shape: (10000, 2)
2025-11-17 07:43:01 INFO    |  actor input shape: (10000, 31)
2025-11-17 07:43:01 INFO    |  encoder input shape: (10000, 37)
2025-11-17 07:43:01 INFO    |  encoder input shape: (10000, 2)
2025-11-17 07:43:01 INFO    |  Plotted visualizations at env step 76852224.0
2025-11-17 07:43:03 INFO    |  step: 76852224
2025-11-17 07:43:03 INFO    |  step: 76852224, training/sps: 19908.429 +/- 0.000
2025-11-17 07:43:03 INFO    |  step: 76852224, training/actor_loss: 1.749 +/- 0.000
2025-11-17 07:43:03 INFO    |  step: 76852224, training/adaptive_mixing: 0.005 +/- 0.000
2025-11-17 07:43:03 INFO    |  step: 76852224, training/alpha_loss: 0.000 +/- 0.000
2025-11-17 07:43:03 INFO    |  step: 76852224, training/critic_loss: 1.754 +/- 0.000
2025-11-17 07:43:03 INFO    |  step: 76852224, training/entropy: -3.998 +/- 0.000
2025-11-17 07:43:03 INFO    |  step: 76852224, training/env_grad_mean_norm: 0.470 +/- 0.000
2025-11-17 07:43:03 INFO    |  step: 76852224, training/env_grad_trvar: 50.369 +/- 0.000
2025-11-17 07:43:03 INFO    |  step: 76852224, training/env_rb_bias_squared: 14.177 +/- 0.000
2025-11-17 07:43:03 INFO    |  step: 76852224, training/log_alpha: -4.565 +/- 0.000
2025-11-17 07:43:03 INFO    |  step: 76852224, training/num_env_samples: 250.931 +/- 0.000
2025-11-17 07:43:03 INFO    |  step: 76852224, training/num_rb_samples: 5.069 +/- 0.000
2025-11-17 07:43:03 INFO    |  step: 76852224, training/rb_grad_mean_norm: 3.282 +/- 0.000
2025-11-17 07:43:03 INFO    |  step: 76852224, training/rb_grad_trvar: 40.635 +/- 0.000
2025-11-17 07:43:03 INFO    |  step: 76852224, eval/episode_reward: 275.578 +/- 0.000
2025-11-17 07:43:03 INFO    |  step: 76852224, eval/episode_success: 275.578 +/- 0.000
2025-11-17 07:43:03 INFO    |  step: 76852224, eval/episode_success_easy: 545.617 +/- 0.000
2025-11-17 07:43:03 INFO    |  step: 76852224, eval/episode_dist: 2354.445 +/- 0.000
2025-11-17 07:43:03 INFO    |  step: 76852224, eval/episode_success_any: 0.578 +/- 0.000
2025-11-17 07:43:03 INFO    |  step: 76852224, eval/episode_reward_ctrl: 0.000 +/- 0.000
2025-11-17 07:43:03 INFO    |  step: 76852224, eval/episode_reward_dist: 0.000 +/- 0.000
2025-11-17 07:43:03 INFO    |  step: 76852224, eval/episode_reward_near: 0.000 +/- 0.000
2025-11-17 07:43:03 INFO    |  step: 76852224, eval/episode_reward_survive: 0.000 +/- 0.000
2025-11-17 07:43:03 INFO    |  step: 76852224, eval/episode_success_hard: 0.000 +/- 0.000
2025-11-17 07:43:22 INFO    |  actor input shape: (10000, 31)
2025-11-17 07:43:22 INFO    |  encoder input shape: (10000, 37)
2025-11-17 07:43:22 INFO    |  encoder input shape: (10000, 2)
2025-11-17 07:43:23 INFO    |  actor input shape: (10000, 31)
2025-11-17 07:43:23 INFO    |  encoder input shape: (10000, 37)
2025-11-17 07:43:23 INFO    |  encoder input shape: (10000, 2)
2025-11-17 07:43:23 INFO    |  actor input shape: (10000, 31)
2025-11-17 07:43:23 INFO    |  encoder input shape: (10000, 37)
2025-11-17 07:43:23 INFO    |  encoder input shape: (10000, 2)
2025-11-17 07:43:23 INFO    |  Plotted visualizations at env step 77249024.0
2025-11-17 07:43:25 INFO    |  step: 77249024
2025-11-17 07:43:25 INFO    |  step: 77249024, training/sps: 19923.871 +/- 0.000
2025-11-17 07:43:25 INFO    |  step: 77249024, training/actor_loss: 1.751 +/- 0.000
2025-11-17 07:43:25 INFO    |  step: 77249024, training/adaptive_mixing: 0.005 +/- 0.000
2025-11-17 07:43:25 INFO    |  step: 77249024, training/alpha_loss: -0.000 +/- 0.000
2025-11-17 07:43:25 INFO    |  step: 77249024, training/critic_loss: 1.754 +/- 0.000
2025-11-17 07:43:25 INFO    |  step: 77249024, training/entropy: -4.002 +/- 0.000
2025-11-17 07:43:25 INFO    |  step: 77249024, training/env_grad_mean_norm: 0.470 +/- 0.000
2025-11-17 07:43:25 INFO    |  step: 77249024, training/env_grad_trvar: 50.544 +/- 0.000
2025-11-17 07:43:25 INFO    |  step: 77249024, training/env_rb_bias_squared: 15.823 +/- 0.000
2025-11-17 07:43:25 INFO    |  step: 77249024, training/log_alpha: -4.556 +/- 0.000
2025-11-17 07:43:25 INFO    |  step: 77249024, training/num_env_samples: 251.217 +/- 0.000
2025-11-17 07:43:25 INFO    |  step: 77249024, training/num_rb_samples: 4.783 +/- 0.000
2025-11-17 07:43:25 INFO    |  step: 77249024, training/rb_grad_mean_norm: 3.442 +/- 0.000
2025-11-17 07:43:25 INFO    |  step: 77249024, training/rb_grad_trvar: 41.619 +/- 0.000
2025-11-17 07:43:25 INFO    |  step: 77249024, eval/episode_reward: 283.266 +/- 0.000
2025-11-17 07:43:25 INFO    |  step: 77249024, eval/episode_success: 283.266 +/- 0.000
2025-11-17 07:43:25 INFO    |  step: 77249024, eval/episode_success_easy: 514.012 +/- 0.000
2025-11-17 07:43:25 INFO    |  step: 77249024, eval/episode_dist: 2525.106 +/- 0.000
2025-11-17 07:43:25 INFO    |  step: 77249024, eval/episode_success_any: 0.523 +/- 0.000
2025-11-17 07:43:25 INFO    |  step: 77249024, eval/episode_reward_ctrl: 0.000 +/- 0.000
2025-11-17 07:43:25 INFO    |  step: 77249024, eval/episode_reward_dist: 0.000 +/- 0.000
2025-11-17 07:43:25 INFO    |  step: 77249024, eval/episode_reward_near: 0.000 +/- 0.000
2025-11-17 07:43:25 INFO    |  step: 77249024, eval/episode_reward_survive: 0.000 +/- 0.000
2025-11-17 07:43:25 INFO    |  step: 77249024, eval/episode_success_hard: 0.000 +/- 0.000
2025-11-17 07:43:44 INFO    |  actor input shape: (10000, 31)
2025-11-17 07:43:44 INFO    |  encoder input shape: (10000, 37)
2025-11-17 07:43:44 INFO    |  encoder input shape: (10000, 2)
2025-11-17 07:43:44 INFO    |  actor input shape: (10000, 31)
2025-11-17 07:43:44 INFO    |  encoder input shape: (10000, 37)
2025-11-17 07:43:44 INFO    |  encoder input shape: (10000, 2)
2025-11-17 07:43:45 INFO    |  actor input shape: (10000, 31)
2025-11-17 07:43:45 INFO    |  encoder input shape: (10000, 37)
2025-11-17 07:43:45 INFO    |  encoder input shape: (10000, 2)
2025-11-17 07:43:47 INFO    |  Plotted visualizations at env step 77645824.0
2025-11-17 07:43:49 INFO    |  step: 77645824
2025-11-17 07:43:49 INFO    |  step: 77645824, training/sps: 17988.274 +/- 0.000
2025-11-17 07:43:49 INFO    |  step: 77645824, training/actor_loss: 1.740 +/- 0.000
2025-11-17 07:43:49 INFO    |  step: 77645824, training/adaptive_mixing: 0.022 +/- 0.000
2025-11-17 07:43:49 INFO    |  step: 77645824, training/alpha_loss: 0.000 +/- 0.000
2025-11-17 07:43:49 INFO    |  step: 77645824, training/critic_loss: 1.743 +/- 0.000
2025-11-17 07:43:49 INFO    |  step: 77645824, training/entropy: -3.998 +/- 0.000
2025-11-17 07:43:49 INFO    |  step: 77645824, training/env_grad_mean_norm: 0.472 +/- 0.000
2025-11-17 07:43:49 INFO    |  step: 77645824, training/env_grad_trvar: 51.097 +/- 0.000
2025-11-17 07:43:49 INFO    |  step: 77645824, training/env_rb_bias_squared: 23.048 +/- 0.000
2025-11-17 07:43:49 INFO    |  step: 77645824, training/log_alpha: -4.558 +/- 0.000
2025-11-17 07:43:49 INFO    |  step: 77645824, training/num_env_samples: 252.733 +/- 0.000
2025-11-17 07:43:49 INFO    |  step: 77645824, training/num_rb_samples: 3.267 +/- 0.000
2025-11-17 07:43:49 INFO    |  step: 77645824, training/rb_grad_mean_norm: 3.962 +/- 0.000
2025-11-17 07:43:49 INFO    |  step: 77645824, training/rb_grad_trvar: 33.449 +/- 0.000
2025-11-17 07:43:49 INFO    |  step: 77645824, eval/episode_reward: 274.191 +/- 0.000
2025-11-17 07:43:49 INFO    |  step: 77645824, eval/episode_success: 274.191 +/- 0.000
2025-11-17 07:43:49 INFO    |  step: 77645824, eval/episode_success_easy: 481.957 +/- 0.000
2025-11-17 07:43:49 INFO    |  step: 77645824, eval/episode_dist: 2669.908 +/- 0.000
2025-11-17 07:43:49 INFO    |  step: 77645824, eval/episode_success_any: 0.559 +/- 0.000
2025-11-17 07:43:49 INFO    |  step: 77645824, eval/episode_reward_ctrl: 0.000 +/- 0.000
2025-11-17 07:43:49 INFO    |  step: 77645824, eval/episode_reward_dist: 0.000 +/- 0.000
2025-11-17 07:43:49 INFO    |  step: 77645824, eval/episode_reward_near: 0.000 +/- 0.000
2025-11-17 07:43:49 INFO    |  step: 77645824, eval/episode_reward_survive: 0.000 +/- 0.000
2025-11-17 07:43:49 INFO    |  step: 77645824, eval/episode_success_hard: 0.000 +/- 0.000
2025-11-17 07:44:08 INFO    |  actor input shape: (10000, 31)
2025-11-17 07:44:08 INFO    |  encoder input shape: (10000, 37)
2025-11-17 07:44:08 INFO    |  encoder input shape: (10000, 2)
2025-11-17 07:44:08 INFO    |  actor input shape: (10000, 31)
2025-11-17 07:44:08 INFO    |  encoder input shape: (10000, 37)
2025-11-17 07:44:08 INFO    |  encoder input shape: (10000, 2)
2025-11-17 07:44:08 INFO    |  actor input shape: (10000, 31)
2025-11-17 07:44:08 INFO    |  encoder input shape: (10000, 37)
2025-11-17 07:44:08 INFO    |  encoder input shape: (10000, 2)
2025-11-17 07:44:08 INFO    |  Plotted visualizations at env step 78042624.0
2025-11-17 07:44:10 INFO    |  step: 78042624
2025-11-17 07:44:12 INFO    |  actor input shape: (1, 31)
2025-11-17 07:44:28 INFO    |  step: 78042624, training/sps: 20226.872 +/- 0.000
2025-11-17 07:44:28 INFO    |  step: 78042624, training/actor_loss: 1.743 +/- 0.000
2025-11-17 07:44:28 INFO    |  step: 78042624, training/adaptive_mixing: 0.061 +/- 0.000
2025-11-17 07:44:28 INFO    |  step: 78042624, training/alpha_loss: -0.000 +/- 0.000
2025-11-17 07:44:28 INFO    |  step: 78042624, training/critic_loss: 1.746 +/- 0.000
2025-11-17 07:44:28 INFO    |  step: 78042624, training/entropy: -4.001 +/- 0.000
2025-11-17 07:44:28 INFO    |  step: 78042624, training/env_grad_mean_norm: 0.468 +/- 0.000
2025-11-17 07:44:28 INFO    |  step: 78042624, training/env_grad_trvar: 50.190 +/- 0.000
2025-11-17 07:44:28 INFO    |  step: 78042624, training/env_rb_bias_squared: 22.181 +/- 0.000
2025-11-17 07:44:28 INFO    |  step: 78042624, training/log_alpha: -4.556 +/- 0.000
2025-11-17 07:44:28 INFO    |  step: 78042624, training/num_env_samples: 252.450 +/- 0.000
2025-11-17 07:44:28 INFO    |  step: 78042624, training/num_rb_samples: 3.550 +/- 0.000
2025-11-17 07:44:28 INFO    |  step: 78042624, training/rb_grad_mean_norm: 3.870 +/- 0.000
2025-11-17 07:44:28 INFO    |  step: 78042624, training/rb_grad_trvar: 34.753 +/- 0.000
2025-11-17 07:44:28 INFO    |  step: 78042624, eval/episode_reward: 306.703 +/- 0.000
2025-11-17 07:44:28 INFO    |  step: 78042624, eval/episode_success: 306.703 +/- 0.000
2025-11-17 07:44:28 INFO    |  step: 78042624, eval/episode_success_easy: 575.602 +/- 0.000
2025-11-17 07:44:28 INFO    |  step: 78042624, eval/episode_dist: 2507.308 +/- 0.000
2025-11-17 07:44:28 INFO    |  step: 78042624, eval/episode_success_any: 0.590 +/- 0.000
2025-11-17 07:44:28 INFO    |  step: 78042624, eval/episode_reward_ctrl: 0.000 +/- 0.000
2025-11-17 07:44:28 INFO    |  step: 78042624, eval/episode_reward_dist: 0.000 +/- 0.000
2025-11-17 07:44:28 INFO    |  step: 78042624, eval/episode_reward_near: 0.000 +/- 0.000
2025-11-17 07:44:28 INFO    |  step: 78042624, eval/episode_reward_survive: 0.000 +/- 0.000
2025-11-17 07:44:28 INFO    |  step: 78042624, eval/episode_success_hard: 0.000 +/- 0.000
2025-11-17 07:44:47 INFO    |  actor input shape: (10000, 31)
2025-11-17 07:44:47 INFO    |  encoder input shape: (10000, 37)
2025-11-17 07:44:47 INFO    |  encoder input shape: (10000, 2)
2025-11-17 07:44:48 INFO    |  actor input shape: (10000, 31)
2025-11-17 07:44:48 INFO    |  encoder input shape: (10000, 37)
2025-11-17 07:44:48 INFO    |  encoder input shape: (10000, 2)
2025-11-17 07:44:48 INFO    |  actor input shape: (10000, 31)
2025-11-17 07:44:48 INFO    |  encoder input shape: (10000, 37)
2025-11-17 07:44:48 INFO    |  encoder input shape: (10000, 2)
2025-11-17 07:44:48 INFO    |  Plotted visualizations at env step 78439424.0
2025-11-17 07:44:50 INFO    |  step: 78439424
2025-11-17 07:44:50 INFO    |  step: 78439424, training/sps: 19878.025 +/- 0.000
2025-11-17 07:44:50 INFO    |  step: 78439424, training/actor_loss: 1.748 +/- 0.000
2025-11-17 07:44:50 INFO    |  step: 78439424, training/adaptive_mixing: 0.007 +/- 0.000
2025-11-17 07:44:50 INFO    |  step: 78439424, training/alpha_loss: -0.000 +/- 0.000
2025-11-17 07:44:50 INFO    |  step: 78439424, training/critic_loss: 1.751 +/- 0.000
2025-11-17 07:44:50 INFO    |  step: 78439424, training/entropy: -4.001 +/- 0.000
2025-11-17 07:44:50 INFO    |  step: 78439424, training/env_grad_mean_norm: 0.469 +/- 0.000
2025-11-17 07:44:50 INFO    |  step: 78439424, training/env_grad_trvar: 50.074 +/- 0.000
2025-11-17 07:44:50 INFO    |  step: 78439424, training/env_rb_bias_squared: 16.000 +/- 0.000
2025-11-17 07:44:50 INFO    |  step: 78439424, training/log_alpha: -4.557 +/- 0.000
2025-11-17 07:44:50 INFO    |  step: 78439424, training/num_env_samples: 251.212 +/- 0.000
2025-11-17 07:44:50 INFO    |  step: 78439424, training/num_rb_samples: 4.788 +/- 0.000
2025-11-17 07:44:50 INFO    |  step: 78439424, training/rb_grad_mean_norm: 3.414 +/- 0.000
2025-11-17 07:44:50 INFO    |  step: 78439424, training/rb_grad_trvar: 42.359 +/- 0.000
2025-11-17 07:44:50 INFO    |  step: 78439424, eval/episode_reward: 289.750 +/- 0.000
2025-11-17 07:44:50 INFO    |  step: 78439424, eval/episode_success: 289.750 +/- 0.000
2025-11-17 07:44:50 INFO    |  step: 78439424, eval/episode_success_easy: 515.121 +/- 0.000
2025-11-17 07:44:50 INFO    |  step: 78439424, eval/episode_dist: 2879.454 +/- 0.000
2025-11-17 07:44:50 INFO    |  step: 78439424, eval/episode_success_any: 0.531 +/- 0.000
2025-11-17 07:44:50 INFO    |  step: 78439424, eval/episode_reward_ctrl: 0.000 +/- 0.000
2025-11-17 07:44:50 INFO    |  step: 78439424, eval/episode_reward_dist: 0.000 +/- 0.000
2025-11-17 07:44:50 INFO    |  step: 78439424, eval/episode_reward_near: 0.000 +/- 0.000
2025-11-17 07:44:50 INFO    |  step: 78439424, eval/episode_reward_survive: 0.000 +/- 0.000
2025-11-17 07:44:50 INFO    |  step: 78439424, eval/episode_success_hard: 0.000 +/- 0.000
2025-11-17 07:45:09 INFO    |  actor input shape: (10000, 31)
2025-11-17 07:45:09 INFO    |  encoder input shape: (10000, 37)
2025-11-17 07:45:09 INFO    |  encoder input shape: (10000, 2)
2025-11-17 07:45:09 INFO    |  actor input shape: (10000, 31)
2025-11-17 07:45:09 INFO    |  encoder input shape: (10000, 37)
2025-11-17 07:45:09 INFO    |  encoder input shape: (10000, 2)
2025-11-17 07:45:10 INFO    |  actor input shape: (10000, 31)
2025-11-17 07:45:10 INFO    |  encoder input shape: (10000, 37)
2025-11-17 07:45:10 INFO    |  encoder input shape: (10000, 2)
2025-11-17 07:45:10 INFO    |  Plotted visualizations at env step 78836224.0
2025-11-17 07:45:12 INFO    |  step: 78836224
2025-11-17 07:45:12 INFO    |  step: 78836224, training/sps: 19918.282 +/- 0.000
2025-11-17 07:45:12 INFO    |  step: 78836224, training/actor_loss: 1.749 +/- 0.000
2025-11-17 07:45:12 INFO    |  step: 78836224, training/adaptive_mixing: 0.006 +/- 0.000
2025-11-17 07:45:12 INFO    |  step: 78836224, training/alpha_loss: 0.000 +/- 0.000
2025-11-17 07:45:12 INFO    |  step: 78836224, training/critic_loss: 1.755 +/- 0.000
2025-11-17 07:45:12 INFO    |  step: 78836224, training/entropy: -3.998 +/- 0.000
2025-11-17 07:45:12 INFO    |  step: 78836224, training/env_grad_mean_norm: 0.468 +/- 0.000
2025-11-17 07:45:12 INFO    |  step: 78836224, training/env_grad_trvar: 49.885 +/- 0.000
2025-11-17 07:45:12 INFO    |  step: 78836224, training/env_rb_bias_squared: 16.953 +/- 0.000
2025-11-17 07:45:12 INFO    |  step: 78836224, training/log_alpha: -4.561 +/- 0.000
2025-11-17 07:45:12 INFO    |  step: 78836224, training/num_env_samples: 251.347 +/- 0.000
2025-11-17 07:45:12 INFO    |  step: 78836224, training/num_rb_samples: 4.653 +/- 0.000
2025-11-17 07:45:12 INFO    |  step: 78836224, training/rb_grad_mean_norm: 3.495 +/- 0.000
2025-11-17 07:45:12 INFO    |  step: 78836224, training/rb_grad_trvar: 42.795 +/- 0.000
2025-11-17 07:45:12 INFO    |  step: 78836224, eval/episode_reward: 283.652 +/- 0.000
2025-11-17 07:45:12 INFO    |  step: 78836224, eval/episode_success: 283.652 +/- 0.000
2025-11-17 07:45:12 INFO    |  step: 78836224, eval/episode_success_easy: 513.395 +/- 0.000
2025-11-17 07:45:12 INFO    |  step: 78836224, eval/episode_dist: 2851.290 +/- 0.000
2025-11-17 07:45:12 INFO    |  step: 78836224, eval/episode_success_any: 0.562 +/- 0.000
2025-11-17 07:45:12 INFO    |  step: 78836224, eval/episode_reward_ctrl: 0.000 +/- 0.000
2025-11-17 07:45:12 INFO    |  step: 78836224, eval/episode_reward_dist: 0.000 +/- 0.000
2025-11-17 07:45:12 INFO    |  step: 78836224, eval/episode_reward_near: 0.000 +/- 0.000
2025-11-17 07:45:12 INFO    |  step: 78836224, eval/episode_reward_survive: 0.000 +/- 0.000
2025-11-17 07:45:12 INFO    |  step: 78836224, eval/episode_success_hard: 0.000 +/- 0.000
2025-11-17 07:45:31 INFO    |  actor input shape: (10000, 31)
2025-11-17 07:45:31 INFO    |  encoder input shape: (10000, 37)
2025-11-17 07:45:31 INFO    |  encoder input shape: (10000, 2)
2025-11-17 07:45:31 INFO    |  actor input shape: (10000, 31)
2025-11-17 07:45:31 INFO    |  encoder input shape: (10000, 37)
2025-11-17 07:45:31 INFO    |  encoder input shape: (10000, 2)
2025-11-17 07:45:31 INFO    |  actor input shape: (10000, 31)
2025-11-17 07:45:31 INFO    |  encoder input shape: (10000, 37)
2025-11-17 07:45:31 INFO    |  encoder input shape: (10000, 2)
2025-11-17 07:45:32 INFO    |  Plotted visualizations at env step 79233024.0
2025-11-17 07:45:33 INFO    |  step: 79233024
2025-11-17 07:45:33 INFO    |  step: 79233024, training/sps: 19941.773 +/- 0.000
2025-11-17 07:45:33 INFO    |  step: 79233024, training/actor_loss: 1.744 +/- 0.000
2025-11-17 07:45:33 INFO    |  step: 79233024, training/adaptive_mixing: 0.024 +/- 0.000
2025-11-17 07:45:33 INFO    |  step: 79233024, training/alpha_loss: 0.000 +/- 0.000
2025-11-17 07:45:33 INFO    |  step: 79233024, training/critic_loss: 1.744 +/- 0.000
2025-11-17 07:45:33 INFO    |  step: 79233024, training/entropy: -3.998 +/- 0.000
2025-11-17 07:45:33 INFO    |  step: 79233024, training/env_grad_mean_norm: 0.470 +/- 0.000
2025-11-17 07:45:33 INFO    |  step: 79233024, training/env_grad_trvar: 50.388 +/- 0.000
2025-11-17 07:45:33 INFO    |  step: 79233024, training/env_rb_bias_squared: 14.748 +/- 0.000
2025-11-17 07:45:33 INFO    |  step: 79233024, training/log_alpha: -4.573 +/- 0.000
2025-11-17 07:45:33 INFO    |  step: 79233024, training/num_env_samples: 250.708 +/- 0.000
2025-11-17 07:45:33 INFO    |  step: 79233024, training/num_rb_samples: 5.292 +/- 0.000
2025-11-17 07:45:33 INFO    |  step: 79233024, training/rb_grad_mean_norm: 3.308 +/- 0.000
2025-11-17 07:45:33 INFO    |  step: 79233024, training/rb_grad_trvar: 45.440 +/- 0.000
2025-11-17 07:45:33 INFO    |  step: 79233024, eval/episode_reward: 307.684 +/- 0.000
2025-11-17 07:45:33 INFO    |  step: 79233024, eval/episode_success: 307.684 +/- 0.000
2025-11-17 07:45:33 INFO    |  step: 79233024, eval/episode_success_easy: 543.766 +/- 0.000
2025-11-17 07:45:33 INFO    |  step: 79233024, eval/episode_dist: 2422.933 +/- 0.000
2025-11-17 07:45:33 INFO    |  step: 79233024, eval/episode_success_any: 0.578 +/- 0.000
2025-11-17 07:45:33 INFO    |  step: 79233024, eval/episode_reward_ctrl: 0.000 +/- 0.000
2025-11-17 07:45:33 INFO    |  step: 79233024, eval/episode_reward_dist: 0.000 +/- 0.000
2025-11-17 07:45:33 INFO    |  step: 79233024, eval/episode_reward_near: 0.000 +/- 0.000
2025-11-17 07:45:33 INFO    |  step: 79233024, eval/episode_reward_survive: 0.000 +/- 0.000
2025-11-17 07:45:33 INFO    |  step: 79233024, eval/episode_success_hard: 0.000 +/- 0.000
2025-11-17 07:45:52 INFO    |  actor input shape: (10000, 31)
2025-11-17 07:45:52 INFO    |  encoder input shape: (10000, 37)
2025-11-17 07:45:52 INFO    |  encoder input shape: (10000, 2)
2025-11-17 07:45:53 INFO    |  actor input shape: (10000, 31)
2025-11-17 07:45:53 INFO    |  encoder input shape: (10000, 37)
2025-11-17 07:45:53 INFO    |  encoder input shape: (10000, 2)
2025-11-17 07:45:53 INFO    |  actor input shape: (10000, 31)
2025-11-17 07:45:53 INFO    |  encoder input shape: (10000, 37)
2025-11-17 07:45:53 INFO    |  encoder input shape: (10000, 2)
2025-11-17 07:45:53 INFO    |  Plotted visualizations at env step 79629824.0
2025-11-17 07:45:55 INFO    |  step: 79629824
2025-11-17 07:45:55 INFO    |  step: 79629824, training/sps: 20015.450 +/- 0.000
2025-11-17 07:45:55 INFO    |  step: 79629824, training/actor_loss: 1.751 +/- 0.000
2025-11-17 07:45:55 INFO    |  step: 79629824, training/adaptive_mixing: 0.006 +/- 0.000
2025-11-17 07:45:55 INFO    |  step: 79629824, training/alpha_loss: 0.000 +/- 0.000
2025-11-17 07:45:55 INFO    |  step: 79629824, training/critic_loss: 1.749 +/- 0.000
2025-11-17 07:45:55 INFO    |  step: 79629824, training/entropy: -4.000 +/- 0.000
2025-11-17 07:45:55 INFO    |  step: 79629824, training/env_grad_mean_norm: 0.471 +/- 0.000
2025-11-17 07:45:55 INFO    |  step: 79629824, training/env_grad_trvar: 50.477 +/- 0.000
2025-11-17 07:45:55 INFO    |  step: 79629824, training/env_rb_bias_squared: 12.699 +/- 0.000
2025-11-17 07:45:55 INFO    |  step: 79629824, training/log_alpha: -4.571 +/- 0.000
2025-11-17 07:45:55 INFO    |  step: 79629824, training/num_env_samples: 250.137 +/- 0.000
2025-11-17 07:45:55 INFO    |  step: 79629824, training/num_rb_samples: 5.863 +/- 0.000
2025-11-17 07:45:55 INFO    |  step: 79629824, training/rb_grad_mean_norm: 3.140 +/- 0.000
2025-11-17 07:45:55 INFO    |  step: 79629824, training/rb_grad_trvar: 46.329 +/- 0.000
2025-11-17 07:45:55 INFO    |  step: 79629824, eval/episode_reward: 313.379 +/- 0.000
2025-11-17 07:45:55 INFO    |  step: 79629824, eval/episode_success: 313.379 +/- 0.000
2025-11-17 07:45:55 INFO    |  step: 79629824, eval/episode_success_easy: 561.551 +/- 0.000
2025-11-17 07:45:55 INFO    |  step: 79629824, eval/episode_dist: 2820.346 +/- 0.000
2025-11-17 07:45:55 INFO    |  step: 79629824, eval/episode_success_any: 0.613 +/- 0.000
2025-11-17 07:45:55 INFO    |  step: 79629824, eval/episode_reward_ctrl: 0.000 +/- 0.000
2025-11-17 07:45:55 INFO    |  step: 79629824, eval/episode_reward_dist: 0.000 +/- 0.000
2025-11-17 07:45:55 INFO    |  step: 79629824, eval/episode_reward_near: 0.000 +/- 0.000
2025-11-17 07:45:55 INFO    |  step: 79629824, eval/episode_reward_survive: 0.000 +/- 0.000
2025-11-17 07:45:55 INFO    |  step: 79629824, eval/episode_success_hard: 0.000 +/- 0.000
2025-11-17 07:45:55 INFO    |  total steps: 79629824
[1;34mwandb[0m: 
[1;34mwandb[0m: 🚀 View run [33mrun[0m at: [34m[0m
[1;34mwandb[0m: Find logs at: [1;35mwandb/run-20251117_061821-2n5mqbv6/logs[0m
